energy,zcr,spectral_flatness,spectral_centroid,label
0.000328,0.3293,0.6579,2817.6,0
0.018449,0.0569,0.1008,1293.2,1
0.068776,0.165,0.2837,1580.9,1
0.035955,0.0446,0.4755,807.9,1
0.000234,0.3118,0.7091,2545.3,0
0.001222,0.2807,0.6436,2533.0,0
0.000333,0.3889,0.8185,2584.8,0
0.051002,0.1011,0.1628,1085.5,1
0.031805,0.0952,0.081,1102.1,1
0.028414,0.1288,0.0627,1411.7,1
0.000359,0.429,0.7317,2646.3,0
0.048959,0.116,0.0744,1643.5,1
0.075875,0.1313,0.268,709.3,1
0.000484,0.345,0.8561,2276.7,0
0.001134,0.3298,0.8204,2473.7,0
0.000481,0.3334,0.6521,2745.1,0
0.000217,0.4828,0.6915,2852.9,0
0.040737,0.1835,0.3214,1022.4,1
0.002577,0.2914,0.7161,2299.3,0
0.000703,0.385,0.6567,2913.4,0
0.033794,0.1603,0.0762,1161.5,1
0.001039,0.4755,0.8,3128.3,0
0.000636,0.2669,0.8337,3449.6,0
0.001054,0.4297,0.7666,3158.6,0
0.010508,0.0968,0.3817,1148.6,1
0.044283,0.1251,0.0725,957.8,1
0.000684,0.4845,0.8191,3747.5,0
0.048345,0.1222,0.1567,1256.7,1
0.069065,0.0717,0.2143,1190.1,1
0.001108,0.263,0.8822,2750.2,0
0.064225,0.166,0.2584,1600.5,1
0.000391,0.3073,0.7847,2608.2,0
0.001145,0.2686,0.9675,2555.0,0
0.077425,0.0988,0.152,818.7,1
0.109384,0.1113,0.2408,716.9,1
0.039558,0.1275,0.2808,1392.7,1
0.002511,0.3755,0.6569,3232.0,0
0.000246,0.3677,0.7766,2954.0,0
0.056587,0.1398,0.1555,1896.3,1
0.001272,0.4314,0.8787,2788.9,0
0.001272,0.4526,0.8032,2881.3,0
0.087066,0.0454,0.0404,1090.6,1
0.001403,0.4032,0.7309,3364.2,0
0.039297,0.1156,0.0627,1296.1,1
0.000536,0.4709,0.9092,3118.5,0
0.020204,0.0768,0.0507,1379.3,1
0.000131,0.1912,0.6853,3558.6,0
0.021002,0.1818,0.2609,923.5,1
0.027592,0.1888,0.2155,1395.5,1
0.001303,0.4269,0.6158,2422.9,0
0.099606,0.1648,0.2305,1009.5,1
0.043047,0.1062,0.0768,939.5,1
0.022246,0.1429,0.1985,945.9,1
0.045211,0.1411,0.2135,1243.4,1
0.052078,0.087,0.3026,1116.6,1
0.072178,0.1269,0.178,1305.6,1
0.000521,0.466,0.8664,2717.4,0
0.002431,0.3512,0.7938,3077.7,0
0.000278,0.3582,0.9369,2866.2,0
0.000479,0.433,0.899,2968.5,0
0.000791,0.4419,0.9036,3254.5,0
0.001595,0.3454,0.6679,2889.5,0
0.0276,0.1491,0.3663,1256.3,1
0.000337,0.3535,0.7077,3118.9,0
0.000256,0.2447,0.7902,3294.8,0
0.031071,0.1441,0.3871,1066.2,1
0.000761,0.3254,0.7897,2968.9,0
0.035057,0.1503,0.1879,1368.8,1
0.000661,0.2881,0.5615,2824.0,0
0.023855,0.0799,0.2684,1254.3,1
0.023743,0.1406,0.1756,838.9,1
0.003025,0.3179,0.7259,2687.3,0
0.000402,0.3876,0.8231,2263.1,0
0.011663,0.1307,0.3073,1446.8,1
0.020704,0.0887,0.1563,998.7,1
0.018245,0.0869,0.3744,1030.3,1
0.038841,0.0543,0.3185,884.2,1
0.000555,0.4852,0.9806,3279.6,0
0.000289,0.4247,0.942,2921.7,0
0.000749,0.3245,0.7425,2420.0,0
0.103998,0.129,0.0285,917.6,1
0.035685,0.124,0.4506,1066.4,1
0.000698,0.3614,0.6719,2960.3,0
0.000648,0.2921,0.8665,3311.9,0
0.000241,0.3017,0.6407,1907.9,0
0.000241,0.4319,0.6617,2209.1,0
0.058221,0.1495,0.2331,1118.2,1
0.016493,0.087,0.1956,974.3,1
0.039387,0.1524,0.0462,1045.3,1
0.029014,0.1222,0.1177,1069.7,1
0.000225,0.3251,0.8913,2501.3,0
0.039277,0.1264,0.4106,919.1,1
0.031544,0.1612,0.1367,1084.1,1
0.041711,0.1609,0.0782,1136.2,1
0.020155,0.1337,0.2811,1377.5,1
0.014328,0.1419,0.1111,1387.3,1
0.064814,0.1215,0.1963,728.9,1
0.004357,0.4662,0.5775,2763.5,0
0.000248,0.2564,0.8367,2621.3,0
0.00016,0.3217,0.7998,3203.4,0
0.000421,0.4014,0.4537,3547.8,0
0.02567,0.1052,0.0301,1486.8,1
0.002797,0.4042,0.8356,3439.0,0
0.035708,0.0767,0.038,1129.2,1
0.069595,0.191,0.1339,1627.2,1
0.000483,0.3909,0.5934,3097.5,0
0.000382,0.3989,0.9107,1757.5,0
0.01476,0.1383,0.1794,994.2,1
0.000486,0.3265,0.8887,2778.3,0
0.001056,0.4346,0.8831,2365.4,0
0.003662,0.3189,0.9182,3098.0,0
0.000917,0.2797,0.7464,3257.3,0
0.05999,0.1087,0.0237,1682.0,1
0.038434,0.1063,0.1074,1259.8,1
0.137394,0.1498,0.2595,1189.7,1
0.070201,0.1172,0.0965,1263.0,1
0.07052,0.0648,0.4203,915.5,1
0.000874,0.3941,0.7779,3674.7,0
0.024695,0.0926,0.2302,1343.3,1
0.018058,0.0683,0.2464,1404.5,1
0.010449,0.0934,0.2774,958.8,1
0.036661,0.0445,0.1367,1043.2,1
0.000414,0.408,0.6834,2012.5,0
0.000226,0.3387,0.6231,2474.0,0
0.001009,0.3514,0.849,2785.6,0
0.000193,0.289,0.7987,3181.3,0
0.034099,0.1535,0.1353,1283.0,1
0.032637,0.1616,0.0524,1407.4,1
0.002786,0.2724,0.7525,3416.9,0
0.047649,0.0718,0.0334,1199.4,1
0.000917,0.424,0.8878,2378.9,0
0.000202,0.309,0.793,2365.5,0
0.000949,0.352,0.8378,2744.7,0
0.001787,0.3577,0.8659,3160.2,0
0.052204,0.1838,0.2263,1427.7,1
0.002156,0.3797,0.811,2637.9,0
0.097076,0.1202,0.1774,934.1,1
0.021285,0.1564,0.0645,1205.0,1
0.001095,0.3943,0.8044,2655.8,0
0.025479,0.1345,0.1589,1413.2,1
0.023836,0.1519,0.2605,1077.2,1
0.000372,0.3283,0.7323,2866.0,0
0.036947,0.0829,0.0237,1241.5,1
0.00062,0.3393,0.7148,2746.1,0
0.001162,0.1945,0.8913,3777.6,0
0.001417,0.4017,0.8176,2713.3,0
0.014167,0.1355,0.1756,1641.0,1
0.041689,0.1263,0.2821,1328.1,1
0.000441,0.2518,0.901,2578.7,0
0.001259,0.2593,0.7139,3228.6,0
0.06099,0.0927,0.1394,1621.8,1
0.00101,0.4805,0.8874,2276.8,0
0.000101,0.3195,0.847,2533.4,0
0.023545,0.1284,0.1188,1404.5,1
0.035056,0.1133,0.1412,1168.4,1
0.000443,0.3319,0.6329,2342.0,0
0.023079,0.0954,0.2446,1164.0,1
0.028175,0.0344,0.278,1091.3,1
0.000249,0.3811,0.8856,3038.9,0
0.057244,0.1427,0.148,1336.4,1
0.000907,0.3561,0.8011,3147.5,0
0.03746,0.0885,0.1454,1303.7,1
0.04069,0.1125,0.047,1251.7,1
0.051426,0.0595,0.2634,1208.6,1
0.00093,0.3419,0.8521,2519.4,0
0.052745,0.0522,0.1843,1565.5,1
0.002513,0.253,0.594,2361.2,0
0.000575,0.2821,0.8954,2175.9,0
0.000774,0.2842,0.7504,2644.0,0
0.114614,0.0801,0.1798,1604.5,1
0.039291,0.1728,0.1094,989.3,1
0.00093,0.2882,0.9421,2852.5,0
0.022821,0.0959,0.0863,1629.9,1
0.000232,0.3046,0.7652,3168.9,0
0.013796,0.1762,0.1663,1533.6,1
0.001717,0.3858,0.8274,2829.6,0
0.053822,0.0811,0.5175,841.0,1
0.001823,0.4612,0.8439,2753.0,0
0.043089,0.0962,0.4331,1408.7,1
0.000832,0.3101,0.7597,2656.3,0
0.000112,0.3587,0.957,2958.0,0
0.001618,0.2582,0.7943,2619.4,0
0.048467,0.1271,0.116,1207.5,1
0.028853,0.1189,0.3345,1300.7,1
0.000116,0.4672,0.8473,3001.3,0
0.037641,0.1487,0.0435,1503.8,1
0.011389,0.1315,0.2625,1190.0,1
0.066839,0.112,0.4184,1190.3,1
0.058197,0.1536,0.181,1151.9,1
0.000271,0.2796,0.8203,3298.4,0
0.000756,0.3773,0.685,2344.5,0
0.042429,0.1057,0.0609,1271.2,1
0.037272,0.1607,0.0945,1480.8,1
0.03381,0.0907,0.1673,1039.8,1
0.000936,0.356,0.7562,3316.3,0
0.00035,0.3129,0.9531,2475.3,0
0.029447,0.118,0.1036,1487.7,1
0.029274,0.1067,0.2721,1195.0,1
0.019314,0.1363,0.2801,1550.1,1
0.040104,0.1034,0.1232,1012.0,1
0.080298,0.157,0.3081,1557.9,1
0.000565,0.3041,0.8365,2553.9,0
0.004588,0.3039,0.6343,2494.0,0
0.033499,0.0923,0.0682,1505.0,1
0.035631,0.1148,0.2385,1140.5,1
0.001003,0.3194,0.8775,2881.2,0
0.003157,0.2338,0.8849,2601.4,0
0.014584,0.2003,0.3065,1436.0,1
0.00019,0.282,0.8339,2642.3,0
0.000878,0.3205,0.9248,3145.4,0
0.029653,0.124,0.4205,1328.8,1
0.127685,0.0748,0.4606,1249.9,1
0.057989,0.1637,0.1593,1080.5,1
0.001785,0.3019,0.9271,3025.9,0
0.069575,0.0483,0.0779,1635.8,1
0.001328,0.4283,0.827,2782.1,0
0.004875,0.331,0.572,2292.9,0
0.040965,0.1243,0.0532,1296.4,1
0.019731,0.1241,0.1584,1355.7,1
0.035588,0.1615,0.1535,1426.8,1
0.114824,0.184,0.0755,1166.4,1
0.061135,0.1869,0.3232,1220.0,1
0.002596,0.2695,0.8069,1865.0,0
0.000549,0.4041,0.9719,2875.3,0
0.000144,0.33,0.7113,3201.1,0
0.00055,0.5,0.886,2919.5,0
0.040663,0.13,0.0413,995.5,1
0.00034,0.3727,0.7254,3289.8,0
0.058498,0.103,0.229,1173.0,1
0.015106,0.1649,0.1558,1497.7,1
0.100615,0.1282,0.1827,1503.0,1
0.021366,0.114,0.5164,1634.6,1
0.140897,0.0772,0.2961,1173.2,1
0.06055,0.1603,0.0978,951.0,1
0.001482,0.4068,0.9515,3022.3,0
0.022471,0.1227,0.2041,1369.0,1
0.000288,0.5,0.6616,2217.4,0
0.000195,0.3357,0.9112,2531.5,0
0.088882,0.0803,0.2445,1314.5,1
0.000587,0.3683,0.8354,2459.2,0
0.032416,0.0952,0.1963,1035.9,1
0.032976,0.1321,0.2256,1217.7,1
0.069847,0.1318,0.108,984.0,1
0.000529,0.2416,0.7684,2734.2,0
0.000241,0.4273,0.8801,2663.3,0
0.040897,0.1256,0.1944,1041.9,1
0.000973,0.4804,0.7274,2448.0,0
0.134427,0.1287,0.0325,1697.3,1
0.016089,0.1052,0.2083,1237.7,1
0.029877,0.1163,0.1014,1064.7,1
0.000202,0.3315,0.7705,3582.7,0
0.00045,0.0993,0.8407,2902.2,0
0.026693,0.0881,0.103,1183.1,1
0.003425,0.4156,0.8977,2988.7,0
0.001159,0.4354,0.604,2918.4,0
0.026565,0.0924,0.2282,1151.4,1
0.026091,0.1557,0.1698,1517.3,1
0.01616,0.0534,0.2515,1185.7,1
0.028794,0.1953,0.3043,1430.4,1
0.000396,0.308,0.8114,2269.5,0
0.046709,0.1804,0.1146,1238.1,1
0.0297,0.1026,0.2173,1290.4,1
0.002048,0.2184,0.8961,2074.7,0
0.033598,0.0982,0.2639,1251.2,1
0.033164,0.1351,0.2155,1556.0,1
0.058855,0.1206,0.3992,1391.8,1
0.042865,0.1039,0.1241,980.0,1
0.039588,0.1035,0.3611,802.8,1
0.002601,0.4807,0.7357,3005.4,0
0.000322,0.4183,0.632,2555.8,0
0.046382,0.1657,0.0502,1430.5,1
0.047049,0.123,0.0354,1173.4,1
0.034981,0.1137,0.0691,1181.6,1
0.022296,0.1418,0.5755,1282.4,1
0.061562,0.0985,0.1627,1111.2,1
0.054838,0.112,0.2637,745.1,1
0.036675,0.0517,0.3353,1586.3,1
0.042942,0.1232,0.0261,1537.0,1
0.070605,0.1241,0.1153,733.8,1
0.077437,0.101,0.3318,1255.6,1
0.008256,0.1358,0.2254,1661.1,1
0.002029,0.3177,0.6807,2679.2,0
0.001462,0.1545,0.8217,2918.6,0
0.002581,0.3512,0.7301,2730.0,0
0.043604,0.1137,0.2884,1058.1,1
0.00285,0.3844,0.8751,2025.5,0
0.044462,0.0584,0.0507,1563.9,1
0.026807,0.1702,0.4125,1361.6,1
0.005204,0.3047,0.5608,2535.8,0
0.044264,0.1229,0.042,1874.7,1
0.002209,0.3999,0.9107,3323.4,0
0.000131,0.3454,0.5578,2702.8,0
0.036788,0.125,0.3573,1463.8,1
0.001296,0.3065,0.7851,2113.3,0
0.000287,0.4406,0.7623,1814.4,0
0.025369,0.0264,0.3254,1322.7,1
0.05676,0.1643,0.2307,1108.0,1
0.002574,0.2102,0.9218,2824.3,0
0.041997,0.1023,0.2598,1140.6,1
0.002619,0.37,0.9448,2459.2,0
0.000691,0.2683,0.6213,3186.7,0
0.041832,0.0765,0.0687,1255.9,1
0.022096,0.1507,0.1664,1033.9,1
0.023043,0.1044,0.3631,1395.9,1
0.045405,0.0896,0.1027,1569.0,1
0.021604,0.2705,0.5807,1048.6,1
0.025564,0.0796,0.1609,917.8,1
0.000274,0.4484,0.6472,3125.2,0
0.056494,0.0395,0.2049,1092.3,1
0.000436,0.3668,0.6829,3515.3,0
0.002299,0.3569,0.8213,3169.4,0
0.000864,0.2651,0.8412,3784.6,0
0.001101,0.4743,0.8328,3167.7,0
0.052735,0.0635,0.067,844.3,1
0.079304,0.0939,0.0512,1119.1,1
0.035858,0.1671,0.1229,1591.1,1
0.000491,0.4298,0.9178,2943.4,0
0.003877,0.3321,0.8089,2858.1,0
0.000182,0.3317,0.6224,2674.9,0
0.00139,0.3515,0.9865,2797.8,0
0.015901,0.1582,0.2953,1220.0,1
0.030901,0.0935,0.1001,1163.1,1
0.036788,0.1577,0.0958,1257.0,1
0.000475,0.3123,0.4732,2831.2,0
0.057248,0.1813,0.4118,1281.5,1
0.051812,0.0962,0.1008,1414.4,1
0.024,0.1179,0.0255,1281.3,1
0.035065,0.0971,0.282,1314.2,1
0.000888,0.2654,0.6679,3175.1,0
0.000141,0.2861,0.9221,2989.3,0
0.00025,0.3732,0.9603,3800.0,0
0.130141,0.1442,0.0961,1085.1,1
0.004312,0.2727,0.9201,2915.7,0
0.002192,0.3798,0.9141,2401.3,0
0.000516,0.3759,0.8417,3010.2,0
0.000883,0.4785,0.7679,2775.5,0
0.022284,0.107,0.1164,982.5,1
0.037568,0.1466,0.3,1285.4,1
0.052192,0.1345,0.2666,831.6,1
0.00166,0.3873,0.959,2548.6,0
0.04289,0.1477,0.26,812.8,1
0.021023,0.1657,0.0433,1394.4,1
0.000173,0.2409,0.7663,1780.2,0
0.000747,0.361,0.8597,3173.2,0
0.00262,0.2974,0.8359,2287.9,0
0.012193,0.1469,0.168,1243.4,1
0.019324,0.1144,0.0497,1339.8,1
0.00036,0.3677,0.6923,2590.1,0
0.000964,0.2966,0.7026,2354.1,0
0.021657,0.1275,0.121,1100.6,1
0.014919,0.1583,0.086,1074.8,1
0.074244,0.1238,0.1183,1689.0,1
0.05583,0.1069,0.1542,1139.6,1
0.000217,0.3077,0.9804,2572.4,0
0.001248,0.2852,0.8374,2558.9,0
0.030919,0.0769,0.1807,1598.4,1
0.000986,0.0888,0.8628,3084.9,0
0.038861,0.0897,0.1747,1278.9,1
0.101282,0.1446,0.2405,1287.8,1
0.039328,0.1115,0.2001,1361.4,1
0.000173,0.3639,0.8227,3179.0,0
0.016102,0.1436,0.2011,1007.1,1
0.023711,0.1187,0.233,1430.1,1
0.063082,0.0959,0.219,1347.8,1
0.041668,0.1044,0.0782,930.1,1
0.001001,0.285,0.9038,1791.0,0
0.070535,0.1191,0.0365,1236.2,1
0.062598,0.031,0.2362,936.1,1
0.003571,0.3718,0.8901,3110.8,0
0.000911,0.2967,0.9012,2355.6,0
0.002806,0.4254,0.9302,2949.9,0
0.001226,0.2724,0.9763,3273.6,0
0.000129,0.3134,0.8203,2887.5,0
0.047429,0.0518,0.0924,1208.3,1
0.001381,0.4083,0.5819,3706.5,0
0.000909,0.4311,0.7642,2720.3,0
0.020216,0.1153,0.0786,1246.2,1
0.001052,0.2634,0.5448,2656.9,0
0.047976,0.0821,0.1529,1295.8,1
0.001498,0.2771,0.677,2725.5,0
0.000383,0.3164,0.8651,3023.3,0
0.098475,0.1472,0.1326,1447.9,1
0.024371,0.1403,0.2423,1245.9,1
0.033093,0.1609,0.1254,1114.2,1
0.101719,0.1218,0.2123,937.0,1
0.040593,0.1018,0.2312,928.6,1
0.000276,0.4028,0.889,3176.7,0
0.000319,0.37,0.5927,3800.0,0
0.029734,0.0795,0.0907,921.3,1
0.02341,0.1176,0.0909,893.3,1
0.053008,0.1293,0.2056,1649.6,1
0.000965,0.3429,0.9535,2366.5,0
0.0004,0.3488,0.7245,1636.5,0
0.042572,0.1421,0.1983,787.4,1
0.001723,0.389,0.899,1954.3,0
0.037236,0.1906,0.1033,957.9,1
0.020335,0.0981,0.1436,989.0,1
0.00138,0.3031,0.8954,3054.0,0
0.086539,0.1007,0.2342,1398.3,1
0.022991,0.1234,0.1501,1079.6,1
0.000286,0.3748,0.8401,2228.0,0
0.065689,0.1576,0.0949,1888.9,1
0.04239,0.0914,0.6009,875.2,1
0.053978,0.1229,0.0966,1050.8,1
0.000427,0.3552,0.8009,3211.8,0
0.083755,0.0954,0.0814,1111.2,1
0.002064,0.3145,0.7296,2853.4,0
0.000573,0.2345,0.6258,2402.5,0
0.018321,0.1251,0.4957,1051.7,1
0.000526,0.5,0.7587,3312.9,0
0.000637,0.1748,0.4054,2162.7,0
0.087873,0.1087,0.1348,1030.3,1
0.023285,0.1171,0.3325,744.0,1
0.043392,0.1125,0.3487,1415.1,1
0.01052,0.1705,0.2072,1114.1,1
0.002856,0.3651,0.923,2487.1,0
0.002824,0.3387,0.8027,2426.2,0
0.002214,0.3078,0.8573,2385.2,0
0.034553,0.1419,0.1276,1317.5,1
0.030258,0.1513,0.5108,1416.5,1
0.089151,0.1241,0.4994,881.8,1
0.119629,0.1286,0.2384,1454.2,1
0.000492,0.3442,0.5573,2521.8,0
0.030842,0.0672,0.0383,1231.5,1
0.005099,0.3384,0.8856,2547.1,0
0.046762,0.1059,0.4195,1259.3,1
0.000844,0.394,0.6189,2929.0,0
0.036033,0.133,0.1666,921.0,1
0.000299,0.2438,0.6474,2966.2,0
0.0028,0.3022,0.6938,3312.7,0
0.000853,0.3567,0.7129,2888.2,0
0.018462,0.1172,0.261,1246.1,1
0.039817,0.1266,0.0948,1283.4,1
0.001082,0.4041,0.9026,2782.7,0
0.000761,0.3082,0.9318,2541.9,0
0.040857,0.1328,0.2891,1042.6,1
0.00148,0.3363,0.6781,2443.4,0
0.042161,0.0939,0.1162,1065.4,1
0.036743,0.1369,0.2165,1531.2,1
0.003307,0.4061,0.5786,2993.9,0
0.000937,0.2996,0.8202,3254.0,0
0.017783,0.0933,0.4268,1008.6,1
0.002065,0.4081,0.7945,2640.7,0
0.00057,0.4661,0.6803,2792.4,0
0.014915,0.1246,0.5084,1315.5,1
0.053725,0.1363,0.2102,1096.7,1
0.09323,0.1538,0.184,851.5,1
0.054464,0.1565,0.1497,990.4,1
0.000837,0.3638,0.8706,2787.0,0
0.000218,0.3214,0.825,2531.2,0
0.017933,0.0924,0.1668,1397.4,1
0.030775,0.1087,0.0676,1135.0,1
0.001689,0.293,0.9324,3377.7,0
0.051684,0.1364,0.1657,1434.7,1
0.000873,0.4436,0.7178,2314.6,0
0.040843,0.0666,0.5037,1085.1,1
0.004549,0.2944,0.5365,2717.9,0
0.041926,0.1745,0.1618,1101.9,1
0.002098,0.2943,0.7889,3343.0,0
0.000384,0.3785,0.8229,2081.6,0
0.00192,0.443,0.3879,2163.8,0
0.032618,0.0987,0.0259,873.0,1
0.044404,0.1416,0.2128,1527.0,1
0.011152,0.1378,0.2955,1271.6,1
0.042291,0.1163,0.363,1393.9,1
0.000215,0.3257,0.4827,3435.2,0
0.000249,0.2551,0.8931,3111.3,0
0.014528,0.1173,0.0938,1123.1,1
0.00095,0.3676,0.527,2406.0,0
0.061213,0.0923,0.5201,1348.7,1
0.000642,0.4316,0.6271,1709.3,0
0.031848,0.1288,0.0447,711.8,1
0.000282,0.3625,0.9084,2453.1,0
0.050957,0.1268,0.5167,1061.2,1
0.053175,0.1139,0.2107,1450.1,1
0.029894,0.0912,0.2137,1298.3,1
0.000992,0.3437,0.7293,3070.8,0
0.044435,0.1276,0.2522,1082.0,1
0.064012,0.1295,0.0448,1584.1,1
0.01647,0.1122,0.0593,1283.2,1
0.0361,0.1517,0.2179,1518.4,1
0.02845,0.1221,0.3693,1300.5,1
0.038672,0.103,0.3726,1303.6,1
0.057938,0.0971,0.2708,1203.8,1
0.023021,0.0947,0.1247,820.0,1
0.054269,0.1368,0.2413,1369.7,1
0.002584,0.2889,0.9381,2326.9,0
0.001175,0.3722,0.9049,1589.9,0
0.023828,0.0903,0.3173,1486.3,1
0.063505,0.1142,0.3157,1472.9,1
0.017507,0.1181,0.2582,1094.8,1
0.042732,0.2027,0.2394,1000.0,1
0.000763,0.4535,0.8076,2534.4,0
0.001919,0.2965,0.8364,3001.3,0
0.009599,0.0931,0.1732,1279.6,1
0.000572,0.4228,0.7853,3284.0,0
0.038916,0.0956,0.2326,1104.7,1
0.000109,0.5,0.9153,3487.1,0
0.027419,0.1278,0.1481,1216.9,1
0.061622,0.0734,0.1724,1401.5,1
0.073874,0.127,0.1313,1250.5,1
0.07141,0.138,0.2988,963.0,1
0.000774,0.2814,0.856,2883.4,0
0.053636,0.1117,0.086,1243.0,1
0.021871,0.2108,0.1524,1087.5,1
0.000681,0.3473,0.7443,3221.7,0
0.04079,0.1318,0.2747,1589.8,1
0.045364,0.0739,0.1991,862.5,1
0.044909,0.085,0.2184,1756.7,1
0.038973,0.1106,0.0623,1347.8,1
0.049417,0.1166,0.2731,1468.6,1
0.002482,0.2902,0.9608,2699.4,0
0.043713,0.101,0.0947,1251.7,1
0.025173,0.0504,0.192,1236.3,1
0.001288,0.2833,0.7357,2533.8,0
0.000835,0.3291,0.8403,2872.1,0
0.00031,0.2724,0.8359,2689.8,0
0.025871,0.0657,0.0333,1308.7,1
0.055728,0.1125,0.0218,1107.9,1
0.000667,0.3864,0.913,2813.6,0
0.080023,0.133,0.3524,1279.1,1
0.000226,0.318,0.822,2975.1,0
0.024261,0.0815,0.0172,1160.9,1
0.056118,0.1426,0.2579,1101.7,1
0.048087,0.0516,0.1235,1142.0,1
0.023723,0.1334,0.2286,1113.8,1
0.002335,0.4334,0.8776,2368.9,0
0.001277,0.4527,0.7399,3206.9,0
0.000211,0.3144,0.7611,2585.8,0
0.01031,0.096,0.3311,1017.7,1
0.042309,0.1071,0.2529,1130.7,1
0.040516,0.1053,0.1238,785.7,1
0.044482,0.1997,0.2156,1085.6,1
0.040583,0.1155,0.2262,1291.7,1
0.049059,0.1139,0.1801,1268.7,1
0.074448,0.117,0.1708,1115.7,1
0.038494,0.1674,0.2343,1436.6,1
0.004819,0.3501,0.9611,3213.1,0
0.012006,0.1478,0.1921,937.1,1
0.001666,0.3877,0.9658,2984.5,0
0.031781,0.091,0.1816,1297.0,1
0.017269,0.133,0.2183,1149.7,1
0.002831,0.3753,0.7413,2595.0,0
0.029973,0.1066,0.1152,1373.0,1
0.092958,0.1063,0.2105,1659.0,1
0.00076,0.4437,0.9876,2768.6,0
0.000614,0.4427,0.8365,2672.3,0
0.034747,0.1438,0.2009,1584.5,1
0.031272,0.0631,0.0488,1125.0,1
0.050687,0.0836,0.2767,1175.2,1
0.018474,0.1178,0.1255,1894.8,1
0.106821,0.1358,0.0916,914.0,1
0.019296,0.1155,0.3273,1107.0,1
0.053297,0.1228,0.2873,1087.1,1
0.020354,0.1412,0.1061,684.3,1
0.000382,0.4073,0.9347,3693.0,0
0.001546,0.4426,0.7453,1998.0,0
0.000192,0.404,0.8691,2441.6,0
0.02169,0.108,0.1094,1485.9,1
0.022544,0.0899,0.02,1327.4,1
0.03282,0.1511,0.0811,1495.8,1
0.00078,0.2436,0.4746,2835.7,0
0.000496,0.4479,0.8956,2641.3,0
0.000807,0.4576,0.9938,2213.5,0
0.000526,0.3214,0.6616,2558.9,0
0.046966,0.0908,0.2607,927.8,1
0.000542,0.3891,0.6586,3233.7,0
0.001086,0.2733,0.7416,3170.6,0
0.015863,0.0875,0.0239,1417.1,1
0.001116,0.3664,0.7227,2842.6,0
0.030064,0.0971,0.0911,1452.3,1
0.041561,0.074,0.2882,1277.3,1
0.000786,0.368,0.6142,2507.6,0
0.036435,0.1305,0.139,1713.0,1
0.020195,0.1036,0.1746,1509.1,1
0.079831,0.1645,0.109,1527.0,1
0.000983,0.2999,0.8594,3175.1,0
0.034395,0.1048,0.1156,1887.2,1
0.04579,0.1331,0.4302,1480.8,1
0.002135,0.1174,0.7684,2384.7,0
0.041754,0.1337,0.0728,1288.3,1
0.043034,0.1003,0.1457,1360.5,1
0.017427,0.1117,0.3045,1339.0,1
0.001243,0.3754,0.9349,3532.8,0
0.066659,0.1084,0.2612,1112.6,1
0.000278,0.4027,0.747,3800.0,0
0.000823,0.2252,0.7969,2941.5,0
0.000425,0.3778,0.9332,2760.1,0
0.000922,0.279,0.7943,3194.4,0
0.001439,0.3214,0.8463,2421.0,0
0.000185,0.3805,0.5568,3711.3,0
0.050765,0.1336,0.3485,1020.6,1
0.001061,0.2156,0.8562,2724.2,0
0.00045,0.3836,0.9439,2239.3,0
0.076547,0.1696,0.033,1321.7,1
0.044762,0.1091,0.1385,1365.8,1
0.036382,0.1041,0.2626,1093.9,1
0.000214,0.3362,0.9646,3059.2,0
0.00088,0.4845,0.8151,3270.3,0
0.00057,0.4712,0.8006,3729.0,0
0.000314,0.4262,0.9128,3266.5,0
0.000131,0.4953,0.8337,3368.8,0
0.000936,0.4254,0.8207,2805.2,0
0.001013,0.3691,0.8222,1749.4,0
0.000253,0.2726,0.7121,2492.9,0
0.037075,0.1217,0.1856,1156.9,1
0.003136,0.3157,0.8967,2735.9,0
0.00393,0.3634,0.7405,3043.5,0
0.0867,0.0817,0.2335,927.9,1
0.057498,0.1506,0.1837,835.1,1
0.000335,0.3607,0.7498,2000.7,0
0.034188,0.1737,0.1592,1098.5,1
0.018078,0.1023,0.4351,1688.2,1
0.001067,0.4744,0.8971,2270.7,0
0.070011,0.1557,0.3006,1213.0,1
0.007569,0.1004,0.1738,1464.4,1
0.000753,0.3063,0.8109,2829.4,0
0.001143,0.3106,0.8314,3221.2,0
0.023827,0.1511,0.2233,1115.0,1
0.041845,0.1241,0.1893,1269.0,1
0.000355,0.4134,0.9219,2251.5,0
0.004417,0.3027,0.6706,2308.1,0
0.000745,0.4589,0.6259,3073.6,0
0.044464,0.0871,0.2945,1113.3,1
0.024688,0.1059,0.3618,1020.6,1
0.000822,0.4531,0.8881,2842.6,0
0.017791,0.1031,0.2913,1108.9,1
0.038235,0.0452,0.1995,1601.0,1
0.000423,0.4021,0.4917,2944.4,0
0.000103,0.5,0.6024,2345.6,0
0.044475,0.1115,0.0715,1280.7,1
0.031287,0.1069,0.0141,1550.5,1
0.014508,0.1039,0.0454,1421.9,1
0.033415,0.122,0.0847,1587.8,1
0.000144,0.4193,0.6688,2827.7,0
0.00227,0.3276,0.9452,2855.8,0
0.018407,0.1057,0.2054,1272.5,1
0.000102,0.2849,0.7658,2823.7,0
0.000297,0.2158,0.8642,2251.4,0
0.001837,0.2978,0.8033,2484.2,0
0.001723,0.3901,0.6758,2644.6,0
0.000516,0.4201,0.8062,2244.1,0
0.001203,0.2831,0.9443,1583.6,0
0.000808,0.3865,0.8948,2947.9,0
0.002451,0.3746,0.8764,3225.6,0
0.021451,0.1417,0.316,1255.7,1
0.051877,0.1237,0.133,1457.2,1
0.062435,0.1612,0.0381,1427.5,1
0.027307,0.0457,0.1893,1175.3,1
0.107241,0.1489,0.0332,955.3,1
0.001313,0.3386,0.9348,2436.3,0
0.019192,0.0981,0.2721,1301.2,1
0.012697,0.1456,0.1841,1222.3,1
0.034471,0.1417,0.1495,1235.6,1
0.00112,0.3299,0.7911,2453.3,0
0.001598,0.19,0.8238,3216.6,0
0.000374,0.3627,0.8015,2966.3,0
0.00066,0.4327,0.9044,2406.0,0
0.030415,0.1173,0.2485,1379.2,1
0.072437,0.0973,0.1219,1090.7,1
0.00131,0.3263,0.8857,2006.7,0
0.016831,0.1403,0.3865,1349.6,1
0.01721,0.1132,0.2392,1521.5,1
0.000469,0.3601,0.8471,3733.8,0
0.001185,0.1392,0.7615,3160.6,0
0.000558,0.278,0.673,2017.3,0
0.002991,0.3246,0.9216,3620.2,0
0.000521,0.3045,0.7288,2701.4,0
0.001024,0.3358,0.8184,2661.0,0
0.001487,0.3167,0.937,2310.6,0
0.002469,0.3333,0.7609,3420.1,0
0.030868,0.1215,0.0729,1406.8,1
0.000547,0.4315,0.7122,2486.7,0
0.056406,0.0713,0.3681,1116.7,1
0.000491,0.391,0.8805,3028.1,0
0.078382,0.1186,0.1378,1588.1,1
0.002799,0.4459,0.6092,2578.4,0
0.000235,0.397,0.7003,3516.5,0
0.051806,0.0367,0.0379,986.6,1
0.022631,0.1111,0.3013,1046.9,1
0.072584,0.0879,0.1649,1110.3,1
0.000781,0.444,0.7606,3329.4,0
0.002104,0.4144,0.8431,3126.1,0
0.027122,0.1088,0.1165,1090.0,1
0.02579,0.133,0.2531,1041.6,1
0.058444,0.1045,0.0449,1041.7,1
0.043311,0.1236,0.3512,1030.7,1
0.000984,0.2521,0.7164,2769.1,0
0.032327,0.051,0.2438,896.7,1
0.000262,0.3705,0.8913,2509.1,0
0.001579,0.3507,0.484,2289.1,0
0.001489,0.3441,0.656,2850.5,0
0.031411,0.1437,0.0684,1529.0,1
0.000212,0.3452,0.8773,3302.0,0
0.000321,0.4043,0.5866,2469.9,0
0.071533,0.1146,0.2096,944.1,1
0.001377,0.346,0.8733,2485.5,0
0.067244,0.0605,0.2293,1236.6,1
0.00468,0.32,0.8275,2466.6,0
0.020057,0.0818,0.239,1380.6,1
0.018777,0.1374,0.4447,1265.5,1
0.000472,0.3513,0.6549,2983.2,0
0.000943,0.2928,0.7577,3382.5,0
0.001118,0.4338,0.6241,2997.3,0
0.000508,0.41,0.6617,2704.9,0
0.027087,0.1459,0.2138,1358.7,1
0.000197,0.4375,0.7071,2806.8,0
0.029655,0.0846,0.202,1279.7,1
0.000133,0.2842,0.4112,2940.1,0
0.036062,0.1665,0.056,892.7,1
0.012484,0.1459,0.0939,1360.3,1
0.046938,0.2032,0.2709,1174.3,1
0.03557,0.0935,0.2169,1167.8,1
0.000274,0.2358,0.8684,2314.0,0
0.002352,0.2913,0.926,3126.3,0
0.045767,0.089,0.0168,1091.2,1
0.084634,0.1689,0.1867,1145.7,1
0.079789,0.0812,0.0906,1266.4,1
0.001434,0.4368,0.9139,2350.0,0
0.028081,0.1641,0.2259,1088.4,1
0.018502,0.1335,0.5457,1115.0,1
0.000787,0.3338,0.7693,2971.3,0
0.000989,0.3567,0.9309,2397.0,0
0.011429,0.0605,0.1199,1064.3,1
0.043271,0.113,0.1382,1021.0,1
0.014835,0.1227,0.3764,1233.3,1
0.000759,0.4266,0.8228,2589.9,0
0.050743,0.1857,0.2222,1449.5,1
0.001283,0.3298,0.8018,2492.7,0
0.000957,0.2838,0.8692,2356.6,0
0.001451,0.2585,0.5912,3385.3,0
0.029199,0.1177,0.3623,1284.0,1
0.062952,0.1853,0.005,1259.2,1
0.014073,0.1046,0.0942,1431.1,1
0.000494,0.3116,0.6004,3449.3,0
0.025528,0.1293,0.3311,1295.7,1
0.000146,0.2699,0.823,3129.8,0
0.054169,0.0666,0.1798,933.4,1
0.00018,0.4806,0.893,2536.4,0
0.000971,0.3317,0.7717,3591.2,0
0.022281,0.074,0.3768,1009.9,1
0.000911,0.3665,0.5217,2900.3,0
0.037203,0.0966,0.0156,771.4,1
0.018677,0.0522,0.3748,909.9,1
0.000119,0.3309,0.8633,2665.5,0
0.07659,0.1343,0.1433,1723.9,1
0.002292,0.266,0.8472,3718.9,0
0.022747,0.1474,0.1649,1372.2,1
0.090377,0.1165,0.0988,1273.5,1
0.042581,0.134,0.1023,1229.5,1
0.001223,0.3533,0.8569,2335.3,0
0.144951,0.0299,0.1293,980.0,1
0.032256,0.0675,0.2318,1298.1,1
0.001426,0.2372,0.7843,2966.1,0
0.000532,0.2824,0.8822,2803.6,0
0.020944,0.1294,0.106,1388.5,1
0.054753,0.1428,0.1801,1263.5,1
0.095087,0.1436,0.0241,1585.7,1
0.028829,0.1265,0.7057,749.2,1
0.02003,0.1372,0.3751,936.2,1
0.006978,0.4301,0.7152,2529.7,0
0.000496,0.3704,0.6742,2740.7,0
0.00065,0.3084,0.9607,3028.8,0
0.028316,0.136,0.0194,1664.0,1
0.000561,0.425,0.9215,3481.9,0
0.02221,0.1742,0.2775,1191.9,1
0.055595,0.0817,0.3267,1089.3,1
0.047905,0.0626,0.1318,1027.8,1
0.000366,0.4424,0.9084,2885.5,0
0.0248,0.0694,0.2353,1441.8,1
0.001306,0.3037,0.863,2408.6,0
0.102506,0.1834,0.0644,977.9,1
0.000568,0.3673,0.7037,2527.3,0
0.000525,0.3565,0.7658,3299.9,0
0.024209,0.106,0.1248,1334.8,1
0.001162,0.3578,0.7841,2992.7,0
0.000442,0.3295,0.639,2836.7,0
0.050783,0.1036,0.547,1080.7,1
0.012004,0.1718,0.0619,1073.0,1
0.059491,0.1265,0.1765,852.3,1
0.046447,0.1055,0.0765,1224.4,1
0.101156,0.0469,0.2791,1489.7,1
0.000158,0.3279,0.6839,2736.8,0
0.001065,0.3877,0.7672,2387.6,0
0.001217,0.4486,0.7777,2419.9,0
0.031609,0.107,0.1411,967.3,1
0.020079,0.0559,0.2776,1442.5,1
0.004122,0.2752,0.5224,1774.7,0
0.029333,0.0957,0.1794,1510.8,1
0.014891,0.1434,0.0777,1384.9,1
0.001421,0.4352,0.8981,2099.5,0
0.042732,0.0242,0.2253,1627.5,1
0.052822,0.1148,0.1337,1425.1,1
0.026394,0.1242,0.2723,1542.2,1
0.000193,0.3597,0.786,3257.3,0
0.07892,0.1708,0.3992,1170.1,1
0.033035,0.1827,0.2021,1054.8,1
0.020924,0.13,0.0354,1425.0,1
0.039243,0.1348,0.1517,1355.2,1
0.038191,0.0797,0.0476,1441.6,1
0.034058,0.0795,0.188,1381.8,1
0.00012,0.3586,0.9485,2257.2,0
0.030709,0.19,0.1358,1220.0,1
0.019948,0.1008,0.3414,1663.2,1
0.000714,0.3725,0.9664,2961.7,0
0.054369,0.0947,0.1521,1025.0,1
0.056957,0.0863,0.0921,1181.3,1
0.029535,0.1025,0.1073,830.3,1
0.044812,0.1016,0.0985,1402.1,1
0.000322,0.3935,0.9254,3800.0,0
0.068716,0.1747,0.1442,1261.5,1
0.014349,0.1181,0.1978,1672.8,1
0.00117,0.1824,0.5299,2155.0,0
0.076806,0.1209,0.1508,1123.2,1
0.014301,0.152,0.0505,1336.4,1
0.03641,0.1209,0.355,1403.4,1
0.026138,0.1307,0.4041,1642.1,1
0.001822,0.3738,0.876,2871.1,0
0.001408,0.3119,0.7218,2631.8,0
0.000878,0.3763,0.846,2362.9,0
0.037451,0.1238,0.1959,1190.2,1
0.001865,0.3956,0.6989,3119.3,0
0.000859,0.4519,0.8564,2420.3,0
0.000171,0.3488,0.7525,2517.5,0
0.022907,0.0898,0.3492,1330.1,1
0.093323,0.1589,0.1017,1367.8,1
0.000877,0.306,0.6425,3274.8,0
0.001142,0.4328,0.8584,3028.0,0
0.041399,0.0911,0.1136,1262.6,1
0.055589,0.089,0.1343,891.0,1
0.001237,0.3992,0.9292,2219.2,0
0.028098,0.0748,0.6339,1620.8,1
0.000313,0.5,0.7787,3136.8,0
0.001096,0.2584,0.8923,2334.5,0
0.013543,0.1424,0.1002,1062.5,1
0.001539,0.3705,0.7422,2539.6,0
0.017576,0.0847,0.3297,1362.5,1
0.000313,0.3151,0.8908,2516.7,0
0.036735,0.0989,0.5151,1395.6,1
0.021301,0.0969,0.1347,1069.9,1
0.00041,0.4527,0.942,2841.3,0
0.029359,0.1511,0.3011,944.5,1
0.000136,0.2976,0.8106,1919.9,0
0.021505,0.1759,0.158,587.2,1
0.0002,0.3902,0.8063,2534.9,0
0.00096,0.2305,0.6425,3409.5,0
0.002093,0.3366,0.7957,3103.2,0
0.040102,0.1608,0.1531,915.4,1
0.020337,0.0463,0.2525,1147.0,1
0.025767,0.124,0.1443,1023.5,1
0.002033,0.3842,0.6198,2229.8,0
0.022402,0.1418,0.2236,1072.8,1
0.000587,0.3715,0.9135,1981.5,0
0.01515,0.1417,0.3432,1437.7,1
0.000212,0.4415,0.9134,1302.1,0
0.001145,0.2676,0.8835,2116.0,0
0.003528,0.2745,0.6716,2773.8,0
0.039289,0.1489,0.1547,1229.8,1
0.02284,0.103,0.1265,715.8,1
0.00067,0.311,0.6487,3346.2,0
0.029781,0.1602,0.0737,1118.0,1
0.056733,0.1616,0.0208,1383.0,1
0.025549,0.0902,0.0632,1509.5,1
0.001312,0.2854,0.7794,2326.9,0
0.000564,0.3345,0.9073,2089.5,0
0.03867,0.161,0.2196,1204.8,1
0.001213,0.3171,0.6592,2501.3,0
0.000506,0.2256,0.8212,2756.3,0
0.050852,0.1313,0.1959,1607.6,1
0.016981,0.1824,0.2639,990.7,1
0.001631,0.359,0.8112,2395.1,0
0.000475,0.4192,0.9147,2387.3,0
0.035463,0.1192,0.2148,1614.0,1
0.000123,0.2331,0.8571,3099.5,0
0.001669,0.3079,0.4021,2713.0,0
0.001068,0.4025,0.7773,3047.9,0
0.086796,0.1428,0.1852,1126.7,1
0.05217,0.1154,0.0824,1657.5,1
0.000404,0.4239,0.743,2975.8,0
0.000959,0.4433,0.8143,3205.9,0
0.000895,0.2321,0.6526,2445.7,0
0.028008,0.129,0.121,1293.0,1
0.001284,0.3994,0.8314,3445.6,0
0.002299,0.4088,0.9696,2591.5,0
0.046958,0.1078,0.3301,992.5,1
0.00064,0.4582,0.9457,3016.6,0
0.056344,0.1999,0.0948,895.4,1
0.000983,0.3207,0.4576,2461.6,0
0.00012,0.4136,0.9097,3529.6,0
0.000336,0.4929,0.7813,2175.5,0
0.064649,0.0544,0.1841,987.4,1
0.029377,0.1797,0.2687,1083.0,1
0.05946,0.1148,0.2458,1421.5,1
0.000274,0.3701,0.6514,2817.8,0
0.032294,0.0593,0.0576,1715.5,1
0.0005,0.3389,0.8441,2494.7,0
0.001814,0.2576,0.5891,2432.9,0
0.033267,0.1344,0.1342,884.0,1
0.000895,0.3478,0.962,2911.2,0
0.001628,0.365,0.9494,2827.2,0
0.001869,0.3907,0.8786,2491.6,0
0.001198,0.3144,0.932,2788.2,0
0.000456,0.4166,0.6167,3093.8,0
0.058842,0.0984,0.0333,1477.0,1
0.001455,0.3475,0.765,3091.7,0
0.05918,0.0719,0.0528,1583.8,1
0.028228,0.1528,0.1313,1366.5,1
0.000144,0.2898,0.874,2965.2,0
0.001289,0.3301,0.9585,2558.1,0
0.002997,0.3012,0.8129,3008.1,0
0.026488,0.1178,0.1552,782.9,1
0.001881,0.3394,0.7522,2384.7,0
0.034802,0.1046,0.2851,1495.0,1
0.000463,0.4598,0.7693,3394.3,0
0.051382,0.1032,0.0352,802.9,1
0.001345,0.323,0.7353,2263.3,0
0.001225,0.3327,0.905,2856.3,0
0.105074,0.0695,0.2121,1109.0,1
0.026392,0.1898,0.1087,850.2,1
0.00014,0.267,0.8017,2764.4,0
0.051814,0.0643,0.107,1243.0,1
0.078889,0.0697,0.135,1250.5,1
0.049021,0.1754,0.1207,1472.4,1
0.039836,0.1263,0.08,875.0,1
0.000471,0.3379,0.7411,2697.9,0
0.001874,0.3709,0.4641,3274.2,0
0.000504,0.3781,0.9166,3418.7,0
0.026619,0.1596,0.4016,817.5,1
0.047288,0.0893,0.141,1335.6,1
0.001165,0.3827,0.9725,3537.2,0
0.001231,0.2799,0.9236,3173.7,0
0.030581,0.0819,0.132,1174.5,1
0.014047,0.1094,0.5519,1024.4,1
0.043816,0.0605,0.3205,1174.0,1
0.001424,0.2958,0.5703,2243.2,0
0.003352,0.3128,0.7731,2452.3,0
0.000695,0.4143,0.5206,3217.4,0
0.031091,0.1775,0.1054,1500.7,1
0.000406,0.3306,0.8422,3304.9,0
0.069604,0.1212,0.334,1088.4,1
0.000157,0.3461,0.8025,3287.3,0
0.036678,0.1542,0.1784,1253.0,1
0.00912,0.1182,0.1115,1118.9,1
0.074331,0.0815,0.1378,1021.3,1
0.002598,0.2748,0.8914,3255.7,0
0.000559,0.3554,0.8234,2334.9,0
0.002589,0.3289,0.8099,2948.9,0
0.049813,0.0871,0.1897,1044.5,1
0.027676,0.1163,0.1175,797.8,1
0.011204,0.1077,0.402,1581.8,1
0.065469,0.1347,0.3053,1065.6,1
0.017885,0.0856,0.2576,897.3,1
0.000652,0.255,0.8132,2293.0,0
0.027492,0.1218,0.0933,1670.4,1
0.000442,0.3276,0.8894,2894.1,0
0.000306,0.4378,0.7474,2127.2,0
0.041757,0.1474,0.2786,1407.5,1
0.001079,0.3198,0.9646,2102.6,0
0.000589,0.318,0.8192,2731.0,0
0.031351,0.0723,0.1195,1123.7,1
0.004441,0.3354,0.9249,2458.9,0
0.036017,0.0826,0.1703,1415.7,1
0.000721,0.4172,0.6836,3405.8,0
0.000279,0.4013,0.8748,3132.6,0
0.000598,0.3704,0.8434,3178.2,0
0.001398,0.2583,0.7787,2679.0,0
0.038927,0.1107,0.2785,941.6,1
0.000301,0.4195,0.5994,2463.2,0
0.036868,0.1825,0.2511,1278.5,1
0.06915,0.126,0.1099,1170.4,1
0.054856,0.1758,0.0936,1038.0,1
0.04769,0.1973,0.0519,1274.6,1
0.075666,0.1256,0.1321,1228.8,1
0.000264,0.3392,0.7492,2376.9,0
0.000143,0.2698,0.8639,2355.1,0
0.000609,0.3499,0.9213,2968.4,0
0.042775,0.1183,0.1572,481.1,1
0.000825,0.3352,0.9226,2429.7,0
0.029763,0.0931,0.16,1221.7,1
0.041809,0.1226,0.1909,1562.2,1
0.000148,0.3735,0.8253,3339.5,0
0.053362,0.1271,0.3131,1383.6,1
0.003052,0.3304,0.5233,2406.8,0
0.000223,0.3491,0.9125,2593.1,0
0.037344,0.1377,0.2298,1423.2,1
0.06455,0.1366,0.314,1370.2,1
0.023207,0.1625,0.1538,1015.8,1
0.003287,0.3989,0.369,3095.8,0
0.000404,0.3233,0.7074,2613.6,0
0.031282,0.1345,0.2149,1038.1,1
0.032666,0.0797,0.2444,1452.4,1
0.022888,0.1647,0.0899,1081.5,1
0.001247,0.2063,0.9263,3100.7,0
0.014461,0.1156,0.2271,1433.5,1
0.003116,0.4295,0.6942,2117.9,0
0.000205,0.3024,0.8502,2271.8,0
0.08546,0.0914,0.0786,1230.2,1
0.000507,0.388,0.8372,2880.4,0
0.019432,0.1116,0.3058,1255.4,1
0.001334,0.2875,0.7579,3154.6,0
0.00275,0.3411,0.7867,3088.9,0
0.036061,0.1432,0.1972,1265.2,1
0.052483,0.1368,0.2287,1367.1,1
0.025754,0.1043,0.1415,1194.1,1
0.039829,0.1633,0.2331,1244.1,1
0.038032,0.155,0.1134,1085.8,1
0.023584,0.1487,0.1106,946.0,1
0.031325,0.1346,0.115,1499.7,1
0.00087,0.3093,0.5818,2872.8,0
0.046833,0.108,0.162,1675.7,1
0.001798,0.4231,0.9228,3142.2,0
0.017031,0.1682,0.2174,844.5,1
0.047644,0.1591,0.2768,863.0,1
0.001783,0.3926,0.804,3800.0,0
0.062437,0.1291,0.2708,1035.7,1
0.047316,0.0329,0.2681,1936.9,1
0.000306,0.4758,0.9537,2874.7,0
0.041829,0.0963,0.332,1525.9,1
0.034964,0.1395,0.2812,1431.2,1
0.002493,0.2679,0.9719,3520.6,0
0.027931,0.0665,0.2251,1257.2,1
0.001852,0.3237,0.7197,1996.6,0
0.028406,0.1197,0.3298,1297.0,1
0.066522,0.0591,0.4828,1290.8,1
0.034783,0.1598,0.1143,923.1,1
0.026787,0.113,0.1505,681.5,1
0.042076,0.1209,0.0758,1082.3,1
0.045223,0.1586,0.1461,1300.7,1
0.000294,0.3123,0.6906,3391.9,0
0.038923,0.1718,0.0519,1512.8,1
0.000378,0.3394,0.657,2424.5,0
0.031276,0.1477,0.0565,1640.3,1
0.000267,0.2016,0.7362,2521.5,0
0.000301,0.3387,0.8068,2577.3,0
0.002212,0.3829,0.7205,2611.4,0
0.028406,0.1036,0.3446,1076.2,1
0.002182,0.3297,0.7591,3030.7,0
0.013907,0.1193,0.1014,842.0,1
0.000609,0.4231,0.7675,2732.8,0
0.000433,0.3823,0.8359,2626.9,0
0.059259,0.1091,0.3405,1211.9,1
0.04548,0.0597,0.4488,1779.7,1
0.000577,0.4141,0.8994,3089.1,0
0.02063,0.0515,0.0606,1017.7,1
0.036376,0.0928,0.0234,958.0,1
0.046512,0.1815,0.1175,1334.0,1
0.000148,0.4398,0.8378,2285.1,0
0.001317,0.2825,0.5539,2876.8,0
0.059255,0.0998,0.1723,1825.9,1
0.001899,0.3686,0.816,2167.9,0
0.041099,0.159,0.016,877.1,1
0.06418,0.056,0.5226,1095.3,1
0.009859,0.2229,0.0837,1182.8,1
0.033182,0.0891,0.0207,1126.0,1
0.046769,0.1113,0.1623,1142.2,1
0.000103,0.3831,0.6873,3519.2,0
0.04009,0.1135,0.1895,1255.1,1
0.000932,0.4081,0.8481,1964.2,0
0.044463,0.1506,0.0247,860.3,1
0.047022,0.1599,0.1026,1363.5,1
0.022747,0.1534,0.0881,1244.3,1
0.028379,0.1231,0.2218,1293.7,1
0.012661,0.0994,0.2759,1531.7,1
0.000497,0.2862,0.7403,3296.0,0
0.000262,0.388,0.6462,2330.1,0
0.022627,0.0857,0.0973,847.5,1
0.001643,0.4079,0.6223,3242.7,0
0.000338,0.3935,0.5922,2625.5,0
0.001547,0.4728,0.7878,2242.7,0
0.000972,0.3574,0.3392,1826.2,0
0.000216,0.3341,0.7821,2953.0,0
0.000797,0.3565,0.7207,2910.0,0
0.002776,0.1631,0.7798,3005.6,0
0.000806,0.3238,0.7804,2625.3,0
0.022429,0.1381,0.5362,1292.5,1
0.000129,0.329,0.5925,1944.7,0
0.001402,0.3322,0.7724,3169.2,0
0.025289,0.1568,0.132,1624.6,1
0.000792,0.4604,0.8575,2584.4,0
0.029723,0.1504,0.3525,820.6,1
0.051379,0.0748,0.1532,993.8,1
0.00258,0.5,0.8247,2344.3,0
0.000295,0.2573,0.6405,3194.0,0
0.019097,0.1335,0.2593,1332.7,1
0.04513,0.1754,0.1045,1388.8,1
0.040141,0.0155,0.2334,1232.2,1
0.038811,0.0983,0.2485,705.1,1
0.002986,0.2787,0.9219,1860.5,0
0.04506,0.0769,0.2803,1170.7,1
0.000937,0.3821,0.9458,3317.3,0
0.018643,0.1501,0.2221,1576.5,1
0.091879,0.1483,0.1241,1459.6,1
0.017562,0.1473,0.2624,1007.0,1
0.048421,0.1396,0.2614,1388.3,1
0.000501,0.3497,0.6911,3253.5,0
0.00028,0.2737,0.8741,2761.4,0
0.000799,0.2572,0.5763,3172.4,0
0.000541,0.3737,0.6015,2615.8,0
0.03458,0.0879,0.2027,1143.0,1
0.003728,0.3261,0.8538,3554.3,0
0.000797,0.347,0.9076,2080.9,0
0.03189,0.1321,0.3139,1134.3,1
0.062813,0.0906,0.0743,1723.7,1
0.046371,0.1432,0.5969,1089.3,1
0.063982,0.074,0.3765,1197.0,1
0.001754,0.3377,0.7558,1767.5,0
0.000594,0.3976,0.8861,2992.8,0
0.079785,0.0515,0.2809,1069.2,1
0.024087,0.1175,0.0596,1144.0,1
0.00166,0.4139,0.5622,3697.5,0
0.076076,0.0879,0.0805,1346.0,1
0.000181,0.301,0.845,3203.4,0
0.002444,0.2754,0.8585,1477.4,0
0.042772,0.1362,0.2478,1146.2,1
0.012404,0.0866,0.2136,499.8,1
0.06653,0.1015,0.1218,1302.5,1
0.001806,0.4217,0.958,2666.5,0
0.032591,0.0561,0.1686,1047.4,1
0.001799,0.3707,0.9704,2694.6,0
0.001786,0.3921,0.6934,3503.1,0
0.054268,0.1243,0.2484,934.3,1
0.024018,0.128,0.241,1143.2,1
0.044889,0.0804,0.1729,1230.0,1
0.060372,0.0887,0.2542,879.5,1
0.026512,0.1089,0.1376,654.3,1
0.095711,0.1685,0.0595,1501.7,1
0.002374,0.2924,0.8357,2301.1,0
0.000261,0.3882,0.7976,2004.3,0
0.00126,0.3684,0.8471,3308.7,0
0.000457,0.38,0.6114,2908.9,0
0.021546,0.1423,0.0986,962.0,1
0.020567,0.1718,0.1289,1264.8,1
0.00064,0.2651,0.932,2613.1,0
0.003787,0.3772,0.8303,2777.1,0
0.019129,0.121,0.3568,1169.0,1
0.000597,0.3554,0.9723,2858.5,0
0.086729,0.1167,0.1501,1041.4,1
0.049868,0.1283,0.2765,1191.7,1
0.03892,0.0883,0.3771,1480.1,1
0.023924,0.0951,0.1984,1263.8,1
0.059964,0.1052,0.1928,885.8,1
0.000638,0.2755,0.9807,2349.0,0
0.090254,0.0994,0.1514,1603.4,1
0.021391,0.1457,0.1556,1475.9,1
0.000344,0.3913,0.938,2812.7,0
0.012071,0.0709,0.2401,1129.1,1
0.05055,0.1308,0.4366,1685.4,1
0.043188,0.1176,0.2352,1412.0,1
0.029969,0.1568,0.0943,1248.0,1
0.011944,0.1106,0.0598,1235.0,1
0.080542,0.0766,0.2028,1808.7,1
0.041913,0.103,0.2253,1030.7,1
0.071641,0.0781,0.2176,1390.5,1
0.075523,0.0411,0.0334,1346.7,1
0.049721,0.1181,0.0309,1166.5,1
0.053905,0.1382,0.0182,974.4,1
0.000546,0.2769,0.6616,2220.8,0
0.039999,0.075,0.2661,1881.9,1
0.064984,0.0727,0.1946,1442.4,1
0.001798,0.3173,0.4999,3800.0,0
0.062401,0.1794,0.2489,1396.5,1
0.000495,0.2843,0.7889,3272.6,0
0.000775,0.259,0.9178,2588.4,0
0.038426,0.1274,0.0282,1447.8,1
0.00092,0.3931,0.8819,3451.4,0
0.095405,0.115,0.5236,1215.9,1
0.077763,0.073,0.2119,1155.0,1
0.038952,0.0213,0.3867,804.0,1
0.002159,0.3983,0.7867,3408.2,0
0.000994,0.3397,0.6612,3246.4,0
0.012522,0.0603,0.3792,1324.6,1
0.035699,0.0701,0.1233,1800.1,1
0.049956,0.1108,0.1018,879.6,1
0.000391,0.3642,0.6491,2844.7,0
0.031233,0.1701,0.1283,1145.7,1
0.031069,0.1697,0.1477,1553.7,1
0.040304,0.0903,0.182,925.2,1
0.000235,0.3511,0.6019,3091.2,0
0.022428,0.1766,0.2125,1152.4,1
0.040227,0.1303,0.2045,1390.5,1
0.048504,0.0874,0.1436,1354.2,1
0.000282,0.324,0.9045,2753.7,0
0.011976,0.0456,0.0845,1103.3,1
0.053687,0.0994,0.1622,1269.3,1
0.000359,0.356,0.8015,2377.2,0
0.048043,0.1335,0.4211,1421.3,1
0.049239,0.1044,0.2869,1011.1,1
0.000156,0.3424,0.3968,2741.7,0
0.000986,0.4622,0.7245,2335.3,0
0.094845,0.1693,0.1543,1093.5,1
0.000499,0.4556,0.9097,2611.1,0
0.048048,0.1449,0.2271,1246.5,1
0.002742,0.3353,0.7059,3350.4,0
0.018557,0.0912,0.2861,1203.4,1
0.005771,0.2682,0.9428,2451.4,0
0.04873,0.1265,0.0863,1295.0,1
0.025048,0.0849,0.0841,1117.5,1
0.019032,0.157,0.2445,1553.1,1
0.09779,0.1043,0.1327,698.5,1
0.000197,0.3899,0.7886,1794.6,0
0.052603,0.1531,0.2309,1333.6,1
0.000242,0.3919,0.7784,3188.8,0
0.002804,0.3738,0.9487,3265.7,0
0.000656,0.3491,0.8537,2177.7,0
0.007832,0.1614,0.066,1117.3,1
0.020299,0.132,0.4564,835.2,1
0.035055,0.079,0.1091,1288.0,1
0.000452,0.373,0.716,3471.8,0
0.001009,0.2937,0.9829,3525.3,0
0.02625,0.1532,0.2416,1443.7,1
0.000587,0.2989,0.7903,3168.4,0
0.024782,0.0759,0.245,1427.2,1
0.00038,0.3547,0.6765,2974.4,0
0.035185,0.1625,0.1314,1157.9,1
0.02442,0.1632,0.425,1172.3,1
0.00042,0.3732,0.6872,2933.1,0
0.000127,0.2747,0.8325,2965.7,0
0.040302,0.1597,0.1675,949.7,1
0.023546,0.0682,0.0458,988.8,1
0.00241,0.3272,0.6427,3007.4,0
0.055512,0.1458,0.3125,1233.4,1
0.001429,0.3922,0.6527,2729.3,0
0.001397,0.3848,0.6029,3040.8,0
0.006833,0.0961,0.1947,1607.8,1
0.000177,0.3081,0.7502,2743.1,0
0.019568,0.1474,0.3991,1244.4,1
0.000919,0.3952,0.8143,3329.8,0
0.001245,0.3,0.8638,1894.5,0
0.01763,0.137,0.1132,1260.6,1
0.000627,0.3336,0.6976,2798.7,0
0.033712,0.1554,0.1364,785.8,1
0.001685,0.4704,0.7205,2736.4,0
0.000705,0.3026,0.9063,3126.2,0
0.001854,0.334,0.624,2567.6,0
0.012293,0.1376,0.2008,662.5,1
0.000345,0.3203,0.9512,2539.2,0
0.038261,0.1616,0.0403,1230.0,1
0.022047,0.1466,0.5059,1178.1,1
0.039232,0.1316,0.0896,1246.0,1
0.000619,0.4412,0.7358,2862.1,0
0.049907,0.1055,0.1545,1112.2,1
0.07228,0.1392,0.0862,1078.5,1
0.044161,0.1182,0.1103,1426.6,1
0.035298,0.1696,0.0808,976.9,1
0.083912,0.166,0.3031,908.4,1
0.040144,0.1112,0.2902,1536.8,1
0.000794,0.3024,0.8481,3747.6,0
0.00029,0.2722,0.6113,2653.7,0
0.024979,0.1164,0.1205,1423.3,1
0.03327,0.1532,0.5479,1242.5,1
0.083497,0.101,0.0974,1902.4,1
0.068974,0.1072,0.1499,1191.7,1
0.000176,0.3526,0.8803,1995.9,0
0.00113,0.3016,0.6576,2510.7,0
0.016671,0.1415,0.3013,1022.9,1
0.00193,0.2261,0.7083,2979.5,0
0.002556,0.2948,0.5218,2985.4,0
0.022313,0.1274,0.1548,1204.8,1
0.001834,0.4113,0.7498,3149.7,0
0.030658,0.1592,0.0426,1089.8,1
0.000251,0.3421,0.9573,3041.7,0
0.043896,0.0852,0.0903,1490.0,1
0.000518,0.3231,0.6457,2258.6,0
0.044376,0.0861,0.2716,984.1,1
0.000567,0.3715,0.5278,3134.2,0
0.00063,0.43,0.8539,2913.9,0
0.001338,0.4157,0.9129,2920.7,0
0.037722,0.0538,0.1368,1492.6,1
0.024542,0.0596,0.1792,1360.3,1
0.000773,0.4171,0.8382,3064.1,0
0.035087,0.114,0.3618,1267.1,1
0.061585,0.1142,0.1025,1174.0,1
0.076083,0.118,0.1344,1113.8,1
0.000813,0.4115,0.6751,2991.5,0
0.074549,0.0913,0.3583,1487.4,1
0.0022,0.4062,0.6043,3158.6,0
0.00029,0.2761,0.7948,2784.3,0
0.02256,0.0865,0.0209,1300.6,1
0.000693,0.3358,0.7359,2890.4,0
0.01871,0.122,0.2916,1725.7,1
0.070482,0.0834,0.3293,1497.7,1
0.033587,0.086,0.2762,1329.2,1
0.090735,0.1368,0.2172,819.4,1
0.000763,0.3427,0.6647,3165.1,0
0.000331,0.2693,0.973,2874.5,0
0.050267,0.1511,0.0567,1018.8,1
0.000975,0.3204,0.7185,3113.4,0
0.000408,0.2789,0.6971,2502.1,0
0.000171,0.4032,0.6477,2153.5,0
0.001507,0.3314,0.6863,2658.9,0
0.000981,0.2254,0.8041,2765.0,0
0.001946,0.3501,0.7442,2734.9,0
0.055118,0.1677,0.0706,1880.7,1
0.032047,0.0942,0.0433,1361.8,1
0.028798,0.2204,0.1499,1577.1,1
0.000445,0.3071,0.6217,2550.3,0
0.001169,0.3849,0.6716,2398.0,0
0.001846,0.3046,0.6928,2031.6,0
0.028962,0.1168,0.3566,1157.1,1
0.034823,0.1348,0.029,1217.6,1
0.001232,0.1764,0.8437,3101.8,0
0.049981,0.0741,0.1082,1032.3,1
0.002191,0.3825,0.6828,1704.1,0
0.02962,0.1438,0.0884,878.5,1
0.023433,0.1407,0.5605,876.5,1
0.051806,0.153,0.0456,1233.0,1
0.040628,0.1242,0.1861,1521.5,1
0.071478,0.1189,0.1052,1492.5,1
0.000449,0.3386,0.6987,2564.5,0
0.042928,0.1233,0.1679,854.1,1
0.002218,0.3481,0.721,3205.6,0
0.037704,0.1732,0.0944,1201.4,1
0.026191,0.1523,0.0418,835.5,1
0.023576,0.1348,0.1474,1130.8,1
0.021689,0.0721,0.1008,1150.3,1
0.033802,0.1493,0.099,1416.8,1
0.0083,0.1046,0.4614,1614.3,1
0.086136,0.1491,0.0443,1464.4,1
0.001011,0.3173,0.6124,2594.4,0
0.000128,0.4152,0.9259,2807.2,0
0.001092,0.2378,0.6972,2801.4,0
0.001218,0.4726,0.8268,2659.0,0
0.037826,0.122,0.2051,1514.4,1
0.000292,0.5,0.893,1767.7,0
0.039736,0.137,0.2213,1080.1,1
0.000476,0.3667,0.8132,2858.6,0
0.000726,0.3077,0.882,3117.6,0
0.058894,0.1193,0.5803,1056.3,1
0.072662,0.0773,0.443,1196.7,1
0.012825,0.1145,0.2079,1462.0,1
0.043388,0.1436,0.1765,1099.9,1
0.052603,0.0817,0.1742,1217.7,1
0.000521,0.4221,0.9323,2131.6,0
0.016262,0.1347,0.2044,1156.3,1
0.050281,0.1489,0.2103,939.2,1
0.067156,0.1905,0.0885,1391.6,1
0.000565,0.2417,0.945,3086.4,0
0.027102,0.1114,0.1341,1279.0,1
0.000191,0.3875,0.7953,3295.4,0
0.00063,0.4216,0.6281,3039.1,0
0.000726,0.3504,0.7381,2182.3,0
0.018423,0.119,0.0211,1033.3,1
0.028529,0.098,0.1988,1168.1,1
0.010311,0.0795,0.1271,1530.0,1
0.053127,0.1153,0.0404,1220.5,1
0.000902,0.3386,0.9531,2706.4,0
0.002446,0.32,0.8532,2776.8,0
0.000103,0.356,0.4809,2731.3,0
0.040716,0.0849,0.4503,1494.2,1
0.000632,0.3474,0.66,2215.3,0
0.055367,0.135,0.2389,1275.6,1
0.133827,0.1645,0.0577,1262.5,1
0.000358,0.2594,0.8626,2248.8,0
0.04028,0.1304,0.0275,1584.5,1
0.043222,0.1428,0.4337,1229.6,1
0.017061,0.0938,0.2215,1646.2,1
0.019837,0.1441,0.3434,1306.2,1
0.000762,0.359,0.8304,3198.6,0
0.000715,0.3321,0.7394,3002.2,0
0.032807,0.1347,0.2523,1062.3,1
0.04077,0.1034,0.2717,1199.0,1
0.000984,0.4281,0.6036,2690.3,0
0.033852,0.1025,0.0362,1091.2,1
0.034369,0.1265,0.0358,770.6,1
0.121851,0.0914,0.0588,852.1,1
0.00068,0.4398,0.6553,3427.7,0
0.030648,0.1581,0.1498,1461.2,1
0.034603,0.1611,0.3785,920.4,1
0.000511,0.2733,0.6523,2687.6,0
0.000171,0.3584,0.8983,2849.9,0
0.067983,0.0757,0.1884,780.6,1
0.001745,0.3609,0.6076,2913.4,0
0.028183,0.0724,0.2621,1571.0,1
0.083085,0.1204,0.2535,1280.1,1
0.000226,0.3731,0.8495,3230.8,0
0.035796,0.1459,0.1289,541.1,1
0.0022,0.2326,0.7259,2550.8,0
0.066466,0.0582,0.229,1533.0,1
0.001072,0.4421,0.8922,3272.2,0
0.019129,0.0946,0.0372,1246.3,1
0.000355,0.3721,0.966,2720.3,0
0.000121,0.4062,0.9708,3257.3,0
0.04254,0.1441,0.2718,1370.3,1
0.000262,0.3409,0.7099,2573.2,0
0.047091,0.1742,0.1153,1276.3,1
0.000211,0.3768,0.5049,2548.4,0
0.050026,0.1509,0.2323,1328.8,1
0.001206,0.4095,0.7952,2829.2,0
0.027629,0.0886,0.0502,1366.3,1
0.029036,0.1018,0.0903,914.5,1
0.00044,0.2839,0.8837,3106.4,0
0.000502,0.2581,0.7576,2225.5,0
0.000346,0.3475,0.6535,2497.5,0
0.087852,0.1138,0.3438,1269.9,1
0.000177,0.3049,0.7349,2911.9,0
0.035616,0.1107,0.2951,1296.8,1
0.002063,0.349,0.8813,3499.3,0
0.001266,0.3475,0.8827,3235.5,0
0.042054,0.0773,0.1044,1484.3,1
0.03055,0.0522,0.2468,993.1,1
0.000708,0.4396,0.6519,2595.0,0
0.00036,0.3085,0.8436,2497.9,0
0.001377,0.2491,0.815,2881.1,0
0.027113,0.1032,0.0718,1469.2,1
0.137153,0.1358,0.1864,949.3,1
0.016788,0.0924,0.2023,1457.3,1
0.02018,0.1934,0.2748,1238.8,1
0.031937,0.1415,0.1724,1129.2,1
0.024228,0.138,0.2126,995.6,1
0.022558,0.1419,0.3166,902.2,1
0.000423,0.5,0.974,2664.3,0
0.000463,0.4031,0.9541,3388.3,0
0.000612,0.39,0.6394,2683.0,0
0.000619,0.3342,0.6974,2621.2,0
0.020671,0.1079,0.28,1107.7,1
0.020124,0.149,0.1485,1473.9,1
0.000272,0.3559,0.7541,2795.5,0
0.001085,0.4638,0.6794,3054.1,0
0.032368,0.0609,0.1618,1316.4,1
0.016008,0.0588,0.2913,980.1,1
0.002012,0.3871,0.6169,2622.1,0
0.032437,0.1774,0.1853,1333.0,1
0.000557,0.3403,0.8224,3332.2,0
0.000646,0.488,0.8752,3094.1,0
0.039412,0.1062,0.0968,1870.6,1
0.018912,0.1349,0.1659,735.4,1
0.000592,0.2883,0.5633,2228.1,0
0.024275,0.1849,0.2082,1613.9,1
0.032079,0.0797,0.5722,1209.3,1
0.073551,0.1271,0.3496,1519.8,1
0.040584,0.1087,0.204,1423.5,1
0.057874,0.1405,0.129,1640.5,1
0.039177,0.1218,0.2274,827.5,1
0.029596,0.085,0.3627,1182.8,1
0.001496,0.2908,0.7503,2817.2,0
0.001436,0.2099,0.6271,2444.3,0
0.000122,0.3541,0.6805,3191.3,0
0.041293,0.1204,0.3468,1562.5,1
0.002656,0.3885,0.8592,2616.9,0
0.01379,0.1312,0.2698,1100.4,1
0.110247,0.1169,0.3799,942.0,1
0.00078,0.3736,0.6462,3210.5,0
0.036147,0.0891,0.1396,1156.7,1
0.000249,0.4553,0.6917,2474.6,0
0.02076,0.1422,0.2227,1445.4,1
0.000746,0.2511,0.7647,2682.0,0
0.027206,0.1015,0.0696,1177.1,1
0.013222,0.1327,0.3017,1287.7,1
0.017396,0.1438,0.3025,1223.8,1
0.068253,0.0883,0.2228,1447.8,1
0.017884,0.0989,0.2808,1378.2,1
0.015417,0.1087,0.2709,1226.1,1
0.041737,0.2015,0.0611,824.5,1
0.031948,0.0938,0.3549,1293.5,1
0.000625,0.408,0.7959,2314.6,0
0.029673,0.1076,0.4931,1560.7,1
0.055907,0.0872,0.4089,1606.1,1
0.016443,0.1444,0.2088,1182.1,1
0.000178,0.3239,0.7787,2836.5,0
0.043934,0.1705,0.0889,1070.3,1
0.000222,0.4267,0.6069,2617.7,0
0.028749,0.0967,0.0545,1310.8,1
0.001238,0.2528,0.6492,3265.8,0
0.119323,0.1463,0.1719,1393.3,1
0.014933,0.1282,0.0681,1125.4,1
0.002061,0.3215,0.8372,3003.7,0
0.054254,0.0642,0.1566,1303.6,1
0.000211,0.3406,0.5388,3632.4,0
0.08838,0.0902,0.0496,1500.1,1
0.017453,0.2044,0.143,1474.6,1
0.047474,0.1247,0.311,1522.0,1
0.033555,0.0749,0.4601,947.3,1
0.028023,0.1084,0.4226,1218.9,1
0.00127,0.3454,0.8607,2257.4,0
0.00167,0.3522,0.7334,2738.3,0
0.027887,0.1092,0.1517,1146.3,1
0.009009,0.1158,0.2317,1301.7,1
0.059366,0.1398,0.5616,1383.0,1
0.045132,0.0873,0.4051,941.9,1
0.000367,0.2843,0.7744,3429.0,0
0.029979,0.13,0.0683,1310.1,1
0.001258,0.4499,0.6415,2531.5,0
0.059653,0.1186,0.1191,1641.6,1
0.001164,0.4051,0.7973,3800.0,0
0.000143,0.3256,0.9766,3340.0,0
0.000462,0.3503,0.9236,1653.9,0
0.001221,0.4497,0.7965,2783.4,0
0.071449,0.1814,0.3047,881.0,1
0.000351,0.2988,0.8505,2989.0,0
0.002213,0.3821,0.7443,3257.5,0
0.001222,0.3341,0.7266,2752.8,0
0.000791,0.322,0.7424,3609.8,0
0.000337,0.4638,0.7141,3241.6,0
0.000518,0.4085,0.8816,1700.3,0
0.046468,0.1011,0.0733,1454.5,1
0.03204,0.0639,0.3014,879.5,1
0.02906,0.1274,0.1168,1352.3,1
0.048427,0.1651,0.1247,1221.0,1
0.000748,0.3803,0.8933,2216.5,0
0.031594,0.0841,0.2225,1289.5,1
0.075478,0.1148,0.0481,1377.0,1
0.024146,0.138,0.126,971.3,1
0.003981,0.3955,0.8208,2285.3,0
0.000655,0.334,0.8485,2791.4,0
0.001656,0.2956,0.8819,2639.3,0
0.001167,0.4063,0.8147,2671.6,0
0.028358,0.1996,0.1534,1497.1,1
0.036886,0.1168,0.3839,811.9,1
0.067287,0.1514,0.3652,1320.9,1
0.033116,0.1275,0.1452,1020.4,1
0.023026,0.0893,0.1138,876.8,1
0.042757,0.1665,0.0823,902.5,1
0.102989,0.1416,0.1924,1189.7,1
0.002044,0.3547,0.7012,2883.5,0
0.002319,0.3827,0.9473,3583.5,0
0.001716,0.3493,0.9552,2853.7,0
0.022105,0.043,0.2978,1456.1,1
0.081355,0.0601,0.138,1558.3,1
0.000948,0.3862,0.6146,2089.3,0
0.021591,0.1089,0.3003,1015.0,1
0.000589,0.3778,0.5955,2393.6,0
0.043221,0.1081,0.2388,1274.6,1
0.003333,0.2922,0.8313,3328.1,0
0.000943,0.2727,0.8211,2777.8,0
0.038974,0.0904,0.3082,957.3,1
0.001951,0.3691,0.7191,1697.0,0
0.000125,0.4368,0.9415,2710.0,0
0.000238,0.4003,0.8292,3013.6,0
0.068432,0.0837,0.0951,1219.1,1
0.041587,0.1615,0.0434,928.9,1
0.000638,0.3845,0.5265,2349.3,0
0.039651,0.1092,0.0541,1036.3,1
0.013633,0.1095,0.1423,1313.9,1
0.001105,0.3736,0.6965,2471.7,0
0.001106,0.4717,0.8893,1897.6,0
0.000304,0.3587,0.7532,2722.1,0
0.000435,0.3814,0.661,2811.5,0
0.035583,0.1001,0.1841,1115.1,1
0.000303,0.3675,0.9846,3442.1,0
0.019049,0.123,0.0322,1046.5,1
0.05042,0.1401,0.0805,1407.9,1
0.000197,0.5,0.8765,2115.6,0
0.029054,0.1052,0.1748,1105.0,1
0.000206,0.3986,0.5503,2951.4,0
0.038218,0.1631,0.3663,1206.0,1
0.02149,0.1011,0.1344,1668.8,1
0.07095,0.1918,0.1185,1698.7,1
0.110184,0.1525,0.2936,1241.7,1
0.000592,0.3646,0.8828,3023.8,0
0.014181,0.1509,0.0251,1562.2,1
0.038531,0.1346,0.1231,1297.9,1
0.056999,0.1258,0.0856,1032.9,1
0.033419,0.1555,0.1737,807.8,1
0.010466,0.1319,0.0411,1602.6,1
0.001446,0.3378,0.9025,3494.6,0
0.000133,0.5,0.9152,2679.4,0
0.02881,0.0901,0.1239,1086.8,1
0.000137,0.3905,0.9423,3274.0,0
0.00862,0.1428,0.0779,1632.4,1
0.018655,0.1389,0.046,1221.4,1
0.000507,0.3379,0.8355,3103.6,0
0.000444,0.3565,0.8288,2365.4,0
0.083473,0.0691,0.0342,1606.3,1
0.000499,0.2595,0.7046,2321.6,0
0.064029,0.1782,0.0388,1332.3,1
0.001479,0.4556,0.8289,2649.5,0
0.090418,0.1028,0.2289,1533.1,1
0.001473,0.2242,0.783,2315.4,0
0.011049,0.1443,0.4054,1755.4,1
0.034093,0.1159,0.3557,1418.1,1
0.008843,0.1145,0.1844,1164.0,1
0.000746,0.3664,0.5752,2845.9,0
0.034402,0.0968,0.2418,1024.6,1
0.034887,0.1158,0.4906,1619.3,1
0.001237,0.2813,0.8022,2286.3,0
0.003302,0.362,0.9762,2816.0,0
0.00097,0.4019,0.8698,2907.8,0
0.062756,0.1573,0.1276,1288.1,1
0.058395,0.1015,0.1427,1297.8,1
0.104977,0.1158,0.1702,1196.6,1
0.002021,0.4585,0.9572,2227.8,0
0.001097,0.2811,0.5206,2482.7,0
0.013679,0.0942,0.2137,1163.5,1
0.031173,0.13,0.1688,1445.9,1
0.046892,0.1969,0.1671,1349.4,1
0.000343,0.3409,0.7929,2081.1,0
0.023729,0.0935,0.2004,1146.3,1
0.00247,0.1573,0.6308,2652.2,0
0.000175,0.3338,0.8084,3278.3,0
0.035748,0.0839,0.2453,1015.8,1
0.032115,0.141,0.0597,1507.4,1
0.027714,0.1086,0.0514,1293.4,1
0.000224,0.3102,0.8968,3067.5,0
0.000556,0.2853,0.796,2495.9,0
0.038475,0.1442,0.39,1108.0,1
0.072665,0.0993,0.2912,897.4,1
0.000322,0.4717,0.7805,2381.2,0
0.00024,0.2981,0.4966,2526.2,0
0.001044,0.4408,0.7196,2962.3,0
0.037238,0.105,0.26,1265.0,1
0.001314,0.3217,0.3744,2892.7,0
0.00086,0.2989,0.9108,3267.0,0
0.003156,0.2495,0.7853,1677.6,0
0.002225,0.3523,0.9795,2169.9,0
0.003261,0.3299,0.9348,3143.1,0
0.091567,0.1025,0.2854,1173.2,1
0.002202,0.3747,0.5461,2924.2,0
0.018571,0.1637,0.2988,893.6,1
0.000515,0.3455,0.9432,2979.8,0
0.026759,0.114,0.2181,1290.0,1
0.026048,0.1029,0.2363,1119.0,1
0.02662,0.052,0.2165,966.4,1
0.03227,0.1116,0.2825,1126.6,1
0.000794,0.4226,0.4707,2915.6,0
0.001239,0.3112,0.6523,2469.7,0
0.026821,0.1218,0.2223,889.6,1
0.026062,0.0654,0.0183,1343.0,1
0.022413,0.0853,0.2814,1237.8,1
0.052389,0.1336,0.2916,751.1,1
0.029788,0.0757,0.2375,1833.2,1
0.033137,0.1184,0.2931,1165.0,1
0.002044,0.3828,0.704,2934.7,0
0.025466,0.1384,0.2317,924.4,1
0.021906,0.143,0.2397,1117.0,1
0.000667,0.3637,0.8561,2574.9,0
0.022642,0.1636,0.4125,1392.5,1
0.003173,0.2973,0.8815,3389.1,0
0.064787,0.0583,0.2054,1362.8,1
0.000744,0.3824,0.9016,2148.5,0
0.037228,0.136,0.1578,1399.6,1
0.030776,0.1242,0.2098,1120.9,1
0.000781,0.1733,0.7687,2054.7,0
0.082027,0.1654,0.1912,1455.5,1
0.024189,0.1209,0.1879,1399.6,1
0.052491,0.1461,0.112,1063.3,1
0.00064,0.4036,0.8312,3141.3,0
0.000306,0.4148,0.8471,2685.0,0
0.000138,0.3371,0.9025,3029.0,0
0.010662,0.1137,0.288,1510.6,1
0.015997,0.0962,0.1145,831.3,1
0.021605,0.0972,0.2036,1711.5,1
0.027982,0.0916,0.0631,1207.7,1
0.043156,0.106,0.3421,1039.0,1
0.022289,0.1,0.1824,1434.0,1
0.001074,0.3423,0.7447,2334.6,0
0.039364,0.1107,0.1454,1424.5,1
0.001328,0.3691,0.9123,3021.0,0
0.036846,0.1302,0.3819,1018.9,1
0.050513,0.1301,0.1756,1196.8,1
0.014256,0.0826,0.3096,1191.6,1
0.001655,0.1717,0.7959,3086.0,0
0.002981,0.3704,0.6644,3478.5,0
0.000343,0.3562,0.9672,3102.1,0
0.001676,0.3874,0.6868,2648.2,0
0.000415,0.1501,0.9687,2534.6,0
0.026924,0.1271,0.1359,1131.3,1
0.024413,0.1097,0.1441,1117.5,1
0.000296,0.4115,0.8797,2988.2,0
0.001375,0.2228,0.8833,2962.8,0
0.000292,0.3814,0.7297,3435.4,0
0.027196,0.1242,0.2729,1130.7,1
0.088215,0.1292,0.2353,1095.8,1
0.015753,0.1705,0.3022,1646.5,1
0.091014,0.0934,0.2647,1238.2,1
0.032096,0.1371,0.2315,1416.0,1
0.023272,0.1317,0.0866,1111.8,1
0.000965,0.3524,0.6697,3800.0,0
0.029316,0.1091,0.3763,1489.9,1
0.000141,0.3192,0.9389,3326.2,0
0.043285,0.0945,0.324,1267.0,1
0.000406,0.3335,0.8109,3013.7,0
0.055146,0.1135,0.1174,1663.3,1
0.029475,0.112,0.0575,1473.1,1
0.007686,0.1331,0.2013,1018.9,1
0.054355,0.1291,0.2388,987.5,1
0.001012,0.2234,0.8874,2922.2,0
0.002543,0.2896,0.8902,2986.7,0
0.000257,0.3981,0.6755,1981.4,0
0.000162,0.4058,0.8608,2825.6,0
0.024475,0.0827,0.4292,1054.9,1
0.000101,0.4664,0.7216,2671.5,0
0.024829,0.1177,0.2205,1200.2,1
0.034271,0.0742,0.4947,1307.5,1
0.045847,0.1216,0.2415,1212.8,1
0.00055,0.4824,0.906,2796.8,0
0.023623,0.1409,0.2355,1025.9,1
0.044374,0.1369,0.1871,883.8,1
0.05364,0.0753,0.1886,1096.2,1
0.019699,0.1619,0.1349,1313.1,1
0.046569,0.1038,0.0535,1268.1,1
0.000263,0.3468,0.8624,2770.5,0
0.020465,0.1372,0.4344,1282.3,1
0.000421,0.3645,0.6454,2462.1,0
0.000203,0.3191,0.8651,2693.4,0
0.000368,0.2522,0.6688,2424.2,0
0.000542,0.2973,0.9117,2219.3,0
0.000136,0.3343,0.8161,3113.1,0
0.000253,0.3007,0.7968,3237.2,0
0.063123,0.1388,0.1595,889.8,1
0.042002,0.152,0.13,982.7,1
0.05334,0.0642,0.1775,1534.3,1
0.001953,0.3161,0.9282,3043.3,0
0.000315,0.3615,0.5873,3092.9,0
0.029034,0.1245,0.1457,1824.5,1
0.001106,0.4254,0.9002,3651.4,0
0.001733,0.2984,0.7934,2587.5,0
0.01781,0.1357,0.0936,821.7,1
0.000107,0.2969,0.7256,3444.0,0
0.067806,0.1727,0.2729,1343.5,1
0.033043,0.1406,0.0648,1517.6,1
0.001864,0.3108,0.8533,2171.5,0
0.000164,0.3491,0.9036,2117.5,0
0.034638,0.1798,0.0687,1283.5,1
0.02319,0.1175,0.0066,1257.1,1
0.000178,0.3419,0.728,2828.9,0
0.023633,0.1489,0.1028,1085.2,1
0.000272,0.2949,0.8781,1996.4,0
0.013214,0.046,0.0648,917.1,1
0.057429,0.1395,0.108,1104.4,1
0.001946,0.3606,0.8042,2678.2,0
0.000574,0.3229,0.8131,2706.9,0
0.000113,0.3101,0.9281,3183.5,0
0.000401,0.4065,0.4801,3059.5,0
0.000731,0.2641,0.9203,2714.4,0
0.012834,0.1141,0.2827,1226.5,1
0.000581,0.4508,0.9005,3097.9,0
0.021712,0.0808,0.1386,1159.3,1
0.020243,0.1532,0.2201,1239.3,1
0.041255,0.1515,0.1186,1346.6,1
0.023706,0.1525,0.1448,1299.1,1
0.000678,0.356,0.7967,2674.2,0
0.067483,0.0418,0.1447,908.3,1
0.081389,0.176,0.2418,1222.5,1
0.000218,0.4124,0.8708,2347.4,0
0.000771,0.3391,0.8104,3123.5,0
0.112872,0.1243,0.0578,1553.0,1
0.000191,0.3362,0.8239,2529.3,0
0.001673,0.4197,0.6584,2551.5,0
0.000351,0.4638,0.7404,3267.0,0
0.000799,0.2903,0.892,2649.0,0
0.05903,0.1346,0.2126,1262.1,1
0.011841,0.0768,0.1501,1731.4,1
0.065194,0.1856,0.3117,1702.2,1
0.000107,0.3101,0.7463,2783.3,0
0.000243,0.3817,0.7079,3220.8,0
0.082136,0.1731,0.0785,1413.8,1
0.000781,0.3294,0.6823,3246.9,0
0.000552,0.2948,0.7226,2765.0,0
0.039144,0.084,0.1949,1366.8,1
0.000504,0.3642,0.6044,2776.5,0
0.041998,0.1317,0.3208,1306.5,1
0.000941,0.3206,0.9074,3468.5,0
0.00085,0.2704,0.9845,3346.3,0
0.000749,0.2436,0.8951,2974.5,0
0.028901,0.1278,0.0849,1263.4,1
0.042624,0.1415,0.0917,1492.7,1
0.036564,0.1402,0.2809,1181.3,1
0.087367,0.0354,0.1027,1418.8,1
0.001169,0.4599,0.8423,2306.8,0
0.041244,0.1485,0.0165,1154.3,1
0.01634,0.0916,0.2262,912.9,1
0.041784,0.0785,0.5331,1572.6,1
0.001171,0.4507,0.7771,3367.6,0
0.020158,0.1305,0.1483,1042.0,1
0.002172,0.3535,0.865,3495.9,0
0.000598,0.1564,0.7192,3118.3,0
0.033426,0.074,0.2563,1336.4,1
0.015989,0.1532,0.2214,1015.4,1
0.00118,0.3178,0.6067,3228.6,0
0.000208,0.3189,0.6503,2484.9,0
0.048228,0.1557,0.1808,1322.4,1
0.035871,0.114,0.1713,1399.3,1
0.047508,0.1311,0.514,1362.4,1
0.038721,0.1179,0.0169,1329.5,1
0.066999,0.1968,0.2528,1871.6,1
0.000481,0.422,0.7774,3011.3,0
0.024345,0.0989,0.2553,926.0,1
0.000147,0.438,0.8257,2319.6,0
0.000344,0.3418,0.6132,2806.2,0
0.070522,0.1667,0.3649,621.2,1
0.000582,0.3242,0.8836,2483.0,0
0.017765,0.1279,0.2396,1099.8,1
0.017962,0.1045,0.2146,1581.1,1
0.081986,0.1379,0.0378,1427.9,1
0.071319,0.095,0.1058,1265.9,1
0.061642,0.1271,0.0828,1098.6,1
0.016668,0.1124,0.1066,1077.2,1
0.062046,0.0856,0.3077,1393.2,1
0.002412,0.3331,0.8045,3538.6,0
0.007749,0.0857,0.46,1191.9,1
0.000109,0.4228,0.4664,3221.0,0
0.033903,0.0645,0.1857,1088.5,1
0.076411,0.1141,0.1526,978.7,1
0.020412,0.1352,0.1223,1127.4,1
0.000368,0.3579,0.8442,3338.1,0
0.00163,0.4106,0.8187,2528.9,0
0.035174,0.1069,0.0802,922.4,1
0.000772,0.362,0.8851,3641.9,0
0.000856,0.3413,0.6471,2516.3,0
0.001267,0.3343,0.9663,3057.5,0
0.043635,0.1317,0.2938,959.9,1
0.062773,0.129,0.0871,1215.8,1
0.000103,0.3159,0.672,2505.8,0
0.000408,0.3214,0.752,2630.5,0
0.000793,0.3916,0.666,2339.1,0
0.02962,0.0873,0.2109,1307.1,1
0.065069,0.2065,0.4361,1330.2,1
0.000285,0.2834,0.8542,1989.5,0
0.001206,0.4054,0.5522,3685.9,0
0.00057,0.3745,0.7692,2900.4,0
0.03169,0.0935,0.1306,1279.2,1
0.025708,0.1262,0.0527,1486.9,1
0.004433,0.3859,0.5279,3113.5,0
0.000537,0.2493,0.9066,2811.3,0
0.000801,0.2743,0.8334,3549.0,0
0.077936,0.1595,0.1499,1077.2,1
0.000197,0.2709,0.9058,2400.4,0
0.048484,0.1338,0.1686,1239.6,1
0.026143,0.0922,0.0531,1438.0,1
0.000449,0.2206,0.9716,2697.7,0
0.005251,0.24,0.7004,3048.1,0
0.001423,0.3556,0.9642,2876.4,0
0.068752,0.0725,0.468,1070.6,1
0.053832,0.1545,0.2365,1376.7,1
0.029754,0.1465,0.4602,1309.5,1
0.035845,0.0675,0.102,1408.8,1
0.00041,0.415,0.7027,2597.6,0
0.006691,0.1485,0.2584,810.1,1
0.032071,0.099,0.3581,1571.5,1
0.000873,0.5,0.6333,3303.5,0
0.044659,0.0824,0.3428,1164.6,1
0.02615,0.1162,0.1574,1189.6,1
0.035463,0.1526,0.1619,1601.9,1
0.041673,0.0819,0.1451,1701.0,1
0.041244,0.0822,0.1883,1475.4,1
0.040429,0.1094,0.1715,1172.3,1
0.002841,0.4182,0.8205,1982.7,0
0.001227,0.4457,0.8589,2531.7,0
0.075383,0.1231,0.0586,1004.2,1
0.002237,0.3351,0.6975,2708.9,0
0.000939,0.3729,0.9779,2946.7,0
0.000236,0.3179,0.8153,2900.7,0
0.000557,0.4787,0.9346,3243.4,0
0.032135,0.1268,0.1345,1388.8,1
0.021977,0.1661,0.1776,1423.3,1
0.001176,0.3388,0.8761,2988.0,0
0.002182,0.3226,0.7507,2724.0,0
0.001517,0.345,0.6768,2873.7,0
0.028372,0.1236,0.2542,1090.2,1
0.019223,0.1365,0.4367,1457.5,1
0.000317,0.3086,0.8458,2182.7,0
0.015693,0.1381,0.4441,1193.6,1
0.044106,0.1304,0.0452,803.2,1
0.058834,0.1437,0.2933,939.5,1
0.098747,0.1672,0.1558,1612.4,1
0.000394,0.3932,0.7109,2244.2,0
0.024077,0.1107,0.1712,1318.6,1
0.058049,0.1478,0.3074,1632.1,1
0.05578,0.1175,0.1741,1344.7,1
0.057811,0.0758,0.2766,1017.8,1
0.099606,0.1316,0.0884,1230.7,1
0.037752,0.1028,0.2523,1503.9,1
0.000548,0.4759,0.854,2824.6,0
0.030621,0.1548,0.1482,1053.1,1
0.025239,0.1606,0.2302,1618.3,1
0.023908,0.1215,0.1451,1561.5,1
0.000815,0.5,0.6995,3800.0,0
0.00298,0.4117,0.7684,2722.2,0
0.002827,0.3316,0.9402,2709.7,0
0.097146,0.0881,0.3885,1170.7,1
0.01198,0.1948,0.2153,742.1,1
0.000909,0.3976,0.7011,3439.6,0
0.031305,0.0737,0.0467,1508.9,1
0.028596,0.1537,0.1418,1230.7,1
0.042587,0.2118,0.0879,1675.8,1
0.038286,0.0663,0.0925,1166.9,1
0.020138,0.141,0.2173,1408.4,1
0.026819,0.0807,0.2973,1527.0,1
0.000288,0.4538,0.8499,2945.4,0
0.018394,0.0451,0.2557,946.1,1
0.0348,0.1228,0.2849,1222.4,1
0.019098,0.1355,0.2019,1137.7,1
0.034227,0.0715,0.2867,1735.7,1
0.021878,0.1355,0.3711,850.0,1
0.000213,0.3347,0.7428,3599.2,0
0.04731,0.1803,0.2735,808.5,1
0.000348,0.3897,0.8334,3257.2,0
0.002171,0.4223,0.7989,2296.2,0
0.048741,0.1165,0.265,1534.7,1
0.062133,0.1653,0.0403,1009.9,1
0.001409,0.4301,0.8735,2519.5,0
0.000988,0.363,0.7,3115.5,0
0.04584,0.1184,0.0352,1329.7,1
0.003038,0.2347,0.7253,2073.5,0
0.015098,0.1383,0.0977,1132.2,1
0.020383,0.1159,0.0649,1327.8,1
0.042837,0.0908,0.1096,1501.5,1
0.000977,0.3426,0.7011,2837.5,0
0.000506,0.4536,0.7642,2868.8,0
0.027396,0.1427,0.1223,1107.4,1
0.028009,0.1589,0.3839,1423.7,1
0.001229,0.2787,0.7731,2935.7,0
0.031834,0.1054,0.2906,1451.6,1
0.000791,0.2973,0.7903,3490.9,0
0.01597,0.1569,0.0811,1018.1,1
0.001324,0.4307,0.7183,2401.5,0
0.056562,0.1072,0.1502,1484.8,1
0.003854,0.3116,0.494,2369.4,0
0.001209,0.2813,0.8366,2545.9,0
0.001179,0.4879,0.8712,2374.0,0
0.002618,0.301,0.9023,3439.3,0
0.026146,0.1494,0.2306,1271.7,1
0.021949,0.0818,0.2,1547.4,1
0.001764,0.3437,0.7353,3152.6,0
0.000277,0.2646,0.9343,2465.3,0
0.054043,0.1145,0.3174,1030.2,1
0.016531,0.1195,0.1349,1355.3,1
0.073785,0.1798,0.1656,1231.8,1
0.000732,0.2578,0.9135,3176.6,0
0.001091,0.3109,0.8148,2412.1,0
0.037316,0.1536,0.305,1230.7,1
0.001066,0.383,0.4725,2840.0,0
0.049261,0.0941,0.1813,1200.1,1
0.001914,0.3174,0.9334,2678.6,0
0.033217,0.1594,0.1993,1487.8,1
0.000773,0.3178,0.9408,2376.8,0
0.052776,0.1151,0.352,886.6,1
0.031696,0.134,0.2055,1678.0,1
0.050529,0.1332,0.2966,1108.6,1
0.001247,0.291,0.766,3078.2,0
0.024505,0.0873,0.143,1349.6,1
0.036665,0.0487,0.1557,1181.2,1
0.03307,0.1722,0.3159,1356.8,1
0.025335,0.0965,0.2571,1219.9,1
0.019007,0.1205,0.1244,1198.1,1
0.023282,0.1389,0.476,1201.1,1
0.001212,0.449,0.502,3285.3,0
0.025284,0.0903,0.2362,1515.7,1
0.038265,0.0878,0.3564,1138.1,1
0.000599,0.3548,0.801,3440.4,0
0.001326,0.2683,0.7135,3022.7,0
0.001417,0.4489,0.588,2661.0,0
0.032645,0.1015,0.0819,828.9,1
0.030518,0.1024,0.2857,1294.8,1
0.026132,0.1071,0.3077,1211.4,1
0.031921,0.1309,0.1217,1235.7,1
0.001224,0.2938,0.8367,3118.9,0
0.001365,0.368,0.4356,3323.2,0
0.000665,0.2897,0.6931,3729.6,0
0.002093,0.2793,0.9232,3184.2,0
0.001272,0.3342,0.6915,2795.1,0
0.001173,0.3427,0.6501,2407.7,0
0.047879,0.0859,0.3714,1444.1,1
0.029655,0.1016,0.0194,1278.2,1
0.059348,0.1362,0.2485,1004.8,1
0.026276,0.1151,0.1932,1566.3,1
0.022034,0.1477,0.1285,1519.3,1
0.00019,0.4252,0.7729,3067.2,0
0.052901,0.1554,0.175,1447.9,1
0.023718,0.0513,0.3239,1299.5,1
0.001435,0.2325,0.5237,3178.7,0
0.001461,0.4362,0.6898,2685.0,0
0.014261,0.1592,0.4058,1189.6,1
0.000224,0.3455,0.5729,2905.9,0
0.040067,0.1081,0.0543,1531.8,1
0.075001,0.0911,0.1911,1445.2,1
0.001619,0.404,0.4055,2357.1,0
0.000298,0.3299,0.744,3167.7,0
0.000725,0.3872,0.4182,3012.8,0
0.001211,0.3697,0.9007,2896.5,0
0.003446,0.3991,0.8412,2790.7,0
0.037835,0.123,0.5923,1265.1,1
0.003156,0.3014,0.4592,3712.5,0
0.02609,0.1834,0.2185,1274.7,1
0.001472,0.3259,0.7056,3670.9,0
0.025528,0.1299,0.1449,1368.3,1
0.002085,0.28,0.5236,3405.9,0
0.003132,0.3447,0.8289,2323.8,0
0.04165,0.1136,0.1913,1220.4,1
0.042763,0.1065,0.3996,1300.9,1
0.000717,0.2983,0.8247,3239.5,0
0.028091,0.1276,0.2228,1022.7,1
0.024936,0.1815,0.1617,816.2,1
0.05132,0.1725,0.1633,1332.5,1
0.000709,0.32,0.9589,2969.3,0
0.000552,0.2618,0.9361,2667.6,0
0.040331,0.1448,0.1013,1387.2,1
0.071314,0.1229,0.0541,1122.7,1
0.000351,0.2998,0.9649,2383.4,0
0.024864,0.1683,0.0898,1227.4,1
0.01541,0.1316,0.3396,1566.8,1
0.00061,0.2789,0.8525,2026.5,0
0.0581,0.1542,0.2012,1102.8,1
0.000285,0.343,0.8995,3800.0,0
0.006292,0.0975,0.4004,1005.9,1
0.022553,0.0933,0.1671,1411.2,1
0.045504,0.0921,0.136,975.8,1
0.000318,0.3498,0.7543,2346.4,0
0.00156,0.3343,0.6245,3390.0,0
0.000478,0.2759,0.8503,2301.2,0
0.00052,0.3776,0.8596,3082.9,0
0.000391,0.3543,0.8278,2797.9,0
0.041806,0.0922,0.3507,961.4,1
0.000723,0.2123,0.843,3158.2,0
0.000854,0.3885,0.7422,2809.3,0
0.041784,0.1107,0.2937,1470.6,1
0.002451,0.3979,0.8203,3480.4,0
0.081253,0.1549,0.0982,1022.5,1
0.00014,0.355,0.8425,2636.1,0
0.070994,0.1168,0.3488,1233.8,1
0.000194,0.3353,0.7429,2943.0,0
0.001339,0.4606,0.9175,3400.4,0
0.050071,0.1208,0.0356,1806.4,1
0.001918,0.2288,0.5307,2601.4,0
0.018561,0.1182,0.1675,1633.4,1
0.00064,0.2371,0.7285,2715.4,0
0.000717,0.4491,0.8927,2919.0,0
0.041753,0.1534,0.1584,1412.9,1
0.00032,0.3388,0.8047,3041.3,0
0.051776,0.1107,0.0772,1271.6,1
0.024742,0.1087,0.1221,1329.1,1
0.029083,0.0714,0.1593,1099.7,1
0.037982,0.1573,0.1329,1071.7,1
0.000347,0.3887,0.7158,2996.5,0
0.000255,0.4504,0.7732,2921.6,0
0.000928,0.457,0.9596,3549.5,0
0.048787,0.0854,0.2256,912.8,1
0.05137,0.123,0.144,1283.4,1
0.001169,0.47,0.8984,1937.6,0
0.031171,0.096,0.171,1323.0,1
0.000746,0.3835,0.888,2551.0,0
0.121019,0.1051,0.1549,1281.0,1
0.075332,0.1155,0.2445,1469.6,1
0.013101,0.157,0.4051,1457.5,1
0.131116,0.0461,0.1434,1250.7,1
0.002945,0.4263,0.7184,2641.2,0
0.004204,0.3075,0.6702,2882.5,0
0.001842,0.427,0.5191,3006.8,0
0.000179,0.4524,0.6701,3271.8,0
0.000924,0.2865,0.8766,3386.5,0
0.019039,0.2144,0.1537,1556.9,1
0.016622,0.1195,0.4835,1334.8,1
0.023612,0.0853,0.1771,1169.3,1
0.00032,0.3898,0.899,3743.2,0
0.049226,0.0805,0.0374,1038.3,1
0.021163,0.134,0.0212,1134.6,1
0.00128,0.2979,0.8222,2550.9,0
0.061795,0.1545,0.0557,1279.6,1
0.03104,0.134,0.1573,1036.0,1
0.00068,0.3557,0.6087,3039.6,0
0.113173,0.0847,0.2934,1111.4,1
0.023766,0.0772,0.2808,1170.9,1
0.000402,0.2723,0.6325,2283.8,0
0.082903,0.1228,0.1424,1321.7,1
0.030732,0.1502,0.1978,1548.6,1
0.064205,0.1603,0.2613,767.9,1
0.041631,0.1493,0.2094,1517.7,1
0.00298,0.3777,0.9335,3664.1,0
0.052871,0.1851,0.129,1234.1,1
0.083521,0.0868,0.0483,1052.5,1
0.000253,0.3168,0.8226,3071.0,0
0.036089,0.1468,0.2781,1447.0,1
0.04231,0.1692,0.1065,1369.5,1
0.064491,0.1827,0.125,1156.1,1
0.000187,0.3259,0.715,3800.0,0
0.090435,0.1457,0.2285,970.7,1
0.000971,0.3752,0.8144,2552.7,0
0.000444,0.2418,0.7887,2732.9,0
0.001609,0.3347,0.7307,2510.7,0
0.001596,0.325,0.6995,3550.5,0
0.085061,0.0607,0.2958,872.8,1
0.025505,0.1092,0.1654,1367.6,1
0.002607,0.3974,0.8108,3603.1,0
0.023537,0.1404,0.2346,1201.3,1
0.035392,0.1277,0.1344,1742.8,1
0.0127,0.172,0.2287,1156.4,1
0.000619,0.3586,0.7036,3201.5,0
0.109657,0.0976,0.0923,1000.8,1
0.03787,0.1435,0.1664,989.9,1
0.030086,0.0595,0.1747,1242.5,1
0.001431,0.498,0.7158,2544.1,0
0.001051,0.2979,0.8949,2633.7,0
0.102454,0.0987,0.2326,1042.5,1
0.039251,0.167,0.1493,1543.2,1
0.068818,0.1336,0.0388,1225.6,1
0.006593,0.1132,0.3358,1226.5,1
0.000422,0.3039,0.964,3589.0,0
0.094012,0.1716,0.157,1046.1,1
0.027608,0.085,0.1926,1101.7,1
0.001318,0.3925,0.5691,2258.3,0
0.047917,0.1484,0.1518,856.0,1
0.014787,0.1307,0.3103,1001.6,1
0.001152,0.341,0.7202,2418.4,0
0.085134,0.1824,0.0811,925.5,1
0.000314,0.4089,0.6554,3719.8,0
0.05327,0.0848,0.0502,1213.2,1
0.104768,0.1204,0.2606,891.7,1
0.038483,0.1516,0.2646,1563.9,1
0.052218,0.1597,0.3224,1084.5,1
0.00148,0.3986,0.8213,3778.2,0
0.022165,0.2088,0.0437,1591.8,1
0.093221,0.2188,0.0702,1107.4,1
0.001756,0.3601,0.682,2233.4,0
0.016413,0.1178,0.3613,698.2,1
0.050643,0.1082,0.0906,1154.7,1
0.000253,0.3694,0.8467,2657.0,0
0.02766,0.1723,0.0385,1505.9,1
0.050719,0.1318,0.1853,1541.2,1
0.000232,0.4035,0.8128,2986.7,0
0.03343,0.1443,0.0351,1397.8,1
0.000507,0.3575,0.813,3150.8,0
0.002106,0.3923,0.9775,2577.9,0
0.00075,0.2334,0.8595,3085.6,0
0.040568,0.1367,0.1808,1326.3,1
0.03516,0.1846,0.1219,1501.4,1
0.002003,0.2894,0.7647,2972.4,0
0.000204,0.3301,0.8929,2171.7,0
0.052886,0.1015,0.0359,1151.1,1
0.000246,0.4198,0.7353,2677.5,0
0.012937,0.0628,0.2515,1416.8,1
0.021039,0.1282,0.147,1703.0,1
0.032056,0.1369,0.2037,879.3,1
0.039644,0.1628,0.1263,947.5,1
0.001053,0.3839,0.7171,3249.3,0
0.039029,0.2177,0.1309,756.3,1
0.059113,0.0995,0.4312,1223.3,1
0.035978,0.0802,0.2467,1074.1,1
0.001241,0.306,0.8137,2623.5,0
0.037663,0.1155,0.0488,1266.0,1
0.001142,0.3646,0.6398,3343.7,0
0.000422,0.2553,0.6562,3604.5,0
0.000427,0.3943,0.8287,3372.6,0
0.015036,0.1486,0.3238,1263.7,1
0.035978,0.0967,0.2034,1500.4,1
0.035769,0.0713,0.2449,1375.0,1
0.02578,0.1707,0.3706,1409.3,1
0.000199,0.2997,0.6546,3214.4,0
0.042888,0.1565,0.0942,1273.8,1
0.001569,0.3299,0.368,2426.5,0
0.054926,0.1088,0.0191,1370.3,1
0.013874,0.1465,0.1007,1465.3,1
0.083349,0.1324,0.2278,1189.2,1
0.076334,0.0874,0.3113,1162.7,1
0.003396,0.3724,0.7051,3062.9,0
0.014443,0.044,0.2197,1260.4,1
0.027439,0.078,0.2875,1461.4,1
0.028658,0.1811,0.1912,1192.2,1
0.000107,0.2497,0.7956,2176.1,0
0.042483,0.1451,0.0743,1544.2,1
0.022699,0.1441,0.1138,1698.8,1
0.001158,0.2863,0.5234,3745.8,0
0.000574,0.4332,0.9484,2266.0,0
0.08586,0.079,0.0315,1200.7,1
0.061373,0.1245,0.1002,1435.5,1
0.001471,0.38,0.7892,2899.7,0
0.000516,0.4169,0.7031,2776.4,0
0.000434,0.3722,0.6275,2753.8,0
0.001432,0.3201,0.7906,3800.0,0
0.059235,0.1104,0.0732,1052.5,1
0.022578,0.1485,0.1834,1560.4,1
0.040293,0.0725,0.1668,997.1,1
0.048033,0.1154,0.0944,1383.2,1
0.002016,0.3324,0.6144,3546.1,0
0.03701,0.1282,0.1706,1047.9,1
0.045691,0.1374,0.085,1376.7,1
0.098975,0.091,0.1507,1132.6,1
0.039863,0.1079,0.4181,1085.2,1
0.001862,0.3418,0.9296,2348.7,0
0.027208,0.1473,0.3464,961.5,1
0.00204,0.3906,0.6735,3039.6,0
0.016308,0.055,0.1062,1575.1,1
0.00108,0.3925,0.7114,2530.1,0
0.002028,0.2382,0.7264,3734.5,0
0.073004,0.0929,0.2347,1092.7,1
0.000687,0.3276,0.6795,2846.0,0
0.032537,0.1211,0.2086,1325.5,1
0.002567,0.2217,0.8053,3645.0,0
0.047719,0.079,0.3326,1278.5,1
0.019842,0.1362,0.0399,1331.2,1
0.033832,0.0818,0.3738,1360.7,1
0.000495,0.348,0.8569,3387.4,0
0.000431,0.4929,0.756,2574.9,0
0.000992,0.3463,0.7529,2729.6,0
0.002268,0.3814,0.6505,2746.1,0
0.033402,0.1163,0.0305,919.4,1
0.030248,0.1982,0.14,1285.2,1
0.014117,0.1136,0.0317,831.1,1
0.033386,0.1619,0.0575,1285.7,1
0.031214,0.0906,0.099,1401.9,1
0.039375,0.0972,0.1767,1370.6,1
0.00166,0.3926,0.7014,3112.6,0
0.030716,0.0957,0.1142,1220.8,1
0.039307,0.1124,0.0309,1418.2,1
0.034908,0.0968,0.2874,1207.7,1
0.001726,0.345,0.8958,2299.2,0
0.000468,0.349,0.6767,3250.6,0
0.106138,0.1658,0.1323,782.0,1
0.029673,0.1286,0.3406,1043.3,1
0.032342,0.1265,0.0542,1398.5,1
0.000339,0.1594,0.8477,3433.0,0
0.0662,0.1638,0.2772,1105.7,1
0.000377,0.347,0.8527,3410.8,0
0.000272,0.3444,0.4726,2813.8,0
0.00106,0.2931,0.7557,3353.9,0
0.011697,0.117,0.1865,946.4,1
0.024527,0.1886,0.2392,1537.1,1
0.001127,0.4193,0.8827,2795.7,0
0.03461,0.1321,0.4178,1271.4,1
0.002548,0.306,0.7955,3065.6,0
0.057756,0.0692,0.4353,1263.7,1
0.059831,0.1396,0.3712,1182.4,1
0.051903,0.1236,0.1309,1502.9,1
0.000228,0.3114,0.8695,2643.6,0
0.040548,0.1102,0.0692,1464.0,1
0.025779,0.159,0.0684,1597.3,1
0.00152,0.338,0.8212,2640.4,0
0.044615,0.1365,0.1136,1551.5,1
0.000237,0.2979,0.5002,2503.6,0
0.113172,0.1114,0.1219,1648.3,1
0.000187,0.3748,0.9255,3629.2,0
0.043615,0.1766,0.0492,1126.0,1
0.058303,0.1013,0.066,1337.5,1
0.005456,0.4542,0.7763,3184.5,0
0.000639,0.2487,0.8833,2527.0,0
0.000797,0.3913,0.8424,2256.9,0
0.05827,0.0734,0.1454,1513.6,1
0.001112,0.3839,0.9124,2646.1,0
0.04874,0.0672,0.4347,932.1,1
0.000766,0.3722,0.8597,2877.0,0
0.003682,0.3247,0.7806,2745.7,0
0.022476,0.1597,0.4578,1235.2,1
0.000613,0.3439,0.6171,2962.7,0
0.029402,0.1724,0.3638,1136.4,1
0.006086,0.1603,0.1897,1333.6,1
0.078669,0.1926,0.1655,1699.9,1
0.047067,0.1359,0.1926,1423.7,1
0.022357,0.1364,0.1792,1342.0,1
0.000923,0.3295,0.9235,2709.3,0
0.000273,0.4297,0.7717,1904.7,0
0.000485,0.4104,0.8585,2822.9,0
0.03925,0.1183,0.2603,1144.2,1
0.000118,0.3933,0.5559,3173.0,0
0.046765,0.1614,0.0715,858.6,1
0.006882,0.1142,0.1027,1339.3,1
0.020497,0.0778,0.3193,1257.6,1
0.022664,0.1672,0.2113,1254.6,1
0.001908,0.3477,0.8303,3522.7,0
0.015242,0.1242,0.0406,1790.4,1
0.016098,0.0808,0.2688,1324.3,1
0.001741,0.3014,0.7104,1967.3,0
0.001173,0.3872,0.6904,2540.0,0
0.056149,0.1335,0.4249,1487.5,1
0.039238,0.0937,0.2353,1422.0,1
0.061354,0.0542,0.2005,996.2,1
0.132357,0.1441,0.2652,1241.3,1
0.091861,0.1055,0.0501,1257.1,1
0.027274,0.1261,0.1528,1529.6,1
0.00225,0.2373,0.6618,3140.0,0
0.000116,0.4567,0.7466,2609.1,0
0.000169,0.3373,0.5871,2566.7,0
0.048519,0.0896,0.1919,1598.2,1
0.017774,0.1252,0.1567,1609.6,1
0.035327,0.1345,0.7228,1236.9,1
0.001105,0.3361,0.6849,3420.6,0
0.030786,0.1218,0.3737,1156.9,1
0.036589,0.0783,0.0661,1482.6,1
0.052927,0.1436,0.0515,1452.3,1
0.036724,0.0889,0.2792,1249.4,1
0.001283,0.2763,0.8406,2693.1,0
0.058174,0.1025,0.219,1299.0,1
0.000489,0.4052,0.7068,3201.9,0
0.000667,0.3237,0.8371,2585.0,0
0.053725,0.1428,0.1747,1584.8,1
0.042427,0.0815,0.1422,1130.4,1
0.051124,0.1729,0.2823,1553.6,1
0.070342,0.1571,0.0747,789.3,1
0.01842,0.1346,0.1021,1315.4,1
0.127082,0.0389,0.0348,1314.7,1
0.047983,0.0905,0.2503,966.0,1
0.000357,0.3885,0.4821,2764.1,0
0.000897,0.4293,0.8649,3236.8,0
0.000173,0.3912,0.6061,2553.4,0
0.09282,0.0862,0.4288,987.3,1
0.000923,0.4005,0.7492,2258.1,0
0.002623,0.3677,0.7872,2386.1,0
0.002557,0.3008,0.6877,2835.9,0
0.054215,0.0766,0.0988,1243.4,1
0.000214,0.2779,0.7554,3800.0,0
0.065541,0.1941,0.2612,1465.9,1
0.001987,0.3206,0.6112,3085.4,0
0.06774,0.1095,0.3957,1354.7,1
0.00207,0.3487,0.4608,3361.7,0
0.001232,0.3036,0.9221,3711.3,0
0.026352,0.0846,0.0619,1104.8,1
0.000175,0.4709,0.7425,2597.1,0
0.000149,0.3473,0.661,2824.0,0
0.001047,0.3837,0.9486,3182.8,0
0.000137,0.3486,0.7418,3101.0,0
0.001444,0.3279,0.902,2078.0,0
0.001346,0.4011,0.6778,2453.2,0
0.082465,0.1449,0.206,1862.7,1
0.044434,0.0867,0.09,1329.1,1
0.014327,0.1139,0.2958,1267.9,1
0.002448,0.4444,0.6504,2973.6,0
0.048211,0.1579,0.032,1253.3,1
0.000319,0.2923,0.818,2701.6,0
0.000579,0.3571,0.9389,1986.6,0
0.022737,0.1364,0.0384,1580.9,1
0.001592,0.2748,0.79,2602.7,0
0.000801,0.3832,0.9313,2713.4,0
0.0504,0.1265,0.1322,1090.4,1
0.052292,0.1477,0.0612,1228.3,1
0.016301,0.1116,0.2624,1375.4,1
0.05441,0.052,0.0686,1122.7,1
0.042803,0.1015,0.2527,1183.6,1
0.000171,0.3633,0.8309,2049.8,0
0.000988,0.4572,0.844,2720.5,0
0.000298,0.4119,0.8268,3233.1,0
0.000131,0.3358,0.8142,1998.3,0
0.000508,0.5,0.6042,3263.3,0
0.017937,0.1485,0.2434,1011.7,1
0.040018,0.1672,0.2922,1245.2,1
0.030795,0.0996,0.1975,772.9,1
0.00142,0.3205,0.5792,3064.3,0
0.049907,0.1532,0.1638,1213.3,1
0.041393,0.087,0.0873,849.5,1
0.049345,0.0672,0.2406,1144.7,1
0.000348,0.158,0.7391,2474.1,0
0.035778,0.164,0.1987,1450.3,1
0.001036,0.3265,0.7235,2643.4,0
0.004363,0.355,0.7092,3417.8,0
0.000538,0.2689,0.6388,2501.6,0
0.027253,0.1394,0.0927,1627.8,1
0.019483,0.0928,0.2028,1192.4,1
0.002381,0.325,0.4924,3441.3,0
0.001302,0.3918,0.6353,2204.4,0
0.039168,0.125,0.0976,1241.7,1
0.000233,0.3946,0.8205,3540.2,0
0.000245,0.4184,0.8294,2150.9,0
0.000219,0.424,0.8403,2652.4,0
0.055564,0.1788,0.1804,1246.0,1
0.000336,0.3222,0.8373,3162.1,0
0.00113,0.4623,0.7911,2505.6,0
0.000826,0.2857,0.9382,3150.3,0
0.018462,0.1014,0.3188,1237.7,1
0.039899,0.1276,0.2838,1626.6,1
0.055766,0.1088,0.4787,1043.2,1
0.000144,0.3579,0.7772,2712.7,0
0.055688,0.1159,0.2704,1121.6,1
0.000127,0.2161,0.6017,3030.1,0
0.054426,0.0818,0.0619,1335.0,1
0.035853,0.1293,0.0478,1092.0,1
0.039306,0.109,0.1946,1717.0,1
0.010088,0.0849,0.1507,1411.0,1
0.026928,0.1363,0.0158,1307.9,1
0.000118,0.3386,0.8676,3065.4,0
0.021804,0.0992,0.0609,1410.9,1
0.001036,0.4359,0.9058,1995.0,0
0.044659,0.1125,0.0993,625.3,1
0.001285,0.3477,0.8638,3789.2,0
0.001639,0.3594,0.8426,2951.8,0
0.001999,0.3641,0.8306,3331.2,0
0.000244,0.2738,0.8011,2565.5,0
0.043607,0.0938,0.042,1044.3,1
0.058553,0.0729,0.0248,1035.3,1
0.001579,0.237,0.4459,3648.3,0
0.000224,0.4105,0.808,2984.6,0
0.045366,0.1016,0.1883,1305.6,1
0.002656,0.3677,0.8937,2824.8,0
0.016311,0.0838,0.2979,1283.2,1
0.049333,0.1356,0.0944,1042.7,1
0.059578,0.058,0.2163,1626.4,1
0.052279,0.1377,0.0574,932.6,1
0.00026,0.2861,0.7895,2882.4,0
0.018917,0.0815,0.112,794.6,1
0.000317,0.4201,0.8047,2777.4,0
0.002341,0.3148,0.8938,2776.2,0
0.029982,0.1441,0.144,1321.0,1
0.001443,0.3439,0.5338,2775.0,0
0.038662,0.1254,0.3132,1381.2,1
0.04039,0.1402,0.122,1285.1,1
0.06309,0.1033,0.1497,1723.2,1
0.048374,0.1286,0.0633,1621.7,1
0.000823,0.3814,0.6818,2536.9,0
0.000756,0.3355,0.4886,3334.3,0
0.044825,0.0918,0.0577,1033.9,1
0.000584,0.2561,0.7505,2822.4,0
0.034166,0.0729,0.2649,1557.8,1
0.026777,0.1093,0.3262,1122.6,1
0.065121,0.1113,0.3501,1669.4,1
0.0002,0.3681,0.5857,1779.3,0
0.003814,0.3266,0.8604,2557.2,0
0.000655,0.3531,0.861,2193.1,0
0.000102,0.4214,0.8937,2119.7,0
0.024948,0.0916,0.1124,1455.5,1
0.001066,0.3555,0.9459,2770.6,0
0.001597,0.3368,0.9511,2037.5,0
0.002964,0.4852,0.7645,2700.2,0
0.060302,0.1232,0.1554,1362.2,1
0.059054,0.1448,0.158,1249.3,1
0.000133,0.3667,0.8988,3160.3,0
0.001344,0.4071,0.8524,2862.6,0
0.000356,0.3534,0.7877,2237.7,0
0.000308,0.354,0.637,3075.4,0
0.02678,0.1285,0.0774,1294.8,1
0.014291,0.1585,0.0775,1529.2,1
0.002584,0.3552,0.6386,2478.5,0
0.000143,0.4472,0.8662,2818.7,0
0.023251,0.0203,0.134,1292.3,1
0.034075,0.1225,0.4889,1078.6,1
0.017689,0.0564,0.1958,1149.6,1
0.000749,0.3202,0.8259,3203.0,0
0.043788,0.0885,0.159,1115.9,1
0.000766,0.4201,0.6396,2398.5,0
0.028173,0.0901,0.0619,1825.0,1
0.034514,0.0792,0.1979,1207.6,1
0.000443,0.274,0.858,3410.1,0
0.00029,0.399,0.7791,2141.9,0
0.000645,0.3276,0.8061,2792.8,0
0.000701,0.2807,0.8811,2861.7,0
0.00102,0.2377,0.9346,3220.1,0
0.000409,0.3176,0.7257,3580.6,0
0.025379,0.0641,0.2146,932.5,1
0.023162,0.0728,0.3308,1122.4,1
0.000922,0.2572,0.8604,2857.5,0
0.075303,0.0826,0.0266,1187.2,1
0.000332,0.3889,0.8063,2532.1,0
0.055003,0.0601,0.2937,834.8,1
0.001056,0.3533,0.8346,2882.0,0
0.088616,0.153,0.4063,886.0,1
0.048243,0.0657,0.2103,1396.6,1
0.029675,0.1159,0.2385,949.8,1
0.057128,0.1154,0.3292,1115.8,1
0.000581,0.4287,0.908,2621.7,0
0.032379,0.0966,0.1399,1047.5,1
0.000174,0.3512,0.8578,2939.6,0
0.000281,0.3104,0.8995,3006.4,0
0.005018,0.262,0.4341,2173.0,0
0.007955,0.1492,0.282,1816.1,1
0.00239,0.4622,0.9327,2835.5,0
0.035945,0.1182,0.3257,1073.3,1
0.050012,0.1349,0.1289,966.6,1
0.054671,0.1538,0.2385,920.6,1
0.031227,0.0494,0.1372,1025.1,1
0.001001,0.2894,0.6613,2715.4,0
0.002615,0.3598,0.79,2780.2,0
0.003089,0.4886,0.7934,2869.0,0
0.001971,0.4775,0.8166,2804.8,0
0.002037,0.2853,0.9333,3141.3,0
0.001156,0.2526,0.7449,2446.7,0
0.000349,0.3746,0.8302,2619.4,0
0.025195,0.1246,0.1346,1285.7,1
0.030745,0.1289,0.2133,1320.5,1
0.000846,0.3882,0.6625,2986.3,0
0.051701,0.0806,0.3055,1617.3,1
0.000952,0.3203,0.8372,2664.2,0
0.001273,0.3057,0.8333,2567.0,0
0.050408,0.0599,0.16,1311.5,1
0.027787,0.0901,0.301,1341.3,1
0.000985,0.2333,0.8512,2735.7,0
0.012671,0.1376,0.1644,890.2,1
0.056742,0.088,0.2131,1057.2,1
0.054648,0.0742,0.3984,1012.8,1
0.044454,0.1019,0.0481,1291.4,1
0.033367,0.1463,0.4483,1399.1,1
0.000513,0.4354,0.8605,3626.0,0
0.000451,0.3465,0.8696,3103.7,0
0.000527,0.3388,0.76,2723.9,0
0.057721,0.0938,0.0891,1043.7,1
0.024633,0.1247,0.2463,1311.1,1
0.001542,0.3609,0.7885,3134.0,0
0.030769,0.1031,0.0551,1328.3,1
0.015283,0.1284,0.0822,1492.6,1
0.072873,0.0884,0.3902,1386.9,1
0.076803,0.1121,0.0142,1111.1,1
0.02321,0.111,0.2405,950.4,1
0.000647,0.3743,0.9361,2952.8,0
0.033983,0.1066,0.0684,1406.8,1
0.000626,0.2865,0.9395,2548.1,0
0.055238,0.1333,0.1283,1699.9,1
0.00029,0.2668,0.9041,2645.4,0
0.039847,0.1059,0.2347,1311.9,1
0.022311,0.1362,0.1241,1211.7,1
0.000407,0.2726,0.802,1771.1,0
0.043118,0.076,0.0668,1412.5,1
0.052741,0.1384,0.2464,1661.5,1
0.026985,0.1625,0.0687,1317.3,1
0.041473,0.1233,0.2296,1390.5,1
0.074895,0.0884,0.5696,743.5,1
0.001001,0.3704,0.701,2559.3,0
0.001498,0.3859,0.8376,2659.9,0
0.000421,0.3984,0.871,3164.4,0
0.030922,0.1335,0.3452,1401.5,1
0.000216,0.4191,0.6942,2431.1,0
0.032494,0.1269,0.3328,563.5,1
0.031835,0.0791,0.2306,1509.9,1
0.013337,0.0986,0.2017,935.2,1
0.045283,0.1415,0.151,1755.9,1
0.044818,0.0614,0.2828,1326.7,1
0.000176,0.3029,0.4262,2224.7,0
0.042859,0.1093,0.1659,977.5,1
0.054738,0.1019,0.0133,1204.7,1
0.044448,0.1469,0.0676,1178.5,1
0.025208,0.0362,0.3423,1658.5,1
0.000692,0.2625,0.8506,3557.1,0
0.000219,0.3884,0.8127,3174.1,0
0.045088,0.1314,0.1462,1096.5,1
0.000337,0.2294,0.8296,3424.4,0
0.051195,0.205,0.3052,933.9,1
0.027146,0.1009,0.0823,1538.2,1
0.000414,0.5,0.9664,2700.1,0
0.03116,0.1484,0.4559,1406.7,1
0.001302,0.34,0.8196,1983.5,0
0.036445,0.1855,0.044,1096.0,1
0.020501,0.1453,0.0539,1164.5,1
0.034056,0.1946,0.2178,1422.5,1
0.000195,0.2906,0.8286,2287.9,0
0.047732,0.1647,0.1527,1066.3,1
0.084186,0.0915,0.1624,1891.1,1
0.057562,0.132,0.0313,1385.5,1
0.045023,0.126,0.1685,1334.2,1
0.000805,0.3062,0.8986,2013.2,0
0.001801,0.3825,0.7386,2715.6,0
0.000891,0.4553,0.6558,2715.9,0
0.050773,0.1581,0.442,1340.1,1
0.000765,0.1966,0.6494,3050.1,0
0.001664,0.3763,0.8362,2121.5,0
0.066872,0.1303,0.3932,1474.8,1
0.000671,0.2541,0.6507,2419.6,0
0.077478,0.0737,0.1007,767.6,1
0.055553,0.1271,0.2491,1100.3,1
0.040303,0.0964,0.2476,1166.7,1
0.001396,0.4191,0.8995,3058.3,0
0.001488,0.4068,0.8493,2934.9,0
0.033592,0.0979,0.0549,1548.6,1
0.018054,0.0568,0.1308,1049.6,1
0.023465,0.1201,0.1347,1119.5,1
0.002502,0.3092,0.6307,2692.0,0
0.037389,0.1178,0.2625,1402.7,1
0.028663,0.1178,0.1675,1438.4,1
0.014113,0.0848,0.1043,1143.5,1
0.051278,0.106,0.0599,1195.2,1
0.03029,0.1564,0.1083,1102.9,1
0.059741,0.1499,0.1975,1229.5,1
0.000485,0.2693,0.8986,2378.7,0
0.109746,0.1405,0.2894,1273.1,1
0.000291,0.3653,0.9332,2480.3,0
0.0004,0.3999,0.8946,2051.8,0
0.000294,0.3225,0.6313,2758.3,0
0.000328,0.3774,0.6911,2944.0,0
0.001565,0.1729,0.4806,3094.3,0
0.000631,0.3653,0.7111,2478.5,0
0.043835,0.1326,0.1939,1102.8,1
0.06793,0.0969,0.4754,795.8,1
0.000692,0.3126,0.8959,2956.9,0
0.045201,0.1098,0.13,1316.9,1
0.01851,0.0424,0.1871,1354.4,1
0.000612,0.3629,0.7811,2205.0,0
0.000605,0.2907,0.7799,2533.0,0
0.031963,0.1237,0.3513,1407.4,1
0.025144,0.171,0.1259,1936.6,1
0.02347,0.0721,0.3652,959.6,1
0.001678,0.3228,0.7764,2657.0,0
0.000786,0.3087,0.7512,3003.5,0
0.000107,0.4179,0.7602,3232.4,0
0.000995,0.4296,0.8528,2525.7,0
0.0017,0.2577,0.7329,3525.8,0
0.000388,0.3635,0.823,2381.8,0
0.037678,0.1105,0.1685,1219.2,1
0.03733,0.1028,0.3755,842.2,1
0.003841,0.3602,0.8519,3069.4,0
0.032621,0.1248,0.2346,937.2,1
0.002881,0.1637,0.6525,2395.3,0
0.035693,0.1613,0.1033,1006.4,1
0.002938,0.3998,0.7677,3013.5,0
0.030369,0.1187,0.0796,1594.6,1
0.019135,0.1153,0.1896,1396.8,1
0.043762,0.1716,0.2273,1312.5,1
0.000128,0.3042,0.8936,2888.6,0
0.018609,0.0743,0.2383,1487.0,1
0.000846,0.4129,0.5519,2526.6,0
0.018244,0.1386,0.3572,1595.9,1
0.035412,0.113,0.0914,1056.9,1
0.003193,0.3847,0.7997,3356.7,0
0.080009,0.1447,0.1635,1722.0,1
0.043846,0.1626,0.0443,1555.2,1
0.000585,0.3788,0.6832,3346.0,0
0.079508,0.1619,0.1269,1074.9,1
0.000315,0.2281,0.8052,2039.5,0
0.022893,0.1698,0.1902,855.2,1
0.037944,0.1697,0.0838,1244.1,1
0.057141,0.1192,0.3296,1688.1,1
0.073727,0.1346,0.1263,1283.7,1
0.03486,0.0954,0.1919,1199.2,1
0.000715,0.371,0.8375,3141.0,0
0.046248,0.1288,0.3678,1272.9,1
0.00059,0.37,0.8352,1675.4,0
0.042569,0.1933,0.0801,1018.1,1
0.0006,0.3487,0.7737,2836.0,0
0.000273,0.3596,0.8266,1921.8,0
0.049536,0.2134,0.3378,2019.3,1
0.000453,0.3207,0.77,2365.4,0
0.05152,0.1063,0.5631,701.8,1
0.000549,0.383,0.6435,3180.2,0
0.001323,0.3695,0.9259,3184.2,0
0.024123,0.1091,0.1606,1341.9,1
0.002619,0.2937,0.9573,2489.9,0
0.000195,0.2748,0.7849,3050.5,0
0.030628,0.1245,0.1432,1168.3,1
0.001216,0.3312,0.9578,3667.1,0
0.015011,0.1222,0.325,1255.8,1
0.000565,0.3629,0.7554,3040.0,0
0.000464,0.4225,0.8236,2126.9,0
0.038032,0.1944,0.1927,1069.8,1
0.000408,0.4374,0.8036,2172.2,0
0.000797,0.386,0.639,2919.1,0
0.001918,0.4495,0.6403,2773.1,0
0.000434,0.2703,0.7278,3143.1,0
0.066592,0.1222,0.2258,1380.3,1
0.000418,0.3028,0.802,2141.5,0
0.028427,0.1381,0.1301,1706.0,1
0.077702,0.1156,0.2496,1336.0,1
0.002161,0.2906,0.7128,2326.3,0
0.08351,0.0743,0.3389,1543.6,1
0.000384,0.4089,0.915,2664.5,0
0.077148,0.133,0.0566,1394.9,1
0.000102,0.3461,0.9632,3229.9,0
0.029443,0.0968,0.1748,1338.5,1
0.036299,0.0702,0.3114,1047.0,1
0.00081,0.3398,0.9311,2802.8,0
0.025394,0.1158,0.1953,1388.3,1
0.049898,0.1482,0.3405,1031.5,1
0.002657,0.2825,0.4927,3367.9,0
0.000117,0.3182,0.7302,3248.9,0
0.040492,0.0746,0.0553,1611.0,1
0.01356,0.0464,0.1464,1456.7,1
0.046023,0.132,0.2313,1278.7,1
0.053998,0.0969,0.1224,959.1,1
0.04966,0.057,0.2993,930.9,1
0.049256,0.101,0.3591,1101.1,1
0.000406,0.3052,0.8263,2218.7,0
0.000395,0.3633,0.9039,2336.9,0
0.007822,0.127,0.3211,1416.2,1
0.034502,0.0957,0.0593,949.8,1
0.000106,0.5,0.7972,3367.6,0
0.000511,0.3012,0.8645,2893.5,0
0.024626,0.0893,0.0307,1571.8,1
0.068639,0.0809,0.2575,1959.0,1
0.001619,0.427,0.8128,3063.5,0
0.027252,0.1504,0.3686,1161.6,1
0.001085,0.2848,0.9716,2898.5,0
0.001196,0.339,0.708,2226.0,0
0.000417,0.3795,0.8436,2398.1,0
0.000582,0.3547,0.8076,2880.9,0
0.058044,0.1301,0.0627,1337.9,1
0.000168,0.2823,0.7694,2836.3,0
0.060652,0.1391,0.2448,1247.1,1
0.035056,0.1463,0.104,1314.0,1
0.000862,0.3964,0.7685,2706.7,0
0.01577,0.1262,0.0128,1331.5,1
0.033023,0.1551,0.1305,1008.2,1
0.020558,0.1811,0.2126,868.1,1
0.002445,0.3595,0.8052,3165.3,0
0.059012,0.1041,0.4855,1386.7,1
0.031208,0.1258,0.0249,1066.7,1
0.000103,0.5,0.6951,2714.6,0
0.000472,0.5,0.6847,3668.4,0
0.029362,0.1368,0.068,1160.0,1
0.033587,0.1182,0.0299,1261.8,1
0.000392,0.2897,0.9746,2974.1,0
0.062998,0.0796,0.2849,1189.0,1
0.000182,0.2942,0.6179,2991.3,0
0.031678,0.1348,0.0877,1355.0,1
0.000462,0.3868,0.9092,2800.3,0
0.022898,0.115,0.1252,1072.2,1
0.001667,0.2848,0.817,2939.7,0
0.001185,0.4428,0.6545,3417.1,0
0.000691,0.3211,0.4187,2350.1,0
0.000962,0.3109,0.5075,2833.4,0
0.052254,0.1486,0.162,1433.8,1
0.00147,0.4886,0.8572,3038.3,0
0.02619,0.1203,0.0984,1097.8,1
0.000458,0.3817,0.8063,2522.6,0
0.000528,0.4288,0.8806,2458.4,0
0.000308,0.2823,0.6642,2950.2,0
0.000112,0.3873,0.5841,2161.9,0
0.000291,0.2994,0.8245,3529.5,0
0.001752,0.4874,0.8168,3704.2,0
0.04506,0.0956,0.4461,1650.2,1
0.000518,0.3905,0.9146,2827.6,0
0.035614,0.1206,0.2349,729.2,1
0.04715,0.0688,0.1534,1368.8,1
0.000538,0.3298,0.7357,2664.2,0
0.030018,0.1498,0.1245,1771.4,1
0.063179,0.1567,0.2933,1159.5,1
0.020357,0.1435,0.1853,1339.8,1
0.064141,0.1695,0.0371,1070.0,1
0.000668,0.3697,0.9339,2611.9,0
0.030514,0.1168,0.1123,1211.2,1
0.020542,0.1226,0.307,810.6,1
0.025421,0.1883,0.1415,1529.6,1
0.086959,0.1117,0.1382,1506.3,1
0.000117,0.4308,0.7129,3529.5,0
0.00107,0.3875,0.834,1973.0,0
0.01211,0.1246,0.1442,998.0,1
0.029656,0.1036,0.1492,992.7,1
0.004096,0.4318,0.9539,3037.5,0
0.00025,0.4463,0.4322,3481.7,0
0.000352,0.3883,0.7451,2725.8,0
0.000875,0.3955,0.8624,3011.0,0
0.025734,0.1474,0.1264,1202.2,1
0.01841,0.0653,0.1104,1105.1,1
0.000615,0.2082,0.7301,3761.7,0
0.000439,0.3047,0.569,2842.5,0
0.000406,0.2953,0.8629,2433.7,0
0.003161,0.4983,0.6597,3454.5,0
0.014669,0.1467,0.1876,1952.9,1
0.06296,0.1203,0.0882,1484.1,1
0.024819,0.104,0.1408,1721.3,1
0.001742,0.3902,0.8165,2231.5,0
0.019017,0.1355,0.3199,1623.8,1
0.019847,0.0655,0.1192,1061.6,1
0.025982,0.1024,0.292,1382.1,1
0.022213,0.1331,0.0806,1562.0,1
0.000421,0.416,0.8849,2573.5,0
0.004092,0.2943,0.8799,2753.4,0
0.000878,0.3721,0.8005,2470.9,0
0.000313,0.4599,0.5741,2226.7,0
0.002058,0.3665,0.9402,2311.3,0
0.023108,0.158,0.2051,1493.6,1
0.028355,0.1473,0.3943,1595.5,1
0.056083,0.1469,0.1143,1283.8,1
0.001562,0.3363,0.7495,3556.5,0
0.037732,0.1464,0.1149,1058.0,1
0.015353,0.1019,0.6871,960.1,1
0.050763,0.0695,0.1095,713.1,1
0.014801,0.1395,0.0055,1265.3,1
0.033472,0.1263,0.1622,1449.6,1
0.044367,0.151,0.4388,1371.4,1
0.000967,0.4223,0.9106,2357.8,0
0.001321,0.3447,0.6757,3667.3,0
0.001776,0.2605,0.8802,2127.0,0
0.000527,0.3964,0.73,3712.1,0
0.001773,0.3831,0.8598,2866.4,0
0.016223,0.0916,0.0869,1417.1,1
0.059413,0.0839,0.5155,1366.6,1
0.05991,0.1272,0.0933,1130.8,1
0.000893,0.3664,0.9672,2416.5,0
0.04141,0.1577,0.0183,1395.8,1
0.046345,0.131,0.1471,960.0,1
0.000919,0.4337,0.9228,2554.1,0
0.064361,0.1473,0.3095,1100.9,1
0.002145,0.4827,0.6375,2080.4,0
0.000435,0.2333,0.9211,2850.2,0
0.064758,0.0799,0.0447,1331.7,1
0.000329,0.2665,0.6234,3061.5,0
0.058111,0.1431,0.2504,1297.3,1
0.08236,0.0849,0.3146,1399.7,1
0.050077,0.1523,0.2674,1165.6,1
0.001087,0.365,0.6672,3333.8,0
0.001835,0.4093,0.5209,2293.5,0
0.000517,0.2738,0.866,3307.0,0
0.02426,0.0943,0.2015,1054.6,1
0.001603,0.4416,0.8851,2509.4,0
0.001356,0.4159,0.7226,3148.3,0
0.022373,0.1189,0.3686,681.6,1
0.018948,0.1079,0.0877,1501.7,1
0.000623,0.5,0.5639,2171.0,0
0.077223,0.1059,0.0318,1118.9,1
0.046454,0.0748,0.1985,943.2,1
0.001301,0.3537,0.7579,2585.6,0
0.000234,0.2479,0.7018,2220.8,0
0.069507,0.0847,0.0904,1584.5,1
0.016147,0.1637,0.2156,1474.0,1
0.076322,0.131,0.1984,1234.7,1
0.000143,0.4033,0.8915,2604.7,0
0.001342,0.173,0.9015,2454.3,0
0.001426,0.4788,0.7499,3269.2,0
0.003414,0.3783,0.8963,3384.0,0
0.000393,0.4578,0.9738,3800.0,0
0.000186,0.3694,0.799,2880.0,0
0.065787,0.1312,0.0276,1154.2,1
0.020112,0.134,0.3785,1002.5,1
0.065877,0.0828,0.2379,1205.6,1
0.016736,0.084,0.3365,1565.1,1
0.00153,0.2273,0.8056,2711.0,0
0.087118,0.1393,0.4916,911.1,1
0.001289,0.2638,0.8552,3258.6,0
0.022062,0.0665,0.2397,1355.6,1
0.04368,0.0975,0.1122,1361.8,1
0.043119,0.1105,0.1324,1319.8,1
0.032714,0.1183,0.1181,1581.3,1
0.042885,0.103,0.0554,1034.0,1
0.002214,0.3713,0.9076,2909.7,0
0.001001,0.4154,0.7987,3273.5,0
0.050519,0.1217,0.3139,1641.4,1
0.000241,0.3494,0.6693,2360.6,0
0.016623,0.1392,0.3565,1120.8,1
0.035942,0.0866,0.2521,993.4,1
0.000479,0.2432,0.893,2594.2,0
0.010992,0.0886,0.2347,1054.6,1
0.028318,0.1133,0.1193,1042.1,1
0.048622,0.1102,0.1214,1579.4,1
0.075489,0.1408,0.0847,1316.7,1
0.008551,0.1145,0.3799,1202.9,1
0.035806,0.1287,0.2402,869.9,1
0.027191,0.0791,0.4562,971.0,1
0.001018,0.4903,0.9151,2492.5,0
0.050592,0.1033,0.1999,1064.2,1
0.013329,0.1007,0.3402,1438.1,1
0.001118,0.276,0.7405,2469.5,0
0.022613,0.1729,0.3282,1577.6,1
0.030371,0.0787,0.308,642.6,1
0.000212,0.4064,0.7157,3419.8,0
0.020073,0.1184,0.0273,1573.1,1
0.02503,0.0724,0.3662,1771.6,1
0.016298,0.1096,0.2745,1203.3,1
0.000341,0.2901,0.7549,3202.7,0
0.000224,0.3511,0.8585,2746.0,0
0.000889,0.3311,0.8742,2463.3,0
0.121589,0.159,0.183,1108.6,1
0.001256,0.3418,0.7806,1462.8,0
0.036702,0.1001,0.219,1290.0,1
0.00041,0.4081,0.537,2427.7,0
0.002271,0.5,0.9631,3424.9,0
0.107974,0.1865,0.0511,1184.0,1
0.060249,0.1133,0.3586,1121.1,1
0.000737,0.5,0.8092,2860.4,0
0.000412,0.3536,0.7599,3336.2,0
0.000401,0.3732,0.8722,2187.7,0
0.020375,0.1025,0.1227,1565.8,1
0.071732,0.1655,0.0608,1337.0,1
0.00276,0.3483,0.9161,2457.6,0
0.000417,0.3976,0.9391,2558.3,0
0.000509,0.4136,0.9291,2439.2,0
0.021432,0.144,0.323,1613.7,1
0.037067,0.096,0.1348,888.3,1
0.001279,0.3118,0.6978,2616.2,0
0.047613,0.0699,0.3793,1289.2,1
0.001759,0.304,0.9412,2780.7,0
0.000142,0.2707,0.7176,2133.6,0
0.038981,0.1032,0.2334,1520.9,1
0.090413,0.2064,0.1452,1283.4,1
0.050693,0.1434,0.2472,1496.7,1
0.02014,0.1544,0.1128,1454.0,1
0.001462,0.3121,0.4432,3216.9,0
0.055488,0.1538,0.1646,1192.0,1
0.000543,0.3883,0.6985,2633.1,0
0.047186,0.1748,0.1235,1277.2,1
0.001028,0.2846,0.8745,2880.6,0
0.065944,0.0927,0.1609,1498.0,1
0.000796,0.4194,0.6387,2745.9,0
0.001027,0.3036,0.9545,1718.0,0
0.029044,0.1184,0.0869,1223.1,1
0.004848,0.2424,0.8989,2822.4,0
0.102026,0.1269,0.091,1269.6,1
0.000489,0.4078,0.7453,2984.0,0
0.000517,0.2988,0.8455,1941.0,0
0.001415,0.3475,0.6965,3081.5,0
0.002786,0.3157,0.9315,2989.2,0
0.043682,0.1146,0.1625,1293.3,1
0.003015,0.4419,0.7128,2962.7,0
0.015083,0.1691,0.0486,1599.8,1
0.011364,0.1671,0.1819,1489.8,1
0.000572,0.2431,0.541,2699.4,0
0.074409,0.1506,0.1343,995.9,1
0.045284,0.0667,0.3592,1638.9,1
0.139829,0.1149,0.2438,1150.2,1
0.000147,0.3354,0.8958,2294.2,0
0.000341,0.3546,0.7938,2344.2,0
0.049369,0.0676,0.2487,1193.5,1
0.021094,0.1056,0.5175,1123.9,1
0.036958,0.1276,0.3673,1595.8,1
0.001454,0.4211,0.8014,2701.7,0
0.027759,0.1385,0.1668,997.8,1
0.036981,0.16,0.2177,1855.4,1
0.072426,0.1481,0.122,867.1,1
0.003696,0.3636,0.8457,3542.5,0
0.049366,0.0586,0.1936,950.3,1
0.002471,0.3014,0.5358,2625.3,0
0.000517,0.4162,0.8322,3152.5,0
0.03505,0.1751,0.3941,940.9,1
0.000732,0.4182,0.8097,2368.6,0
0.001086,0.3565,0.8056,2911.9,0
0.005352,0.277,0.9041,3073.6,0
0.026317,0.0951,0.1623,1651.2,1
0.028403,0.0796,0.3203,1619.2,1
0.000394,0.1484,0.8354,2155.1,0
0.075725,0.0976,0.2738,898.3,1
0.016804,0.1105,0.3102,1396.4,1
0.00049,0.3347,0.7622,2461.1,0
0.035731,0.127,0.1034,1209.1,1
0.030059,0.1869,0.1788,659.6,1
0.021342,0.1338,0.2161,1120.5,1
0.001492,0.3792,0.8557,2995.6,0
0.026232,0.0939,0.302,1107.0,1
0.161476,0.1784,0.4359,1099.0,1
0.000883,0.4134,0.9591,2697.6,0
0.001081,0.1989,0.9107,2975.6,0
0.004074,0.3289,0.7135,2890.2,0
0.000142,0.4774,0.7762,2399.2,0
0.043222,0.1689,0.2319,1360.6,1
0.000203,0.3141,0.8713,2565.5,0
0.000261,0.358,0.4948,2481.0,0
0.126674,0.1307,0.3494,1607.7,1
0.000363,0.4168,0.6501,3523.4,0
0.037195,0.1373,0.0454,1271.2,1
0.000822,0.3329,0.9318,2815.8,0
0.000346,0.3809,0.8979,2850.7,0
0.000781,0.4182,0.7819,2884.9,0
0.000101,0.3225,0.8302,2603.3,0
0.002086,0.2205,0.8353,3495.0,0
0.052312,0.1192,0.2183,1587.8,1
0.041328,0.1175,0.084,1403.1,1
0.001045,0.4853,0.7342,3140.5,0
0.056942,0.0548,0.2119,1072.7,1
0.016186,0.1511,0.052,1190.7,1
0.038135,0.1506,0.4796,950.7,1
0.000319,0.3137,0.7981,2109.0,0
0.001084,0.4084,0.718,2547.6,0
0.00183,0.4237,0.8134,2682.3,0
0.014317,0.1318,0.2311,1314.4,1
0.026697,0.1906,0.0711,1299.3,1
0.000223,0.3132,0.8971,2295.8,0
0.000266,0.2733,0.7474,2703.4,0
0.015485,0.0902,0.2741,1153.8,1
0.06164,0.1071,0.0721,1244.4,1
0.034019,0.1176,0.2754,1065.9,1
0.040109,0.1184,0.1565,1167.8,1
0.000687,0.3251,0.7059,3520.5,0
0.013384,0.1224,0.3283,1333.2,1
0.041386,0.0911,0.0659,1414.4,1
0.002741,0.3918,0.7901,2817.0,0
0.060571,0.1468,0.1657,1192.5,1
0.055699,0.132,0.107,1024.3,1
0.001907,0.4882,0.9605,3800.0,0
0.017945,0.1254,0.183,1241.2,1
0.010223,0.1447,0.1344,1055.2,1
0.136756,0.1081,0.2701,1206.2,1
0.001133,0.2132,0.4476,2440.5,0
0.000903,0.3963,0.5059,2764.5,0
0.039687,0.1385,0.2423,1604.1,1
0.001882,0.3554,0.7998,2434.7,0
0.029041,0.0934,0.1545,985.5,1
0.098077,0.1536,0.2218,1283.0,1
0.0015,0.2807,0.91,3257.6,0
0.05299,0.1299,0.3958,1300.6,1
0.035704,0.1061,0.1208,1115.0,1
0.000226,0.3801,0.7764,2699.3,0
0.069248,0.1062,0.2933,816.1,1
0.03339,0.1046,0.2705,1315.5,1
0.038254,0.1076,0.4865,1102.7,1
0.077022,0.1313,0.1718,1240.5,1
0.039584,0.1514,0.0071,1002.8,1
0.031139,0.1708,0.1841,1381.3,1
0.032458,0.088,0.0554,1427.4,1
0.028915,0.0938,0.0869,1391.2,1
0.039298,0.1495,0.2499,1122.2,1
0.001467,0.3193,0.9804,3011.1,0
0.039238,0.0795,0.0187,1386.8,1
0.001607,0.2763,0.7801,2558.1,0
0.002071,0.3324,0.8048,2522.6,0
0.000106,0.4259,0.7399,3117.8,0
0.056297,0.1155,0.1476,775.3,1
0.051689,0.1296,0.2844,1361.0,1
0.067266,0.0781,0.0856,1314.7,1
0.041094,0.1576,0.6628,1083.9,1
0.03904,0.1505,0.2584,1115.6,1
0.026909,0.1036,0.2392,1407.4,1
0.059357,0.0959,0.1209,1363.2,1
0.000551,0.4672,0.6934,2429.8,0
0.001351,0.3436,0.8535,3073.7,0
0.026164,0.0968,0.1269,1158.7,1
0.061952,0.1072,0.062,1636.3,1
0.00294,0.3616,0.5569,1815.3,0
0.002297,0.3472,0.6493,2027.1,0
0.12102,0.1313,0.0482,1380.8,1
0.000115,0.3151,0.8451,2083.9,0
0.023681,0.1116,0.6065,1605.3,1
0.022464,0.1251,0.1839,1424.3,1
0.002135,0.4397,0.78,2633.0,0
0.000307,0.4112,0.9229,2713.9,0
0.038739,0.1698,0.1351,640.4,1
0.048083,0.1215,0.0707,1571.8,1
0.049532,0.1071,0.3223,1211.4,1
0.1237,0.0964,0.1549,1145.0,1
0.001764,0.492,0.5821,2978.7,0
0.074215,0.193,0.061,1614.1,1
0.023129,0.1968,0.0543,1396.3,1
0.027867,0.142,0.1034,1551.6,1
0.000518,0.3221,0.6963,1384.6,0
0.03378,0.2157,0.0399,1186.1,1
0.040497,0.0709,0.077,1033.5,1
0.001116,0.31,0.6849,3464.4,0
0.003448,0.3575,0.9143,2582.1,0
0.026278,0.044,0.1879,1040.4,1
0.000642,0.32,0.6819,2914.2,0
0.002462,0.4446,0.699,2568.2,0
0.002429,0.3493,0.9848,3387.8,0
0.03464,0.1723,0.0817,849.2,1
0.014285,0.1183,0.3587,1424.1,1
0.064687,0.1484,0.1734,1161.2,1
0.000375,0.3463,0.5789,2550.5,0
0.017018,0.1653,0.2228,1235.7,1
0.038459,0.1683,0.2038,1568.8,1
0.067226,0.1111,0.0466,1504.1,1
0.030406,0.1331,0.1005,1273.5,1
0.002584,0.3343,0.9143,2997.9,0
0.032783,0.1123,0.1147,1254.8,1
0.000104,0.293,0.7029,2595.7,0
0.042541,0.137,0.2048,898.1,1
0.001916,0.3017,0.8428,3607.8,0
0.000869,0.3637,0.6289,3503.4,0
0.001748,0.3428,0.8937,3064.3,0
0.078488,0.1277,0.1291,627.4,1
0.000685,0.36,0.744,2785.5,0
0.050551,0.0705,0.0961,1359.7,1
0.000708,0.4263,0.6087,2774.7,0
0.001158,0.4045,0.6684,3183.1,0
0.090398,0.1271,0.0607,1410.5,1
0.001592,0.3254,0.7883,2846.9,0
0.002443,0.3701,0.6107,2466.6,0
0.046115,0.1723,0.0822,1234.5,1
0.003452,0.3432,0.8216,2927.4,0
0.001075,0.3591,0.8391,3044.2,0
0.002205,0.36,0.8658,3315.7,0
0.019372,0.1412,0.0975,798.4,1
0.020339,0.1421,0.2958,1757.4,1
0.036374,0.0663,0.3453,1653.8,1
0.023263,0.0245,0.2211,1106.0,1
0.000289,0.4039,0.6165,2675.1,0
0.002126,0.3457,0.5661,2833.0,0
0.023646,0.1041,0.1044,1461.9,1
0.0034,0.3477,0.9078,2915.4,0
0.000976,0.4311,0.5254,2526.9,0
0.000249,0.4254,0.6761,2800.9,0
0.000889,0.406,0.9431,2535.7,0
0.021239,0.1441,0.151,878.0,1
0.000933,0.353,0.9147,2910.1,0
0.02558,0.132,0.3716,581.2,1
0.002804,0.3334,0.776,2847.6,0
0.020082,0.1068,0.3828,1314.0,1
0.001266,0.3606,0.913,2176.2,0
0.000824,0.421,0.882,2573.0,0
0.066317,0.091,0.2585,1716.7,1
0.016789,0.165,0.1174,1215.4,1
0.002742,0.3267,0.7445,2139.7,0
0.00253,0.3789,0.8431,2690.3,0
0.00082,0.3237,0.8916,2619.6,0
0.000399,0.5,0.838,2362.9,0
0.000208,0.2647,0.804,2796.3,0
0.055569,0.1343,0.2355,861.6,1
0.000839,0.4361,0.4815,2260.3,0
0.000468,0.3849,0.7853,3325.9,0
0.040701,0.0806,0.2415,956.8,1
0.022122,0.142,0.3578,1389.2,1
0.040954,0.1586,0.0364,1050.9,1
0.002323,0.2381,0.755,3181.3,0
0.00098,0.3056,0.7523,2940.8,0
0.029611,0.0508,0.5019,1325.9,1
0.000553,0.3881,0.7282,2832.0,0
0.000786,0.4262,0.942,2732.6,0
0.076133,0.0993,0.246,1537.0,1
0.05377,0.143,0.0988,1630.8,1
0.04855,0.1279,0.3816,1125.7,1
0.000885,0.3261,0.9486,2558.8,0
0.002675,0.3889,0.7556,2653.1,0
0.03033,0.1107,0.1414,996.4,1
0.001129,0.2675,0.8832,2545.0,0
0.10991,0.1414,0.141,1603.9,1
0.025564,0.0732,0.1136,1500.7,1
0.080794,0.1024,0.2428,1030.7,1
0.003305,0.3482,0.827,2171.0,0
0.000549,0.343,0.7127,2736.7,0
0.038298,0.1426,0.1486,1050.6,1
0.022464,0.0931,0.1912,1004.2,1
0.057317,0.0817,0.2546,1071.3,1
0.000912,0.4662,0.9253,2737.0,0
0.000269,0.26,0.706,2353.1,0
0.04025,0.1425,0.1817,1424.4,1
0.033228,0.1195,0.1154,1187.8,1
0.057549,0.1015,0.2523,1268.0,1
0.000582,0.3587,0.7147,3009.2,0
0.061174,0.1211,0.1686,1181.3,1
0.034084,0.1723,0.2621,1304.2,1
0.032529,0.0943,0.2453,1320.0,1
0.000385,0.2805,0.8528,2910.7,0
0.001627,0.4869,0.8817,3293.8,0
0.014212,0.1367,0.2006,1069.1,1
0.000414,0.289,0.58,2481.8,0
0.02648,0.1829,0.3097,766.0,1
0.074667,0.1624,0.0521,845.8,1
0.001008,0.3486,0.8405,2441.7,0
0.053348,0.1223,0.1108,1307.3,1
0.000113,0.3834,0.8091,3557.2,0
0.051684,0.1568,0.215,1481.8,1
0.091751,0.0962,0.1915,1211.9,1
0.001271,0.3208,0.7018,3129.6,0
0.00205,0.354,0.6326,2481.3,0
0.000256,0.3583,0.4841,2640.3,0
0.000176,0.4093,0.8023,3607.2,0
0.025256,0.0829,0.0596,1336.5,1
0.068724,0.1018,0.0518,1224.6,1
0.000457,0.416,0.8934,3287.2,0
0.000715,0.4749,0.8976,3216.6,0
0.000602,0.3245,0.8009,3170.6,0
0.04139,0.0855,0.2017,1308.3,1
0.000471,0.2667,0.7046,3380.0,0
0.05737,0.1216,0.2649,728.1,1
0.011983,0.1772,0.1637,1219.7,1
0.024308,0.1198,0.1657,1376.6,1
0.000901,0.3377,0.8532,2521.1,0
0.041409,0.0731,0.2817,1754.2,1
0.001725,0.2899,0.6945,1860.2,0
0.00041,0.3987,0.7607,2397.2,0
0.052617,0.0759,0.2044,1168.4,1
0.021962,0.0643,0.177,1145.5,1
0.000637,0.3839,0.9564,2721.7,0
0.00255,0.3505,0.9056,3553.3,0
0.001133,0.3614,0.648,2512.0,0
0.000931,0.4194,0.7845,3800.0,0
0.000173,0.2305,0.8053,2521.5,0
0.001411,0.3811,0.6893,2557.5,0
0.077331,0.1046,0.2574,1188.2,1
0.02585,0.1335,0.2539,997.5,1
0.047887,0.1111,0.1469,1054.0,1
0.021117,0.1421,0.317,1422.2,1
0.000488,0.3911,0.9471,3436.6,0
0.013697,0.1176,0.2107,1124.5,1
0.073007,0.118,0.2149,1126.9,1
0.041329,0.1212,0.0621,1164.7,1
0.05653,0.0589,0.3985,1337.8,1
0.077981,0.1452,0.1649,341.3,1
0.044916,0.1794,0.2014,1400.0,1
0.000192,0.3728,0.8456,2927.1,0
0.077261,0.0926,0.3143,1402.9,1
0.055519,0.1198,0.385,975.1,1
0.070385,0.1048,0.3026,1309.9,1
0.039047,0.121,0.2289,1312.2,1
0.000466,0.2648,0.7273,2119.5,0
0.002297,0.389,0.994,2937.1,0
0.040599,0.1233,0.456,1226.4,1
0.046163,0.1979,0.1149,994.2,1
0.017292,0.0732,0.2019,1051.6,1
0.002034,0.4282,0.7042,2681.9,0
0.00054,0.4599,0.9046,2598.9,0
0.052589,0.0878,0.0603,1127.8,1
0.056687,0.073,0.1207,947.5,1
0.025435,0.1292,0.0916,1396.6,1
0.079486,0.1326,0.2531,1445.8,1
0.048277,0.0672,0.0198,1478.9,1
0.000634,0.3415,0.8095,2323.1,0
0.070545,0.1027,0.1631,1495.8,1
0.000688,0.3155,0.8726,3039.9,0
0.000285,0.2178,0.8187,1804.7,0
0.014514,0.1514,0.3075,1583.8,1
0.031442,0.0854,0.1422,1475.0,1
0.001702,0.3443,0.6384,3096.8,0
0.074926,0.0878,0.3067,1409.3,1
0.00065,0.3108,0.7705,2148.9,0
0.000774,0.3759,0.7824,2276.9,0
0.000794,0.2961,0.8957,3407.5,0
0.000827,0.3258,0.7009,2676.5,0
0.032668,0.1363,0.3003,1274.0,1
0.000825,0.3692,0.8047,2540.2,0
0.070043,0.0986,0.1402,1364.6,1
0.080978,0.0893,0.2103,1323.0,1
0.004539,0.2956,0.7425,3192.9,0
0.048784,0.1263,0.1101,1317.0,1
0.002285,0.3183,0.673,2615.6,0
0.093749,0.1238,0.0829,995.1,1
0.000274,0.3267,0.8999,2429.5,0
0.00094,0.3201,0.8526,3784.6,0
0.001823,0.4133,0.9158,3045.1,0
0.00014,0.4553,0.6974,2973.7,0
0.000785,0.3409,0.9485,2499.9,0
0.030298,0.0864,0.1255,1185.3,1
0.039421,0.096,0.1077,1193.1,1
0.012602,0.1522,0.4851,1437.3,1
0.046304,0.1488,0.2355,1705.1,1
0.001385,0.2911,0.9057,2322.4,0
0.000456,0.4025,0.917,2106.0,0
0.00103,0.2991,0.8039,1976.8,0
0.000383,0.4215,0.8242,2027.0,0
0.103215,0.1108,0.0792,1216.9,1
0.024543,0.0669,0.0695,639.5,1
0.000914,0.4217,0.9082,2668.2,0
0.001422,0.4853,0.4954,2462.6,0
0.020554,0.1104,0.3008,962.2,1
0.048069,0.1807,0.0946,1030.3,1
0.001288,0.359,0.6362,2485.6,0
0.02358,0.1321,0.3234,1277.0,1
0.014617,0.1277,0.0601,1046.6,1
0.003894,0.4395,0.8405,3322.2,0
0.001814,0.3286,0.9075,2641.2,0
0.053463,0.1274,0.4156,844.0,1
0.058546,0.1153,0.064,1327.6,1
0.026187,0.1424,0.0382,1289.4,1
0.000666,0.4457,0.7083,3201.4,0
0.000931,0.4011,0.6184,2535.3,0
0.072183,0.1521,0.2826,1402.2,1
0.024897,0.117,0.1685,1234.5,1
0.000127,0.2815,0.8563,3091.4,0
0.056796,0.074,0.1061,1150.1,1
0.044132,0.075,0.3967,1019.8,1
0.046539,0.0691,0.3194,1304.4,1
0.083591,0.2038,0.099,1576.8,1
0.016279,0.1994,0.0374,1150.2,1
0.001489,0.3163,0.8418,2598.3,0
0.059248,0.067,0.2878,1127.0,1
0.003192,0.278,0.5808,3226.8,0
0.068926,0.1587,0.2599,1555.9,1
0.002157,0.3621,0.5648,2182.5,0
0.02016,0.1959,0.5731,1210.0,1
0.000382,0.3357,0.9218,3308.2,0
0.00079,0.3999,0.8889,2706.2,0
0.000174,0.3737,0.7025,3418.0,0
0.000585,0.4365,0.8343,2244.6,0
0.033222,0.119,0.0853,1503.7,1
0.036306,0.1237,0.0881,1091.2,1
0.029063,0.1942,0.3209,1770.8,1
0.000588,0.3949,0.8929,3454.3,0
0.004113,0.443,0.8396,2356.0,0
0.0024,0.4322,0.3099,3430.9,0
0.000317,0.3357,0.5036,1595.1,0
0.045622,0.141,0.1388,1282.6,1
0.001021,0.418,0.5612,2790.5,0
0.001809,0.3183,0.799,2640.0,0
0.002268,0.4193,0.8477,2287.7,0
0.001078,0.2663,0.8812,2005.1,0
0.021084,0.1356,0.3784,1321.0,1
0.039618,0.0909,0.0106,1051.9,1
0.002261,0.2334,0.4156,2786.8,0
0.001352,0.2958,0.7629,3164.0,0
0.002141,0.3229,0.8775,2618.1,0
0.001221,0.4847,0.689,2198.7,0
0.000145,0.1403,0.4487,3072.2,0
0.02369,0.1071,0.2926,1406.4,1
0.024563,0.1054,0.0321,1413.8,1
0.068279,0.1215,0.2604,1634.5,1
0.00022,0.3228,0.7409,2655.3,0
0.000875,0.3396,0.7425,2655.1,0
0.0619,0.1506,0.37,1196.4,1
0.042376,0.1433,0.2184,1288.3,1
0.029407,0.1041,0.3072,1721.7,1
0.000814,0.3465,0.9071,2454.7,0
0.040015,0.1415,0.3549,992.0,1
0.000534,0.3423,0.8733,3034.2,0
0.056922,0.0919,0.4545,1272.0,1
0.036726,0.0492,0.0728,1226.6,1
0.086588,0.1062,0.1722,1489.6,1
0.001263,0.3841,0.463,3292.2,0
0.044281,0.1373,0.0224,1077.4,1
0.000901,0.3575,0.411,2829.2,0
0.000472,0.2705,0.763,2412.5,0
0.000574,0.307,0.9017,3249.9,0
0.044275,0.1077,0.4501,1375.7,1
0.002595,0.2667,0.8461,2582.3,0
0.001852,0.2814,0.7815,3045.5,0
0.075727,0.1076,0.0643,1196.1,1
0.002533,0.3739,0.9222,2589.4,0
0.016218,0.0925,0.1178,1216.5,1
0.002727,0.3687,0.6895,3366.8,0
0.000351,0.3589,0.8258,2806.8,0
0.061753,0.1267,0.0978,1024.1,1
0.00104,0.3261,0.8999,2857.3,0
0.034326,0.1487,0.069,1180.0,1
0.049308,0.1564,0.0587,1390.6,1
0.040785,0.1331,0.1808,1582.3,1
0.037902,0.1125,0.2081,1259.2,1
0.001896,0.4005,0.7344,2850.6,0
0.001687,0.3294,0.8945,3115.6,0
0.021246,0.135,0.116,1318.6,1
0.033175,0.102,0.2419,1461.1,1
0.034273,0.1275,0.1588,1641.3,1
0.043503,0.0864,0.0374,1197.2,1
0.040051,0.1614,0.3044,598.1,1
0.038542,0.076,0.1904,1503.5,1
0.002031,0.3423,0.8527,2463.5,0
0.040019,0.0683,0.1713,1721.5,1
0.056085,0.1607,0.1971,1526.7,1
0.001866,0.2106,0.8521,2443.4,0
0.021019,0.0783,0.1893,1136.9,1
0.041945,0.1313,0.1017,1349.4,1
0.040443,0.1096,0.4905,1679.6,1
0.000365,0.3306,0.9133,2840.8,0
0.00301,0.4494,0.6372,2755.7,0
0.027447,0.1335,0.22,1177.1,1
0.057461,0.0932,0.0745,701.5,1
0.000113,0.3544,0.8247,3489.7,0
0.000152,0.345,0.9429,2722.7,0
0.024947,0.0945,0.1791,1203.0,1
0.000991,0.4365,0.8299,3076.8,0
0.063614,0.1496,0.1059,811.2,1
0.048866,0.1641,0.2906,1331.8,1
0.000534,0.368,0.9269,2854.5,0
0.037944,0.1604,0.2781,1454.9,1
0.000292,0.2716,0.831,3122.4,0
0.002243,0.2716,0.5826,2844.5,0
0.022847,0.1029,0.1979,1184.8,1
0.000285,0.3939,0.9302,3310.8,0
0.028882,0.1488,0.0579,855.3,1
0.021978,0.1669,0.1576,1416.3,1
0.0005,0.297,0.8391,3449.2,0
0.001174,0.3241,0.7954,2852.7,0
0.000988,0.3945,0.8983,1838.9,0
0.000262,0.4005,0.6928,2799.6,0
0.000385,0.3135,0.9156,2299.6,0
0.002761,0.3019,0.9492,2206.8,0
0.111748,0.1472,0.1312,754.9,1
0.026189,0.1477,0.4678,1221.6,1
0.076295,0.1051,0.3169,1686.5,1
0.036472,0.1107,0.2712,1433.9,1
0.000609,0.3502,0.8231,3185.0,0
0.000354,0.3044,0.8881,2154.4,0
0.042308,0.0454,0.1224,1626.1,1
0.02947,0.1369,0.3262,817.9,1
0.001149,0.2439,0.8959,2584.9,0
0.023073,0.1269,0.1633,1055.5,1
0.052976,0.1157,0.1256,1642.4,1
0.021419,0.1226,0.2168,865.2,1
0.000257,0.4409,0.8051,1881.5,0
0.021876,0.16,0.2829,1068.5,1
0.045831,0.1176,0.395,853.1,1
0.143065,0.1142,0.2393,1632.2,1
0.051745,0.0719,0.3768,1590.9,1
0.025482,0.1216,0.3692,1017.3,1
0.045803,0.0779,0.4236,1486.0,1
0.003191,0.3088,0.9028,2353.1,0
0.043417,0.1507,0.0235,1046.8,1
0.085276,0.1557,0.1452,547.3,1
0.038387,0.1362,0.2121,1095.1,1
0.000593,0.3444,0.7599,2613.5,0
0.000217,0.3187,0.6948,2414.7,0
0.064823,0.177,0.4463,1197.8,1
0.056616,0.0903,0.1815,1585.8,1
0.032201,0.1305,0.037,925.9,1
0.056635,0.0967,0.3069,1391.5,1
0.043623,0.1309,0.2696,1145.5,1
0.030729,0.1206,0.0384,1522.4,1
0.031024,0.1598,0.0819,982.0,1
0.042884,0.2063,0.4236,1239.7,1
0.047226,0.1509,0.249,437.0,1
0.000818,0.4372,0.8929,2723.3,0
0.047869,0.1736,0.3657,758.7,1
0.025084,0.0606,0.1932,890.9,1
0.001107,0.2658,0.877,3219.6,0
0.000553,0.3066,0.9294,2830.4,0
0.000615,0.3202,0.8173,2147.8,0
0.000123,0.3612,0.8368,2441.0,0
0.000989,0.3872,0.8154,2571.5,0
0.00023,0.369,0.571,3517.9,0
0.032796,0.1152,0.1944,1330.2,1
0.033064,0.1693,0.1311,1113.2,1
0.000476,0.3074,0.6408,3800.0,0
0.000278,0.3686,0.7987,2477.3,0
0.022702,0.1104,0.1535,1151.4,1
0.000342,0.3321,0.8655,2079.4,0
0.017052,0.0934,0.0424,767.8,1
0.019348,0.0691,0.0382,965.4,1
0.062439,0.0969,0.0436,1909.5,1
0.001446,0.3879,0.7728,2875.5,0
0.030952,0.129,0.2025,879.1,1
0.000706,0.2277,0.9221,2525.3,0
0.01154,0.1579,0.3221,1520.3,1
0.087886,0.0946,0.1189,1227.0,1
0.000265,0.4052,0.8084,2307.3,0
0.001193,0.3334,0.7804,2775.5,0
0.000627,0.3952,0.7352,2767.7,0
0.049888,0.1248,0.2391,1100.0,1
0.000397,0.4098,0.5116,2853.9,0
0.021248,0.1405,0.1564,1143.6,1
0.00237,0.3308,0.7948,2754.4,0
0.029747,0.1018,0.3357,1308.0,1
0.021937,0.1666,0.2156,475.5,1
0.026187,0.1713,0.1722,1268.5,1
0.075254,0.089,0.0118,1183.7,1
0.000137,0.2127,0.9883,2701.4,0
0.000652,0.3063,0.8945,3123.9,0
0.036491,0.1474,0.0117,1047.6,1
0.00217,0.2662,0.4872,2942.4,0
0.001102,0.4225,0.7806,3179.3,0
0.002074,0.3114,0.5322,3181.3,0
0.001002,0.323,0.4895,2714.4,0
0.00056,0.2958,0.5809,3019.7,0
0.019981,0.1207,0.2627,1130.8,1
0.001159,0.3283,0.6475,2723.7,0
0.023674,0.0929,0.2707,1286.0,1
0.00064,0.3751,0.6143,2904.7,0
0.020795,0.0963,0.2381,1193.1,1
0.000238,0.2342,0.8466,2734.3,0
0.033077,0.1541,0.0474,1279.4,1
0.117424,0.1174,0.3653,1465.4,1
0.000903,0.343,0.7844,2912.2,0
0.026657,0.0889,0.0571,1236.4,1
0.054621,0.1054,0.1516,1636.8,1
0.045722,0.1521,0.0797,1359.9,1
0.025642,0.0888,0.2418,1183.3,1
0.000425,0.4739,0.8759,2965.6,0
0.016765,0.1066,0.1853,1560.1,1
0.000779,0.3454,0.7431,3229.1,0
0.001461,0.3712,0.7051,2329.4,0
0.035351,0.0972,0.2749,1346.1,1
0.000774,0.325,0.6643,2420.0,0
0.0358,0.1195,0.148,958.9,1
0.042861,0.1037,0.2013,2240.8,1
0.009327,0.1218,0.1389,1222.4,1
0.029061,0.1837,0.1432,1217.9,1
0.000185,0.2995,0.5749,3081.9,0
0.000118,0.347,0.7385,1880.4,0
0.000497,0.303,0.9793,2865.6,0
0.000263,0.3246,0.7072,2483.9,0
0.002466,0.3355,0.6784,2601.9,0
0.000293,0.2604,0.8739,2698.9,0
0.027838,0.1356,0.108,1225.4,1
0.051042,0.0903,0.0723,1399.9,1
0.00179,0.2307,0.7044,2198.4,0
0.006974,0.1746,0.1017,1168.8,1
0.0003,0.2471,0.6562,3230.3,0
0.000416,0.2722,0.8214,2603.6,0
0.032157,0.1345,0.2843,1290.6,1
0.044263,0.1173,0.1065,692.8,1
0.01046,0.1224,0.2562,983.9,1
0.000241,0.4921,0.7779,2619.8,0
0.019781,0.1206,0.0915,1208.6,1
0.048276,0.1147,0.0856,1395.3,1
0.021894,0.1396,0.389,889.8,1
0.008129,0.0981,0.1286,1000.5,1
0.045778,0.1753,0.1552,1063.8,1
0.057454,0.1203,0.1227,1101.0,1
0.036518,0.1468,0.4273,1139.7,1
0.018403,0.0919,0.0933,1214.3,1
0.124141,0.1185,0.5877,1561.9,1
0.001244,0.2703,0.625,2669.4,0
0.041845,0.1077,0.1368,1347.0,1
0.000125,0.3257,0.6671,2487.9,0
0.001392,0.2626,0.6081,2512.6,0
0.101915,0.137,0.1896,1095.0,1
0.056799,0.0703,0.1737,1370.5,1
0.066908,0.1126,0.105,1452.9,1
0.002175,0.3153,0.323,3009.7,0
0.019485,0.134,0.328,1060.7,1
0.001484,0.4066,0.82,2840.2,0
0.028528,0.158,0.112,1653.6,1
0.108753,0.1537,0.3152,1097.9,1
0.016473,0.1972,0.2912,1186.4,1
0.081525,0.0421,0.0973,859.3,1
0.013533,0.1679,0.129,1024.6,1
0.021844,0.1478,0.1357,1261.9,1
0.000647,0.2802,0.3888,3219.9,0
0.027867,0.111,0.0707,1237.1,1
0.033579,0.1169,0.2016,973.4,1
0.025835,0.1287,0.3743,1239.3,1
0.000951,0.3321,0.8163,3017.4,0
0.033726,0.0639,0.1553,1382.2,1
0.000396,0.254,0.8334,3365.0,0
0.021158,0.1107,0.2095,1601.2,1
0.030886,0.14,0.2774,1195.5,1
0.068968,0.0784,0.0402,1693.2,1
0.040637,0.1425,0.2813,1109.4,1
0.001333,0.4102,0.914,3552.6,0
0.001458,0.295,0.7394,3125.3,0
0.041674,0.1393,0.0275,1230.4,1
0.078261,0.1154,0.2765,1176.4,1
0.000875,0.429,0.7859,3475.0,0
0.022374,0.1444,0.2603,1260.8,1
0.052473,0.0996,0.0944,1167.9,1
0.070535,0.1308,0.2358,1665.4,1
0.034236,0.1077,0.227,1128.4,1
0.000302,0.3247,0.7971,2718.2,0
0.000202,0.5,0.7931,2757.1,0
0.05753,0.0835,0.1103,877.7,1
0.080517,0.1836,0.1507,1541.7,1
0.062437,0.1551,0.0498,1222.9,1
0.051254,0.0778,0.4075,1338.4,1
0.095837,0.0666,0.3811,900.8,1
0.032605,0.077,0.1571,1073.1,1
0.051242,0.0856,0.2667,1274.3,1
0.033242,0.1253,0.1085,1516.9,1
0.001958,0.2292,0.9877,3437.8,0
0.001078,0.2265,0.6828,3672.7,0
0.064758,0.1091,0.3357,786.3,1
0.00135,0.3214,0.7822,2699.4,0
0.012183,0.1239,0.0901,1241.8,1
0.03364,0.1594,0.1663,1177.9,1
0.055193,0.0538,0.0449,1439.2,1
0.000459,0.3953,0.9643,1941.3,0
0.002767,0.345,0.6524,2468.0,0
0.000487,0.4271,0.97,3342.6,0
0.000877,0.3173,0.6347,2711.7,0
0.000716,0.3461,0.6077,2857.1,0
0.09855,0.1516,0.1514,1552.4,1
0.030886,0.1032,0.2511,1341.5,1
0.065525,0.1029,0.1658,1586.5,1
0.040352,0.1677,0.4715,1311.6,1
0.000739,0.2766,0.7056,3283.4,0
0.06196,0.1771,0.4258,1507.2,1
0.045445,0.1259,0.1575,1429.3,1
0.001238,0.2618,0.8903,3347.2,0
0.046623,0.13,0.1445,1096.9,1
0.000648,0.332,0.8536,2422.0,0
0.015529,0.1015,0.0661,1568.4,1
0.083464,0.132,0.2354,1280.7,1
0.000631,0.4609,0.7049,3343.5,0
0.056655,0.135,0.0384,1293.0,1
0.043964,0.2009,0.3567,1137.1,1
0.013569,0.1431,0.2438,856.2,1
0.080181,0.1134,0.3769,987.8,1
0.029848,0.1289,0.0403,1008.9,1
0.000962,0.3527,0.7373,2901.7,0
0.000169,0.3142,0.7374,3438.9,0
0.000384,0.311,0.6726,2602.8,0
0.031725,0.1366,0.3875,1771.7,1
0.030425,0.1517,0.1178,1450.4,1
0.021722,0.1938,0.2609,1001.2,1
0.040767,0.1427,0.2862,1090.7,1
0.002802,0.3844,0.5442,2446.7,0
0.000339,0.445,0.7108,2613.9,0
0.000553,0.3109,0.771,3134.2,0
0.0005,0.1888,0.3746,2490.3,0
0.000369,0.3564,0.902,2627.5,0
0.038104,0.1133,0.121,1390.5,1
0.00059,0.3121,0.3641,2800.7,0
0.002922,0.3884,0.8864,2533.2,0
0.000595,0.35,0.624,2309.5,0
0.000328,0.3254,0.5383,2919.4,0
0.078782,0.1367,0.1986,962.3,1
0.094048,0.0578,0.2352,1505.4,1
0.032143,0.1293,0.334,1326.7,1
0.003435,0.3523,0.9108,3708.6,0
0.000642,0.2918,0.7246,3223.7,0
0.032761,0.0397,0.0343,1035.6,1
0.001061,0.4334,0.6681,2035.1,0
0.000243,0.4168,0.6188,2724.3,0
0.000175,0.4057,0.8807,2090.7,0
0.001859,0.4399,0.7744,2469.4,0
0.000653,0.4758,0.8789,1934.7,0
0.00083,0.2002,0.8628,1981.2,0
0.024618,0.1106,0.1249,1241.4,1
0.000163,0.3303,0.719,3143.6,0
0.000559,0.4185,0.8225,3507.0,0
0.02443,0.0829,0.2084,1219.0,1
0.00155,0.3704,0.5848,3253.9,0
0.000795,0.3188,0.7332,3214.5,0
0.038462,0.0909,0.3041,1576.7,1
0.000223,0.3432,0.9634,2985.3,0
0.000166,0.3322,0.7296,2843.4,0
0.042543,0.1804,0.0278,1149.7,1
0.001578,0.394,0.6643,3443.0,0
0.014962,0.1466,0.3199,1598.3,1
0.025753,0.1974,0.1828,1178.8,1
0.000131,0.3422,0.8426,1718.5,0
0.081192,0.1082,0.2317,1381.4,1
0.018486,0.0696,0.0257,1280.5,1
0.001503,0.251,0.8219,2185.5,0
0.10437,0.1256,0.0614,1099.9,1
0.000977,0.4035,0.8135,3207.5,0
0.102243,0.0971,0.2055,1312.6,1
0.000395,0.4924,0.7659,2810.9,0
0.031934,0.0661,0.1528,895.2,1
0.000478,0.3364,0.7325,2896.2,0
0.04347,0.1341,0.1432,1067.0,1
0.003593,0.4535,0.8548,2747.8,0
0.002537,0.3416,0.8,2053.8,0
0.026893,0.1245,0.3023,1404.0,1
0.040648,0.1427,0.2579,1046.0,1
0.081209,0.1115,0.0268,1347.0,1
0.018548,0.1095,0.2559,1273.6,1
0.036317,0.0911,0.1342,1441.1,1
0.016452,0.1961,0.3653,1109.2,1
0.000855,0.2982,0.8529,3538.5,0
0.055757,0.1352,0.3087,1324.6,1
0.022057,0.1126,0.2983,868.0,1
0.069668,0.1757,0.1647,1200.2,1
0.021991,0.1196,0.1795,1336.8,1
0.002635,0.1531,0.7398,3334.3,0
0.001421,0.2609,0.9297,2750.1,0
0.069728,0.1816,0.0688,1165.1,1
0.063987,0.1276,0.2221,1179.6,1
0.016714,0.1829,0.1211,1194.2,1
0.03206,0.099,0.0663,948.5,1
0.030467,0.1045,0.1589,1336.6,1
0.000727,0.3569,0.8635,2432.9,0
0.104816,0.1101,0.2367,1080.9,1
0.000541,0.3929,0.9523,2397.2,0
0.00062,0.2762,0.5979,2426.1,0
0.012968,0.1183,0.2734,872.8,1
0.023402,0.0927,0.186,1426.8,1
0.000779,0.3006,0.6499,3168.5,0
0.003126,0.5,0.6064,2403.7,0
0.043248,0.1305,0.2926,1480.4,1
0.002092,0.2857,0.681,3602.5,0
0.073865,0.1336,0.3422,1536.6,1
0.051908,0.1263,0.3279,1855.1,1
0.029186,0.1004,0.423,1035.9,1
0.020785,0.0876,0.19,1144.6,1
0.000293,0.2617,0.9318,3011.1,0
0.021788,0.111,0.1983,1355.7,1
0.000469,0.3623,0.9336,3412.2,0
0.040926,0.1198,0.4196,1180.0,1
0.000388,0.3037,0.9452,3161.4,0
0.009126,0.1369,0.1876,1315.4,1
0.000465,0.3122,0.9654,3027.4,0
0.001159,0.2804,0.6635,2830.5,0
0.000248,0.4279,0.7503,2809.7,0
0.001839,0.2471,0.7068,3034.3,0
0.094556,0.0991,0.4714,1147.1,1
0.003985,0.3407,0.7338,3230.5,0
0.063622,0.0951,0.2058,1289.8,1
0.030088,0.0998,0.1969,1119.5,1
0.02201,0.144,0.0625,1452.1,1
0.001435,0.2665,0.89,3039.5,0
0.001176,0.3261,0.8996,2795.6,0
0.057232,0.1497,0.3931,1088.1,1
0.000176,0.4401,0.634,3800.0,0
0.000968,0.2954,0.8962,2278.2,0
0.037612,0.0981,0.1577,1261.7,1
0.084223,0.1433,0.0927,1389.8,1
0.048619,0.1239,0.3756,819.7,1
0.001361,0.4254,0.8463,2149.8,0
0.059774,0.1327,0.2513,1644.0,1
0.001175,0.2473,0.9069,2619.2,0
0.000888,0.2761,0.5617,2724.8,0
0.05483,0.0794,0.1354,1124.6,1
0.002299,0.221,0.5817,2539.1,0
0.001233,0.2725,0.7747,2917.3,0
0.000403,0.3727,0.8169,3022.5,0
0.030896,0.0736,0.2521,807.1,1
0.041449,0.0853,0.1876,1237.0,1
0.026163,0.1583,0.1633,1595.4,1
0.022982,0.1888,0.089,916.2,1
0.000698,0.2706,0.94,2389.8,0
0.034013,0.129,0.1659,1384.1,1
0.000504,0.3793,0.7581,3308.7,0
0.000276,0.4092,0.9022,2243.4,0
0.062941,0.1374,0.0421,1105.3,1
0.045067,0.149,0.3664,1792.3,1
0.000193,0.2624,0.7366,3515.4,0
0.001071,0.4065,0.8909,2630.7,0
0.002173,0.3537,0.9389,2021.1,0
0.001295,0.3907,0.9893,2741.7,0
0.037855,0.0771,0.0479,1176.8,1
0.032665,0.128,0.272,1034.7,1
0.014274,0.1317,0.3437,1097.4,1
0.014454,0.1421,0.1487,1412.3,1
0.002034,0.3441,0.8057,1787.1,0
0.045252,0.1684,0.1763,1496.8,1
0.001794,0.3264,0.9537,2221.4,0
0.071239,0.0699,0.0438,1145.3,1
0.051669,0.1277,0.2958,815.1,1
0.027951,0.096,0.1622,871.3,1
0.00033,0.3686,0.722,3359.6,0
0.040702,0.097,0.2464,900.3,1
0.000311,0.276,0.8432,2373.3,0
0.000163,0.412,0.924,2603.0,0
0.000796,0.3553,0.9596,1969.2,0
0.000129,0.2847,0.9479,3370.7,0
0.07627,0.1284,0.5994,1494.2,1
0.013303,0.0943,0.4167,1050.3,1
0.018164,0.079,0.1315,1398.7,1
0.032339,0.1375,0.1429,926.6,1
0.024014,0.1336,0.1431,1193.4,1
0.000857,0.4702,0.8871,2655.3,0
0.000484,0.2324,0.8404,3086.0,0
0.015807,0.0911,0.1122,1019.1,1
0.000914,0.488,0.3097,2427.3,0
0.0417,0.1514,0.035,1411.4,1
0.000366,0.3086,0.8038,2725.3,0
0.00132,0.2955,0.6194,3232.3,0
0.001582,0.1806,0.794,2972.7,0
0.000943,0.3423,0.9699,3177.7,0
0.000416,0.3811,0.5714,3490.9,0
0.028082,0.145,0.4635,1411.6,1
0.000201,0.3084,0.864,2877.0,0
0.024991,0.0963,0.2384,983.3,1
0.00213,0.3008,0.9196,2773.8,0
0.000168,0.2863,0.84,3183.0,0
0.000282,0.3673,0.9943,2480.7,0
0.048475,0.1279,0.1672,1185.5,1
0.000365,0.3772,0.9794,2137.5,0
0.050023,0.1478,0.1827,1017.5,1
0.001509,0.3925,0.7389,3221.9,0
0.020939,0.0991,0.1867,1641.8,1
0.000106,0.2709,0.4723,2064.0,0
0.040348,0.1557,0.0832,1649.9,1
0.019549,0.0733,0.081,1063.5,1
0.082225,0.1199,0.217,1020.6,1
0.000438,0.327,0.8345,2355.0,0
0.000254,0.3711,0.8084,2507.3,0
0.001225,0.3475,0.65,3181.2,0
0.022713,0.1087,0.1587,1079.2,1
0.028727,0.0936,0.3138,1020.8,1
0.069554,0.1462,0.1302,1523.8,1
0.000969,0.3296,0.8321,3800.0,0
0.001393,0.4182,0.7234,2600.0,0
0.000434,0.3708,0.9187,3027.3,0
0.036378,0.0775,0.1962,1325.0,1
0.024916,0.1657,0.046,1779.3,1
0.026243,0.113,0.1618,1193.1,1
0.001466,0.4133,0.97,2786.1,0
0.027314,0.1077,0.2421,782.5,1
0.065915,0.1398,0.1617,1082.6,1
0.00023,0.2871,0.802,3305.6,0
0.125476,0.1509,0.2955,1288.2,1
0.036817,0.1237,0.1342,1248.0,1
0.015267,0.1081,0.0568,1260.2,1
0.042471,0.0707,0.3178,964.9,1
0.000371,0.2797,0.9264,2321.2,0
0.00069,0.3771,0.7692,2667.1,0
0.072188,0.0912,0.0912,1407.3,1
0.000384,0.4286,0.9702,2678.7,0
0.058629,0.152,0.1455,1430.0,1
0.02876,0.1359,0.0418,1307.4,1
0.021405,0.1337,0.0319,1312.5,1
0.049714,0.0792,0.3924,1308.1,1
0.000337,0.418,0.7185,2386.8,0
0.000557,0.3881,0.7622,2223.3,0
0.001533,0.29,0.7324,2441.3,0
0.001463,0.305,0.733,2625.9,0
0.000636,0.3098,0.8053,2275.2,0
0.000226,0.2447,0.6701,3647.0,0
0.052516,0.0873,0.2635,1286.6,1
0.071962,0.1071,0.2148,1287.3,1
0.002136,0.4501,0.9059,3020.4,0
0.00355,0.2818,0.8761,2233.2,0
0.063838,0.147,0.3195,984.9,1
0.000532,0.2627,0.6133,3101.2,0
0.001282,0.3232,0.8501,2406.0,0
0.00051,0.4052,0.7553,3098.0,0
0.046167,0.1453,0.1519,1216.7,1
0.000379,0.2823,0.6094,3097.5,0
0.089319,0.1552,0.1429,1531.9,1
0.000178,0.3265,0.8623,2829.2,0
0.037244,0.2155,0.1433,1108.5,1
0.001063,0.4074,0.9284,3040.9,0
0.078691,0.076,0.0839,1740.9,1
0.033026,0.0613,0.1428,1331.9,1
0.031553,0.0617,0.1253,936.8,1
0.032291,0.1408,0.4275,1421.9,1
0.050622,0.1537,0.2707,1224.3,1
0.048368,0.0286,0.1333,1693.2,1
0.01175,0.1627,0.0528,1498.2,1
0.046482,0.1323,0.1292,915.4,1
0.000172,0.354,0.924,2676.6,0
0.000477,0.2282,0.7952,3245.7,0
0.004231,0.2864,0.5996,2861.3,0
0.013016,0.1299,0.1113,1070.3,1
0.000603,0.2381,0.8772,3187.1,0
0.00219,0.5,0.7071,2896.7,0
0.05101,0.1526,0.228,1735.2,1
0.073968,0.128,0.0836,1489.6,1
0.049103,0.1338,0.292,1280.5,1
0.00035,0.3553,0.9076,2605.2,0
0.055444,0.1186,0.1654,1722.0,1
0.002079,0.1752,0.8864,3201.2,0
0.001057,0.3619,0.7552,3264.9,0
0.004612,0.2659,0.9107,2313.6,0
0.000245,0.3807,0.8703,2952.7,0
0.00054,0.2739,0.8739,2939.4,0
0.023236,0.1605,0.2821,1472.4,1
0.002221,0.3716,0.586,2655.4,0
0.024451,0.1035,0.1796,1374.3,1
0.048079,0.1539,0.0784,1479.7,1
0.000254,0.3849,0.6012,2474.5,0
0.048201,0.098,0.2079,1212.6,1
0.000371,0.3902,0.9041,2661.6,0
0.060921,0.1181,0.2884,1184.3,1
0.000671,0.4342,0.899,3324.5,0
0.000597,0.4206,0.7636,2058.6,0
0.000296,0.3802,0.6118,2696.7,0
0.066837,0.1297,0.1465,637.7,1
0.02727,0.1347,0.1912,1284.2,1
0.00017,0.3319,0.7881,3479.7,0
0.06128,0.1749,0.2299,1624.2,1
0.042388,0.0727,0.1231,1513.9,1
0.029112,0.1413,0.3293,1263.7,1
0.043328,0.1418,0.1716,1429.5,1
0.034358,0.082,0.0998,1414.8,1
0.037926,0.1291,0.1442,990.4,1
0.014192,0.1053,0.4747,1356.1,1
0.000448,0.3116,0.7203,3362.0,0
0.001231,0.3334,0.6392,2225.8,0
0.001313,0.3174,0.5911,2953.5,0
0.030211,0.1067,0.2131,1666.0,1
0.009871,0.0907,0.2705,1443.6,1
0.000413,0.171,0.943,3308.4,0
0.050212,0.0909,0.3659,932.4,1
0.024973,0.125,0.4488,1046.3,1
0.000815,0.3612,0.9378,2499.7,0
0.029291,0.1484,0.0952,1371.7,1
0.000276,0.255,0.7366,3399.3,0
0.00018,0.2277,0.8536,3082.4,0
0.01129,0.1479,0.1975,999.5,1
0.02337,0.1383,0.1769,1560.6,1
0.002288,0.3599,0.8848,3144.6,0
0.070379,0.1333,0.3201,1719.9,1
0.077602,0.1204,0.4756,1693.5,1
0.000291,0.1838,0.7154,2499.4,0
0.000212,0.2659,0.8208,3798.8,0
0.022236,0.1325,0.4318,1482.6,1
0.000477,0.3966,0.5664,2338.6,0
0.0492,0.1547,0.1244,1156.0,1
0.043716,0.1319,0.4018,1173.3,1
0.028787,0.1506,0.059,1522.9,1
0.000831,0.3866,0.6335,2390.9,0
0.042716,0.1061,0.0762,1530.2,1
0.000134,0.4525,0.8178,2415.6,0
0.000187,0.3356,0.8919,1767.0,0
0.001301,0.2588,0.8268,3473.8,0
0.000766,0.3959,0.7758,2535.4,0
0.0566,0.1029,0.2553,1999.2,1
0.026466,0.0853,0.1441,1263.5,1
0.000887,0.4445,0.849,3086.8,0
0.040088,0.1106,0.2118,1328.5,1
0.001123,0.2773,0.5957,1814.5,0
0.037153,0.1524,0.2394,1011.9,1
0.000438,0.3716,0.7168,3800.0,0
0.032747,0.1148,0.1374,734.4,1
0.062409,0.1512,0.2439,1532.4,1
0.034718,0.152,0.145,1495.0,1
0.002528,0.41,0.8748,2860.5,0
0.000683,0.2386,0.6476,3482.8,0
0.039513,0.1256,0.0594,1059.1,1
0.000609,0.3913,0.7418,3149.7,0
0.000388,0.476,0.7616,2583.4,0
0.000101,0.3547,0.9072,2415.2,0
0.041305,0.0683,0.0664,1062.4,1
0.064839,0.0586,0.1815,1643.3,1
0.052619,0.0975,0.2267,1443.5,1
0.001382,0.2936,0.6667,2278.4,0
0.001196,0.5,0.7633,2905.6,0
0.018569,0.0752,0.3239,1165.2,1
0.024516,0.1714,0.1779,1050.9,1
0.002768,0.3514,0.7929,2936.4,0
0.02359,0.0658,0.4285,1499.9,1
0.000637,0.4871,0.7612,3468.6,0
0.034627,0.1645,0.0687,1316.0,1
0.001202,0.3231,0.6852,2494.5,0
0.026833,0.1542,0.4172,1409.7,1
0.043739,0.1705,0.1997,1097.2,1
0.027635,0.1214,0.3021,1247.1,1
0.003229,0.2528,0.9444,3052.4,0
0.014701,0.161,0.284,1364.8,1
0.003402,0.4203,0.8359,2781.7,0
0.001029,0.3344,0.9393,3119.8,0
0.022473,0.1164,0.564,1222.9,1
0.030212,0.1452,0.4834,1095.7,1
0.011047,0.1472,0.1906,525.3,1
0.066252,0.1099,0.2062,1343.1,1
0.00179,0.2342,0.8381,1841.7,0
0.000319,0.4415,0.9596,2026.7,0
0.000128,0.3055,0.393,2788.1,0
0.036671,0.1137,0.2975,998.1,1
0.059205,0.0994,0.0864,1242.8,1
0.050595,0.1129,0.1552,941.9,1
0.004027,0.388,0.797,3114.3,0
0.001198,0.3245,0.7648,3799.0,0
0.03565,0.1105,0.0914,1042.4,1
0.007094,0.2117,0.9309,2309.3,0
0.042267,0.0855,0.2136,1122.6,1
0.037453,0.1535,0.2635,987.3,1
0.031702,0.115,0.3491,1050.0,1
0.000824,0.2367,0.5248,3414.1,0
0.001032,0.2898,0.9554,3389.3,0
0.000739,0.265,0.9574,2327.2,0
0.00059,0.3743,0.5435,2231.0,0
0.000284,0.3805,0.6358,2123.1,0
0.05555,0.0914,0.4615,1165.9,1
0.023524,0.0998,0.2565,1424.7,1
0.002103,0.2401,0.8644,3095.7,0
0.000148,0.3856,0.7272,2874.1,0
0.000579,0.3967,0.9189,2406.7,0
0.000206,0.3692,0.9284,3016.9,0
0.039724,0.0987,0.2447,1502.1,1
0.000475,0.298,0.7119,3465.1,0
0.00022,0.3737,0.6395,2927.8,0
0.000858,0.3232,0.8761,3093.6,0
0.07526,0.0526,0.36,1680.4,1
0.031486,0.0884,0.0761,1738.1,1
0.000387,0.3382,0.9219,2615.5,0
0.046254,0.1535,0.0848,763.3,1
0.017621,0.1176,0.0881,1462.7,1
0.030953,0.067,0.0945,1415.7,1
0.000792,0.3446,0.9133,2918.0,0
0.148237,0.1042,0.0824,1374.0,1
0.069843,0.14,0.1258,1903.8,1
0.066173,0.0688,0.278,1555.3,1
0.077389,0.1624,0.2688,1647.0,1
0.062126,0.1356,0.1333,1123.6,1
0.000679,0.3492,0.647,2324.3,0
0.043107,0.066,0.3339,1063.0,1
0.073183,0.0689,0.3086,921.9,1
0.075935,0.144,0.2408,1061.1,1
0.001114,0.3099,0.728,3411.7,0
0.034221,0.1565,0.077,916.1,1
0.03894,0.1784,0.1989,838.7,1
0.000326,0.1965,0.7957,2401.1,0
0.023636,0.1343,0.2011,1331.0,1
0.022166,0.2036,0.2011,1437.4,1
0.016829,0.1009,0.0391,1314.6,1
0.000193,0.2309,0.6849,2336.2,0
0.000624,0.2545,0.6444,3610.4,0
0.085341,0.1419,0.3197,1625.1,1
0.00127,0.276,0.3731,3024.9,0
0.063189,0.0983,0.2801,971.7,1
0.020177,0.099,0.3543,1585.3,1
0.033071,0.0922,0.3326,1350.2,1
0.002301,0.2496,0.8605,2953.8,0
0.040563,0.0695,0.3335,1582.0,1
0.000274,0.3946,0.5992,3586.6,0
0.001852,0.2985,0.8516,3250.2,0
0.003699,0.3906,0.8484,3037.9,0
0.001114,0.3735,0.8832,1855.2,0
0.020581,0.0483,0.3514,1044.6,1
0.012868,0.102,0.1137,1460.9,1
0.000519,0.3208,0.908,3199.3,0
0.072643,0.1474,0.0605,1305.4,1
0.000887,0.2743,0.7487,1966.9,0
0.03785,0.1551,0.1747,1404.2,1
0.012611,0.181,0.032,1652.2,1
0.02216,0.1608,0.2869,1656.6,1
0.001391,0.2246,0.7173,3280.9,0
0.037359,0.1382,0.0682,1355.9,1
0.000418,0.3916,0.7681,2783.2,0
0.047002,0.0911,0.2337,965.5,1
0.000112,0.3936,0.7548,2588.7,0
0.032783,0.1248,0.2607,1180.2,1
0.029083,0.0894,0.0814,1076.6,1
0.009842,0.1214,0.1503,1115.3,1
0.000398,0.3384,0.828,2323.6,0
0.038348,0.0814,0.2663,1127.6,1
0.000937,0.332,0.7566,2603.1,0
0.054082,0.0976,0.2003,1141.1,1
0.003629,0.3836,0.876,2944.0,0
0.000781,0.1801,0.8782,2513.8,0
0.030027,0.0901,0.1732,1349.9,1
0.000115,0.3148,0.7306,2745.7,0
0.000459,0.3232,0.7247,2753.6,0
0.002295,0.199,0.6177,3424.4,0
0.001523,0.4123,0.4627,3030.3,0
0.066351,0.0796,0.2036,1166.8,1
0.032795,0.1171,0.1897,1340.2,1
0.000766,0.3118,0.9439,1976.0,0
0.000936,0.328,0.8283,2537.4,0
0.000582,0.3767,0.6704,2056.0,0
0.001068,0.3514,0.9053,2374.1,0
0.00935,0.11,0.1459,1392.8,1
0.071516,0.0907,0.0617,1470.5,1
0.003491,0.3693,0.9197,3757.1,0
0.000218,0.3097,0.5172,2320.2,0
0.000211,0.3712,0.888,2990.0,0
0.055058,0.1157,0.345,1181.9,1
0.016567,0.137,0.2296,1079.1,1
0.000608,0.5,0.9166,2690.1,0
0.000199,0.458,0.5575,2268.6,0
0.052664,0.1452,0.2546,1015.1,1
0.09838,0.1292,0.2785,1218.8,1
0.00149,0.3689,0.8978,2094.1,0
0.003828,0.3036,0.8891,2440.4,0
0.001066,0.4959,0.7649,2897.9,0
0.041931,0.0451,0.1012,1225.0,1
0.000193,0.447,0.8916,2805.4,0
0.001603,0.3039,0.6824,2685.0,0
0.025026,0.0942,0.0624,970.3,1
0.000277,0.4435,0.9084,2317.5,0
0.052416,0.1244,0.0487,950.6,1
0.001487,0.327,0.7037,3247.1,0
0.000935,0.3439,0.6383,2735.2,0
0.043747,0.1397,0.0933,1406.8,1
0.000336,0.4587,0.8485,2818.7,0
0.018189,0.1665,0.227,1276.0,1
0.046082,0.1713,0.3791,884.6,1
0.002265,0.3672,0.801,3177.1,0
0.044734,0.0837,0.2637,1662.2,1
0.000959,0.4391,0.8272,2982.7,0
0.01237,0.1774,0.0704,1499.2,1
0.000764,0.3568,0.9326,3213.8,0
0.027173,0.1048,0.1333,1054.8,1
0.002239,0.3812,0.8034,2456.3,0
0.000861,0.3222,0.4818,3220.0,0
0.029286,0.1522,0.2024,1101.0,1
0.052353,0.1042,0.0911,1489.9,1
0.004301,0.3297,0.7224,2898.8,0
0.000983,0.5,0.9224,3303.2,0
0.056574,0.0287,0.1691,1494.7,1
0.030528,0.1447,0.2891,1506.5,1
0.002869,0.2798,0.7301,2542.0,0
0.022261,0.077,0.2216,1445.1,1
0.007321,0.3865,0.849,2711.4,0
0.051235,0.1216,0.3342,1307.0,1
0.00094,0.3747,0.7824,2493.7,0
0.000825,0.2651,0.7365,2581.8,0
0.011067,0.0846,0.173,1391.9,1
0.003068,0.318,0.664,3169.7,0
0.039307,0.1377,0.297,718.0,1
0.000362,0.4485,0.7332,3409.6,0
0.000585,0.3195,0.8214,2339.5,0
0.001377,0.3778,0.6282,2905.7,0
0.029456,0.1183,0.1972,1062.5,1
0.002217,0.4411,0.8578,3800.0,0
0.031678,0.1627,0.4942,1204.7,1
0.032109,0.1164,0.3419,1049.0,1
0.071755,0.0848,0.1193,1369.9,1
0.00021,0.372,0.8964,3581.0,0
0.000457,0.2969,0.697,2524.2,0
0.007205,0.3878,0.8179,3134.9,0
0.000199,0.3641,0.895,2040.5,0
0.00034,0.2683,0.8983,2643.9,0
0.090737,0.1049,0.0613,1364.4,1
0.001065,0.3558,0.7883,2884.2,0
0.001468,0.3299,0.8867,2418.7,0
0.001494,0.4071,0.7828,2785.3,0
0.049635,0.1498,0.3382,999.2,1
0.001155,0.4012,0.8527,3112.0,0
0.141043,0.1467,0.1317,1273.0,1
0.000829,0.2673,0.4596,3286.8,0
0.058269,0.159,0.3877,1718.2,1
0.062964,0.0805,0.1814,1159.2,1
0.000521,0.378,0.97,2482.5,0
0.000361,0.3431,0.8489,3393.9,0
0.000471,0.4101,0.8408,3389.0,0
0.000679,0.3156,0.7031,2919.4,0
0.02497,0.0955,0.2516,1277.9,1
0.018261,0.1125,0.1285,1301.4,1
0.05102,0.1176,0.1482,1184.1,1
0.036899,0.1365,0.1491,1415.4,1
0.000692,0.3829,0.8293,1653.2,0
0.001694,0.322,0.9255,1762.1,0
0.060321,0.1337,0.3867,1788.8,1
0.000557,0.4036,0.6772,3339.2,0
0.11713,0.0987,0.19,1094.0,1
0.001409,0.3918,0.7845,2810.2,0
0.000382,0.3097,0.742,2400.2,0
0.064629,0.116,0.25,926.6,1
0.000212,0.5,0.848,2862.7,0
0.018734,0.0893,0.1133,981.2,1
0.0338,0.1095,0.2543,1268.1,1
0.023967,0.1018,0.0969,1296.6,1
0.049323,0.1392,0.0777,1084.2,1
0.044265,0.1142,0.2208,1290.8,1
0.062352,0.1769,0.0955,1299.9,1
0.001564,0.2512,0.7594,3449.0,0
0.023948,0.1093,0.0563,963.1,1
0.066471,0.0904,0.3981,988.9,1
0.001964,0.3659,0.9273,2634.4,0
0.000114,0.3211,0.8896,3159.3,0
0.002747,0.319,0.7541,3039.5,0
0.080073,0.1011,0.2032,1273.1,1
0.033483,0.0955,0.1508,1220.2,1
0.001678,0.2812,0.8448,2700.0,0
0.047384,0.1033,0.1893,1131.1,1
0.006223,0.1489,0.2459,1132.2,1
0.041528,0.0239,0.1003,912.1,1
0.043104,0.1134,0.1484,1288.7,1
0.054773,0.1451,0.4277,1317.4,1
0.001408,0.3068,0.9109,2739.6,0
0.037497,0.1406,0.0928,1587.8,1
0.000154,0.2701,0.8244,2024.7,0
0.0239,0.0949,0.3683,1200.4,1
0.061277,0.0566,0.2426,1346.0,1
0.001544,0.413,0.7907,2790.5,0
0.001845,0.4804,0.7366,2682.3,0
0.008578,0.0941,0.139,1352.4,1
0.002287,0.3912,0.5577,2707.2,0
0.050439,0.103,0.0594,982.2,1
0.00455,0.2104,0.9534,2570.7,0
0.000209,0.4203,0.7799,2989.6,0
0.058396,0.1718,0.3078,1145.0,1
0.005871,0.1327,0.2491,1514.3,1
0.028592,0.121,0.3056,1393.9,1
0.001394,0.4021,0.8714,2392.8,0
0.018465,0.1219,0.2086,1010.8,1
0.025624,0.1116,0.1286,1023.4,1
0.010897,0.1765,0.31,1311.8,1
0.028749,0.1275,0.3381,1551.1,1
0.036355,0.1474,0.2268,1630.4,1
0.000241,0.3754,0.8933,2664.0,0
0.000406,0.3387,0.8829,2863.1,0
0.029577,0.117,0.3392,1506.9,1
0.000746,0.3399,0.8611,2375.7,0
0.025751,0.1023,0.3493,1359.5,1
0.000767,0.435,0.5589,2603.1,0
0.009886,0.0939,0.228,1264.3,1
0.018112,0.1501,0.1393,1783.9,1
0.001599,0.3554,0.8542,3437.0,0
0.001519,0.3846,0.7392,2243.8,0
0.000468,0.3536,0.7582,2711.2,0
0.083592,0.0837,0.1718,1503.5,1
0.032448,0.0862,0.1827,1387.8,1
0.001781,0.4272,0.8371,2528.7,0
0.029604,0.1373,0.2492,1480.6,1
0.001039,0.3635,0.7959,2987.7,0
0.05613,0.1277,0.1785,1419.8,1
0.029304,0.1031,0.1218,1129.2,1
0.000152,0.186,0.7937,2956.3,0
0.020932,0.0838,0.389,1314.8,1
0.000307,0.3983,0.798,1837.7,0
0.000206,0.3709,0.8266,2319.9,0
0.000912,0.4159,0.8625,2724.3,0
0.000543,0.432,0.9193,2780.4,0
0.09621,0.0851,0.2158,872.0,1
0.001002,0.23,0.9207,2826.3,0
0.015893,0.1307,0.4362,1032.6,1
0.001145,0.355,0.8758,2767.2,0
0.000402,0.3929,0.8504,2824.3,0
0.040542,0.1159,0.1623,1027.8,1
0.046082,0.1301,0.0473,1721.5,1
0.00048,0.3708,0.6424,1907.4,0
0.070059,0.1614,0.2518,1032.9,1
0.054602,0.0966,0.0855,1143.4,1
0.018396,0.0993,0.127,1230.1,1
0.011799,0.1169,0.1685,1076.5,1
0.000105,0.3406,0.7551,2936.9,0
0.001795,0.2572,0.8393,2389.6,0
0.058404,0.0648,0.0354,1590.3,1
0.00256,0.2263,0.7493,3064.7,0
0.053928,0.1685,0.1009,1448.3,1
0.002074,0.266,0.7562,2729.2,0
0.000171,0.3214,0.7655,3471.3,0
0.021097,0.1049,0.0885,1433.3,1
0.003717,0.2579,0.5296,3018.5,0
0.016028,0.1306,0.2097,1275.3,1
0.097745,0.0859,0.2,1757.3,1
0.035401,0.1796,0.3048,1460.1,1
0.037927,0.1,0.4176,1200.8,1
0.037325,0.1329,0.2173,1292.9,1
0.057548,0.1085,0.3924,1426.9,1
0.022785,0.1086,0.2862,963.2,1
0.00134,0.3129,0.9158,3416.3,0
0.002231,0.3427,0.8207,1883.6,0
0.000879,0.3963,0.9422,3773.6,0
0.0006,0.3893,0.7021,2631.4,0
0.022571,0.0729,0.0839,1501.3,1
0.047709,0.2131,0.4708,1335.3,1
0.037149,0.1307,0.2573,1668.9,1
0.002458,0.3135,0.6476,3428.8,0
0.052246,0.153,0.1257,1394.2,1
0.000457,0.4002,0.8715,2043.5,0
0.024957,0.1889,0.2423,1540.7,1
0.039777,0.1057,0.3407,1181.2,1
0.000279,0.3267,0.6656,2138.4,0
0.000155,0.378,0.7847,2505.5,0
0.002123,0.3313,0.7271,2564.5,0
0.031458,0.0856,0.111,1361.0,1
0.010395,0.0931,0.1465,1419.9,1
0.062855,0.096,0.1571,1322.6,1
0.001506,0.3477,0.665,2890.7,0
0.000257,0.184,0.6758,3049.5,0
0.032312,0.1268,0.1652,1539.9,1
0.059642,0.0508,0.4913,1247.5,1
0.002373,0.2753,0.949,2179.0,0
0.000833,0.2964,0.7107,2480.2,0
0.0139,0.1247,0.0412,1023.2,1
0.000536,0.377,0.7642,2554.5,0
0.003508,0.2693,0.8965,2602.3,0
0.002181,0.3415,0.8276,3220.9,0
0.02615,0.0764,0.3378,1122.2,1
0.02169,0.1691,0.0649,936.0,1
0.067769,0.17,0.2415,1855.4,1
0.076336,0.0765,0.3734,1622.1,1
0.037868,0.1082,0.0736,1277.3,1
0.000613,0.3947,0.6479,3126.1,0
0.030969,0.1228,0.2623,1079.1,1
0.001421,0.2944,0.8667,1262.9,0
0.047889,0.0655,0.1246,1590.7,1
0.000194,0.2914,0.9231,2637.8,0
0.000199,0.3627,0.9546,3596.0,0
0.000364,0.3468,0.7985,2209.5,0
0.000657,0.3946,0.991,3152.8,0
0.001728,0.3268,0.6562,3221.2,0
0.000532,0.2958,0.5888,2141.5,0
0.058401,0.1244,0.4068,1418.6,1
0.00076,0.2652,0.5178,2044.0,0
0.034181,0.1592,0.0049,1043.7,1
0.089772,0.088,0.1841,1166.6,1
0.075523,0.093,0.2596,1351.0,1
0.044021,0.147,0.0325,1265.6,1
0.032097,0.2073,0.2434,1489.1,1
0.001388,0.4222,0.8815,2350.1,0
0.000796,0.383,0.8469,3296.9,0
0.001549,0.3321,0.9708,2196.9,0
0.09936,0.1013,0.2045,1162.9,1
0.028065,0.1065,0.1266,990.8,1
0.001248,0.399,0.7349,2750.2,0
0.001035,0.4363,0.6448,1987.0,0
0.021078,0.1662,0.1752,1298.1,1
0.000662,0.2842,0.6862,2917.2,0
0.068251,0.1933,0.0586,1331.2,1
0.035276,0.2154,0.0841,999.4,1
0.027334,0.151,0.1713,1173.4,1
0.077663,0.0965,0.0538,1432.8,1
0.067088,0.09,0.0642,1242.8,1
0.030337,0.1471,0.3328,1535.2,1
0.102242,0.1569,0.0334,1067.9,1
0.036288,0.097,0.0835,1166.3,1
0.000373,0.3199,0.9177,2706.5,0
0.001146,0.2918,0.8717,2440.5,0
0.000148,0.2545,0.5926,2790.0,0
0.000287,0.3349,0.8746,2571.4,0
0.0373,0.1582,0.07,1079.2,1
0.012091,0.1,0.1317,1648.1,1
0.000526,0.2622,0.905,1985.6,0
0.000215,0.3361,0.7702,2913.8,0
0.019273,0.1083,0.1525,1095.9,1
0.001699,0.3748,0.6893,2924.1,0
0.070279,0.0296,0.2864,1490.6,1
0.006379,0.1081,0.146,1586.6,1
0.034959,0.1662,0.1619,1238.6,1
0.000172,0.3973,0.8674,2182.1,0
0.00222,0.3786,0.8626,2658.4,0
0.000503,0.3243,0.6599,2914.1,0
0.017214,0.1254,0.2411,1371.9,1
0.045404,0.0667,0.2691,1759.8,1
0.00133,0.4447,0.8043,2855.3,0
0.039255,0.1593,0.1308,859.7,1
0.043856,0.1435,0.2208,972.4,1
0.000212,0.3375,0.8017,2239.0,0
0.02583,0.137,0.2922,815.6,1
0.040002,0.0878,0.3422,1647.7,1
0.000369,0.3571,0.8489,3402.0,0
0.00173,0.337,0.8737,2852.8,0
0.052195,0.0651,0.1182,1373.8,1
0.022206,0.1167,0.1117,1247.3,1
0.032829,0.1897,0.0367,968.0,1
0.041627,0.0501,0.0629,861.6,1
0.097802,0.179,0.1866,1080.4,1
0.000868,0.3704,0.8585,3539.6,0
0.014265,0.1375,0.2375,1341.6,1
0.111479,0.055,0.285,1674.9,1
0.001203,0.2913,0.8943,2980.6,0
0.043205,0.0915,0.1922,1318.7,1
0.060534,0.1451,0.0698,924.5,1
0.002337,0.2001,0.7487,3209.0,0
0.037401,0.1373,0.0913,838.1,1
0.001957,0.3971,0.7982,2028.4,0
0.000819,0.3629,0.4441,2861.2,0
0.002082,0.4129,0.8352,2476.8,0
0.030204,0.1272,0.3086,1255.8,1
0.035084,0.1219,0.0283,1251.0,1
0.000475,0.2556,0.7658,2246.9,0
0.03119,0.1526,0.2701,1110.8,1
0.001714,0.3439,0.4864,2679.9,0
0.0698,0.0592,0.2248,944.3,1
0.027187,0.0857,0.0782,1089.5,1
0.001612,0.361,0.6076,2874.3,0
0.056252,0.0656,0.1762,1229.8,1
0.000427,0.4163,0.6776,3311.7,0
0.002575,0.3694,0.7662,3208.9,0
0.02688,0.1117,0.3791,1279.1,1
0.057903,0.1067,0.1427,1137.0,1
0.001468,0.3804,0.729,3130.5,0
0.000526,0.3154,0.9049,3695.1,0
0.000463,0.3625,0.7744,3150.1,0
0.041842,0.182,0.1924,1108.9,1
0.001,0.2926,0.7651,3240.7,0
0.038586,0.1378,0.1821,1201.6,1
0.015309,0.1413,0.2833,1152.3,1
0.02624,0.1289,0.0322,1245.8,1
0.002725,0.3627,0.8966,2616.7,0
0.000998,0.4234,0.7045,3098.7,0
0.001995,0.203,0.8679,3369.4,0
0.040142,0.1847,0.2213,1409.4,1
0.002616,0.1936,0.8259,2050.7,0
0.00017,0.1131,0.8048,2853.1,0
0.071639,0.104,0.0481,1750.4,1
0.000732,0.2577,0.7051,3142.8,0
0.021532,0.1036,0.2433,1443.7,1
0.000716,0.266,0.8179,3215.8,0
0.030278,0.1397,0.1769,1621.3,1
0.020593,0.1031,0.2521,1429.6,1
0.023288,0.1486,0.2783,1454.0,1
0.051038,0.0931,0.228,1539.6,1
0.00039,0.3622,0.8611,2845.2,0
0.043168,0.079,0.166,1576.1,1
0.025639,0.073,0.233,1070.3,1
0.044427,0.1315,0.1606,1425.3,1
0.000851,0.3468,0.8286,2427.4,0
0.000145,0.3516,0.652,2634.0,0
0.000236,0.3321,0.6447,3206.7,0
0.00209,0.3172,0.7263,3416.5,0
0.001972,0.2847,0.7446,2289.3,0
0.022321,0.0945,0.1899,1383.5,1
0.000528,0.2911,0.9005,3800.0,0
0.002857,0.362,0.8019,3402.3,0
0.021269,0.1373,0.5354,1274.8,1
0.078904,0.1682,0.1276,1605.6,1
0.018283,0.0899,0.0618,1249.1,1
0.025095,0.1346,0.0206,1147.7,1
0.003131,0.2723,0.4741,2086.4,0
0.015795,0.1008,0.3182,1459.6,1
0.040697,0.0652,0.0593,1291.3,1
0.001213,0.4478,0.7349,2771.1,0
0.061941,0.0872,0.4788,1378.9,1
0.022487,0.158,0.1387,1445.0,1
0.0012,0.4099,0.927,2844.3,0
0.002043,0.3561,0.6006,3157.3,0
0.000189,0.3648,0.5471,2949.7,0
0.000573,0.3901,0.7655,3203.8,0
0.000113,0.4079,0.7533,3041.7,0
0.008083,0.1551,0.0851,1202.9,1
0.001096,0.436,0.96,2763.0,0
0.015392,0.0965,0.1528,1474.0,1
0.086077,0.0497,0.354,937.3,1
0.04803,0.104,0.1733,1263.2,1
0.044918,0.2352,0.3072,972.5,1
0.001193,0.3776,0.7712,2105.0,0
0.039774,0.0692,0.1285,1694.5,1
0.021509,0.1137,0.2109,1076.2,1
0.062902,0.1449,0.2209,1357.2,1
0.064612,0.098,0.179,1765.4,1
0.000652,0.4098,0.766,3011.2,0
0.050154,0.2079,0.0559,918.0,1
0.000259,0.4015,0.9771,3012.2,0
0.034891,0.1736,0.0788,768.3,1
0.02197,0.106,0.1293,1790.8,1
0.001433,0.3627,0.9901,3347.2,0
0.061484,0.1518,0.1232,1180.6,1
0.002495,0.3691,0.9134,2862.0,0
0.0011,0.3616,0.9394,2553.5,0
0.083522,0.0942,0.0101,1321.6,1
0.048058,0.1358,0.1083,1044.2,1
0.03559,0.1078,0.0848,1219.4,1
0.033206,0.133,0.0444,1343.6,1
0.022787,0.1033,0.1894,1013.9,1
0.052231,0.1348,0.3553,1068.8,1
0.091862,0.0971,0.1241,1954.1,1
0.001522,0.3438,0.7355,3009.4,0
0.020376,0.0847,0.1051,1364.9,1
0.001664,0.3777,0.6157,2547.6,0
0.029366,0.1125,0.4448,1275.7,1
0.002114,0.2704,0.8432,2192.0,0
0.001383,0.3833,0.8044,3201.8,0
0.001896,0.3687,0.405,3351.8,0
0.071584,0.1448,0.2451,1367.3,1
0.000967,0.4307,0.6654,2736.9,0
0.000216,0.4163,0.7674,2585.6,0
0.032927,0.123,0.0838,1231.6,1
0.023552,0.0957,0.3676,1136.4,1
0.000475,0.414,0.9528,3159.9,0
0.001431,0.3367,0.6047,2758.4,0
0.0009,0.3634,0.8698,2461.6,0
0.00092,0.3907,0.8916,2605.8,0
0.023447,0.1744,0.3785,1025.3,1
0.020164,0.1297,0.0434,1626.9,1
0.025861,0.1168,0.2638,1497.0,1
0.001565,0.4364,0.6384,2781.4,0
0.093348,0.1908,0.1376,1501.6,1
0.027146,0.1101,0.0781,1073.0,1
0.029394,0.0863,0.2584,1234.8,1
0.102876,0.1313,0.2302,1471.2,1
0.012899,0.0798,0.3895,859.5,1
0.034565,0.0866,0.2402,893.2,1
0.001016,0.3901,0.6857,2725.6,0
0.093464,0.1654,0.3071,1280.5,1
0.013803,0.1428,0.1263,1237.1,1
0.101221,0.1336,0.0516,1506.6,1
0.000916,0.2476,0.8184,3154.4,0
0.03131,0.0917,0.1401,1063.9,1
0.017807,0.1663,0.2639,1353.4,1
0.001944,0.4693,0.8631,3260.8,0
0.00202,0.3573,0.9495,3294.5,0
0.038641,0.1134,0.2538,896.6,1
0.022067,0.1402,0.2501,1067.3,1
0.024863,0.1127,0.1704,1277.4,1
0.000473,0.3014,0.855,2260.2,0
0.085933,0.0438,0.1396,1649.1,1
0.001546,0.3522,0.8316,2751.9,0
0.000424,0.2994,0.9215,2599.4,0
0.0005,0.3378,0.8477,2757.2,0
0.001955,0.3068,0.7444,2675.0,0
0.000154,0.3908,0.9093,2531.2,0
0.002726,0.3185,0.6154,2911.8,0
0.000101,0.3137,0.9709,3223.1,0
0.0029,0.3994,0.9398,3120.9,0
0.02853,0.1388,0.3601,1126.3,1
0.010261,0.1104,0.1843,1366.5,1
0.001221,0.3737,0.6135,2782.2,0
0.03951,0.1287,0.4095,921.4,1
0.000676,0.4411,0.9587,3369.8,0
0.047455,0.0853,0.4038,1246.0,1
0.003981,0.3416,0.7589,3800.0,0
0.000375,0.2892,0.811,2921.2,0
0.027416,0.1657,0.092,1299.3,1
0.061691,0.1224,0.1851,1576.2,1
0.024048,0.1206,0.2926,1328.6,1
0.026715,0.1669,0.0758,2052.1,1
0.027795,0.133,0.2843,1193.6,1
0.000105,0.204,0.8352,2838.7,0
0.000462,0.4666,0.8746,1648.2,0
0.000689,0.3856,0.2881,2722.5,0
0.0011,0.2647,0.8786,2849.1,0
0.03713,0.1006,0.0462,1111.0,1
0.053839,0.1953,0.1918,1565.1,1
0.000447,0.2955,0.8545,2463.8,0
0.116319,0.0923,0.0247,889.5,1
0.022658,0.1598,0.2783,1004.5,1
0.000344,0.5,0.9732,2987.8,0
0.000909,0.3873,0.706,2438.0,0
0.001482,0.241,0.9147,3280.7,0
0.000112,0.5,0.9596,2982.8,0
0.000423,0.2259,0.6943,3362.3,0
0.034306,0.1475,0.1206,892.6,1
0.000807,0.3546,0.7556,2641.1,0
0.000625,0.4363,0.8176,3033.7,0
0.020469,0.1092,0.1848,1159.4,1
0.026544,0.0974,0.2406,1100.5,1
0.013515,0.1569,0.0377,1767.4,1
0.000519,0.3787,0.6304,3067.1,0
0.000173,0.3509,0.7528,2682.6,0
0.026798,0.1629,0.2421,1395.6,1
0.001089,0.444,0.7861,2344.0,0
0.000129,0.3174,0.8094,3080.5,0
0.034292,0.2012,0.2238,1302.1,1
0.025826,0.1144,0.4131,1475.9,1
0.001685,0.1927,0.8929,2753.2,0
0.05519,0.1488,0.0915,1529.6,1
0.000249,0.3495,0.7871,3169.7,0
0.000726,0.3301,0.9512,2308.7,0
0.000599,0.3189,0.7407,3061.9,0
0.003666,0.3806,0.6944,2141.3,0
0.004692,0.3036,0.9468,2866.8,0
0.085765,0.1972,0.1151,1218.4,1
0.051188,0.123,0.1109,1359.4,1
0.029552,0.0998,0.2591,1607.2,1
0.001678,0.3923,0.9629,2761.7,0
0.000816,0.2892,0.912,2887.8,0
0.000555,0.3451,0.7937,1959.8,0
0.000695,0.4155,0.5896,3304.7,0
0.002422,0.3534,0.9906,2824.3,0
0.053467,0.1363,0.3893,756.3,1
0.027533,0.148,0.1396,1352.2,1
0.059614,0.1417,0.2188,1254.2,1
0.015179,0.0716,0.3469,507.6,1
0.052101,0.1102,0.2936,1403.5,1
0.000357,0.3265,0.9198,2681.4,0
0.000103,0.3368,0.7553,2682.2,0
0.00092,0.2795,0.561,2472.6,0
0.064957,0.1051,0.0847,1276.0,1
0.044384,0.0853,0.1241,1176.9,1
0.00043,0.2735,0.7924,3151.9,0
0.038416,0.1088,0.0813,1027.9,1
0.012501,0.1171,0.2899,1094.7,1
0.000931,0.3906,0.9012,3247.9,0
0.000703,0.1934,0.9713,3045.4,0
0.000713,0.3014,0.673,2832.4,0
0.024464,0.0969,0.2369,1342.4,1
0.000847,0.4379,0.7308,2890.9,0
0.043946,0.1397,0.2042,895.9,1
0.00032,0.4129,0.8241,2306.6,0
0.048872,0.1397,0.218,947.2,1
0.001282,0.2914,0.9062,2534.3,0
0.071504,0.083,0.1144,1131.2,1
0.031647,0.1219,0.1385,1111.1,1
0.061037,0.1599,0.3203,1316.2,1
0.038376,0.122,0.3039,1335.3,1
0.00094,0.2128,0.6599,2634.6,0
0.096454,0.1288,0.112,1381.5,1
0.001464,0.4645,0.763,2078.0,0
0.001288,0.3668,0.7065,2993.2,0
0.083755,0.0886,0.4568,823.0,1
0.002258,0.411,0.6954,2857.1,0
0.073875,0.104,0.2004,887.2,1
0.040734,0.0602,0.2888,1102.3,1
0.000524,0.3724,0.8297,3618.2,0
0.064771,0.1353,0.0679,1141.9,1
0.002988,0.2484,0.6531,2381.3,0
0.00256,0.2931,0.7826,3341.9,0
0.000895,0.3699,0.7712,3049.9,0
0.090232,0.0542,0.2195,1157.8,1
0.081816,0.0737,0.5822,1415.0,1
0.024803,0.151,0.0934,1236.3,1
0.073855,0.1311,0.4344,862.5,1
0.00112,0.3682,0.8851,2352.9,0
0.000144,0.3007,0.8435,2278.6,0
0.024321,0.1245,0.2895,1302.3,1
0.035463,0.1612,0.0365,1120.5,1
0.00045,0.3228,0.5634,1926.5,0
0.002778,0.37,0.8343,2461.8,0
0.021285,0.1578,0.1996,1324.6,1
0.016236,0.0851,0.3242,956.0,1
0.004494,0.2782,0.7819,2334.9,0
0.034177,0.1179,0.273,1365.5,1
0.04661,0.0635,0.1271,1048.1,1
0.0271,0.1302,0.0807,1460.8,1
0.000779,0.2299,0.891,2250.7,0
0.02089,0.1724,0.2517,1298.2,1
0.001054,0.3114,0.7891,3641.5,0
0.001172,0.3182,0.7692,3067.6,0
0.062467,0.1715,0.1438,1349.2,1
0.026798,0.0975,0.0677,1066.1,1
0.001469,0.2249,0.6847,3273.5,0
0.015474,0.1243,0.1986,987.3,1
0.040677,0.1131,0.2584,1533.8,1
0.058018,0.1168,0.2036,1003.5,1
0.054624,0.1052,0.0642,1005.7,1
0.029064,0.0906,0.2028,1367.6,1
0.033074,0.1527,0.0709,1130.5,1
0.001863,0.3562,0.8651,2596.2,0
0.001211,0.3367,0.8545,2591.2,0
0.003499,0.3958,0.9438,2230.6,0
0.012565,0.1902,0.1758,1271.8,1
0.0117,0.1302,0.0451,918.0,1
0.00092,0.3337,0.6866,3384.5,0
0.000425,0.2727,0.6885,2708.5,0
0.038186,0.0968,0.1951,1645.1,1
0.000715,0.3536,0.6441,2582.2,0
0.030882,0.0267,0.15,1189.1,1
0.000799,0.3431,0.8954,2213.4,0
0.068993,0.0636,0.3276,1244.0,1
0.115348,0.161,0.2794,1395.5,1
0.000876,0.3671,0.9165,2148.5,0
0.037927,0.0845,0.0659,975.0,1
0.000402,0.4599,0.8758,2833.0,0
0.058462,0.1245,0.0646,1509.2,1
0.084483,0.1557,0.2626,1462.3,1
0.000153,0.2855,0.7748,3421.1,0
0.025776,0.1247,0.3,1743.0,1
0.022661,0.1079,0.0927,1424.6,1
0.001782,0.4249,0.8315,2792.7,0
0.003369,0.3475,0.5046,3044.7,0
0.059285,0.1273,0.1439,1107.1,1
0.037882,0.0926,0.3597,1716.9,1
0.076734,0.1233,0.2952,1189.6,1
0.069779,0.1747,0.2769,1495.6,1
0.040776,0.1565,0.077,942.9,1
0.000813,0.4198,0.7832,2366.7,0
0.018965,0.1311,0.091,1268.0,1
0.039043,0.1596,0.181,1493.3,1
0.049638,0.0569,0.3393,1192.5,1
0.000445,0.2773,0.913,2707.4,0
0.001698,0.3835,0.8541,3184.0,0
0.000288,0.3725,0.8172,3087.4,0
0.001038,0.3271,0.8818,2728.2,0
0.000153,0.3395,0.7907,2054.9,0
0.026314,0.0725,0.2547,1305.1,1
0.018622,0.1157,0.181,1502.6,1
0.000293,0.3676,0.8719,2705.5,0
0.070195,0.1506,0.0367,679.8,1
0.000526,0.3658,0.9342,3135.0,0
0.000521,0.2181,0.9126,2417.7,0
0.001851,0.4128,0.7998,3017.5,0
0.024584,0.0885,0.1009,1280.5,1
0.00019,0.3519,0.9157,2585.4,0
0.001025,0.3017,0.8069,2564.9,0
0.001263,0.2579,0.7349,3374.5,0
0.006641,0.1501,0.069,1439.3,1
0.001023,0.3302,0.7897,2488.2,0
0.026212,0.1747,0.2854,1934.1,1
0.02499,0.109,0.1089,672.9,1
0.023149,0.1046,0.214,809.9,1
0.014774,0.0689,0.1354,732.2,1
0.000124,0.2474,0.7449,2488.7,0
0.004083,0.3411,0.891,3145.8,0
0.049998,0.0805,0.3024,1354.5,1
0.046273,0.0786,0.0058,719.4,1
0.027547,0.1215,0.3474,946.8,1
0.037353,0.141,0.2382,1263.1,1
0.056596,0.1298,0.0744,1152.5,1
0.015794,0.01,0.0219,1118.3,1
0.030001,0.0835,0.355,1317.3,1
0.033116,0.1598,0.2795,928.0,1
0.00017,0.2589,0.7941,2218.1,0
0.026738,0.1158,0.1235,1370.0,1
0.00045,0.4394,0.8574,3119.7,0
0.000173,0.3041,0.7077,3054.2,0
0.048643,0.0922,0.4143,1030.2,1
0.001058,0.365,0.9401,2582.0,0
0.000297,0.33,0.6378,2737.9,0
0.000464,0.2658,0.8746,2472.2,0
0.028204,0.1365,0.1122,1013.2,1
0.080403,0.0528,0.2941,1487.4,1
0.042144,0.088,0.2612,970.5,1
0.001667,0.4476,0.701,3800.0,0
0.07459,0.2295,0.3175,1448.4,1
0.022793,0.1207,0.2041,1310.2,1
0.001299,0.3569,0.8004,2719.2,0
0.00207,0.2861,0.8238,2715.4,0
0.001933,0.3797,0.3005,2648.9,0
0.096523,0.1052,0.1896,1179.5,1
0.037031,0.1761,0.1115,1419.3,1
0.018217,0.1273,0.133,889.5,1
0.002197,0.3768,0.7928,3163.1,0
0.017457,0.1342,0.2884,1438.2,1
0.014456,0.0601,0.3073,1340.5,1
0.069328,0.0543,0.191,1512.9,1
0.04001,0.1468,0.3436,1243.6,1
0.000653,0.3337,0.7736,3402.0,0
0.001922,0.3771,0.7837,2716.3,0
0.060175,0.0831,0.1956,941.4,1
0.085705,0.163,0.2174,891.2,1
0.022399,0.1775,0.0181,1255.4,1
0.000181,0.2573,0.6589,2863.8,0
0.066527,0.1094,0.4438,1237.0,1
0.000767,0.3786,0.8698,3249.4,0
0.001551,0.2855,0.8247,2842.6,0
0.018081,0.0639,0.0318,1007.3,1
0.087078,0.1424,0.0718,1246.8,1
0.00085,0.3046,0.6494,2663.9,0
0.001143,0.3036,0.6772,3227.0,0
0.000499,0.3709,0.8809,2745.3,0
0.004336,0.4325,0.8877,2188.5,0
0.020081,0.0774,0.181,1148.6,1
0.017535,0.0744,0.0857,1161.4,1
0.000809,0.3691,0.8683,2916.4,0
0.048413,0.1063,0.3851,1394.2,1
0.029328,0.1604,0.3978,1404.2,1
0.083962,0.1434,0.2934,1129.0,1
0.000189,0.4356,0.6498,3319.2,0
0.060112,0.1442,0.0277,1309.4,1
0.001001,0.2922,0.8676,2243.7,0
0.004666,0.3969,0.6773,3177.8,0
0.000126,0.4171,0.6179,3072.6,0
0.024571,0.1077,0.2151,1249.7,1
0.00167,0.3005,0.6997,3269.4,0
0.000243,0.3852,0.7546,1893.0,0
0.000508,0.3722,0.6941,2399.7,0
0.033848,0.0777,0.044,1547.3,1
0.023833,0.0625,0.0812,832.7,1
0.000613,0.3645,0.7039,3102.2,0
0.041417,0.1281,0.0655,891.4,1
0.027897,0.1013,0.073,1279.8,1
0.035329,0.1754,0.2515,1233.3,1
0.001157,0.3354,0.8321,3042.4,0
0.015735,0.0993,0.2161,1396.8,1
0.010341,0.1505,0.2407,1074.3,1
0.039708,0.1603,0.2168,1256.7,1
0.001333,0.3074,0.8343,2566.7,0
0.034303,0.1644,0.0779,1088.1,1
0.020719,0.0868,0.1713,1772.7,1
0.083104,0.1209,0.186,1213.6,1
0.001889,0.3272,0.4392,3416.9,0
0.000697,0.3417,0.8371,2358.4,0
0.05954,0.0974,0.1633,1470.6,1
0.033473,0.1239,0.1639,1359.1,1
0.000579,0.4155,0.7722,2981.2,0
0.083102,0.1314,0.0386,1485.0,1
0.000911,0.3577,0.6538,2751.5,0
0.045702,0.1643,0.1506,1014.7,1
0.043384,0.0633,0.2472,1010.0,1
0.029141,0.1497,0.0994,766.6,1
0.034337,0.0945,0.4393,1263.1,1
0.000275,0.436,0.8038,2942.1,0
0.02275,0.1209,0.0508,1667.5,1
0.000548,0.3749,0.6775,2627.9,0
0.037658,0.1232,0.0286,1029.2,1
0.053825,0.1319,0.1109,1664.8,1
0.047606,0.1442,0.1782,1327.4,1
0.000363,0.2328,0.7147,2213.6,0
0.02243,0.1247,0.1074,1221.2,1
0.000791,0.3862,0.6254,2480.1,0
0.001651,0.3396,0.867,2803.6,0
0.026385,0.0815,0.1923,1337.9,1
0.04073,0.051,0.5229,1640.2,1
0.062815,0.1196,0.1235,945.6,1
0.002825,0.3763,0.8687,2803.3,0
0.000838,0.4324,0.7689,2698.4,0
0.044315,0.1732,0.2966,1625.7,1
0.069792,0.1748,0.0474,1170.2,1
0.000187,0.3049,0.9011,2759.9,0
0.033345,0.0784,0.142,1304.3,1
0.020875,0.1473,0.3646,1466.6,1
0.046041,0.122,0.0548,1112.0,1
0.02146,0.1174,0.2112,1207.7,1
0.043859,0.0742,0.2204,1401.0,1
0.023807,0.1242,0.0284,1307.0,1
0.050325,0.1503,0.1446,1127.9,1
0.000353,0.3812,0.8811,2661.2,0
0.083899,0.1362,0.2215,1546.9,1
0.037747,0.1256,0.3328,1464.5,1
0.013943,0.0972,0.2267,1161.9,1
0.001294,0.347,0.728,2647.0,0
0.033646,0.0834,0.1713,1091.6,1
0.052545,0.15,0.1674,748.1,1
0.000207,0.3727,0.7864,2510.0,0
0.000167,0.329,0.7039,3068.5,0
0.016327,0.1516,0.1533,1575.2,1
0.001172,0.3491,0.4291,3475.3,0
0.077495,0.0872,0.1138,1360.7,1
0.035444,0.1264,0.3589,1077.4,1
0.047666,0.1828,0.2165,1382.2,1
0.000901,0.4181,0.8689,3248.0,0
0.001149,0.3291,0.581,2880.8,0
0.034064,0.1548,0.1979,1002.1,1
0.003344,0.2616,0.9392,2399.3,0
0.068981,0.128,0.2323,1322.9,1
0.000929,0.3226,0.8176,1786.6,0
0.002974,0.3608,0.7076,3216.3,0
0.00275,0.3641,0.8172,2739.8,0
0.016067,0.1265,0.2319,945.3,1
0.049233,0.1316,0.2351,1522.5,1
0.001434,0.3072,0.6794,3632.9,0
0.000119,0.3435,0.7521,1831.7,0
0.000374,0.2859,0.8813,2596.6,0
0.054609,0.1128,0.2104,869.2,1
0.000974,0.4755,0.5458,2738.3,0
0.033203,0.1292,0.3169,1308.8,1
0.056008,0.132,0.0844,1098.2,1
0.045951,0.1661,0.1528,1570.9,1
0.001969,0.3971,0.9154,3659.7,0
0.050775,0.107,0.1802,1425.4,1
0.002639,0.3275,0.9856,2757.4,0
0.001777,0.4503,0.4171,2831.5,0
0.067914,0.0962,0.1272,1222.0,1
0.041017,0.1254,0.0894,818.5,1
0.003162,0.2886,0.6358,2686.6,0
0.000248,0.3654,0.7615,2550.1,0
0.047569,0.1604,0.2686,1314.6,1
0.000125,0.1918,0.9466,3397.2,0
0.014678,0.0939,0.0952,1575.6,1
0.03248,0.1421,0.0819,1018.8,1
0.001663,0.3583,0.6696,2709.5,0
0.022699,0.0682,0.0225,1103.0,1
0.000854,0.2549,0.7666,3657.4,0
0.03795,0.1261,0.3358,1060.0,1
0.01405,0.1637,0.1656,1463.2,1
0.000782,0.5,0.8966,2334.5,0
0.047227,0.1189,0.1686,1125.4,1
0.053351,0.1253,0.0209,1094.8,1
0.000475,0.4111,0.9642,3146.4,0
0.12585,0.0934,0.1181,1380.6,1
0.000109,0.3246,0.6597,2801.6,0
0.001263,0.4188,0.606,2996.5,0
0.000317,0.2039,0.6924,2973.3,0
0.000756,0.3261,0.8683,2287.7,0
0.000336,0.3134,0.8713,2785.9,0
0.000124,0.4758,0.5786,2529.5,0
0.035388,0.1237,0.1503,1676.0,1
0.071313,0.1389,0.1355,986.8,1
0.096403,0.0317,0.0559,1188.7,1
0.000334,0.4244,0.8139,2463.3,0
0.003041,0.3198,0.3994,2749.1,0
0.000104,0.265,0.7079,2894.5,0
0.056145,0.1737,0.1198,1344.3,1
0.021339,0.1799,0.2888,858.7,1
0.000289,0.3866,0.8783,2430.7,0
0.000739,0.2455,0.9445,2063.3,0
0.020837,0.1256,0.5385,1216.0,1
0.001132,0.305,0.9212,2361.7,0
0.000236,0.2811,0.6508,2460.1,0
0.04484,0.1777,0.0678,790.3,1
0.040606,0.0995,0.2221,1405.2,1
0.001721,0.3914,0.619,3386.2,0
0.002579,0.3307,0.8812,3222.0,0
0.032971,0.0626,0.4595,986.9,1
0.000477,0.2858,0.7732,2694.0,0
0.000454,0.3811,0.6097,3075.9,0
0.005634,0.3422,0.849,2470.4,0
0.000919,0.3002,0.9137,2665.3,0
0.002219,0.3942,0.4757,2306.3,0
0.020157,0.1188,0.3732,1244.3,1
0.001383,0.4036,0.7511,3064.4,0
0.000438,0.3429,0.5349,2276.3,0
0.027212,0.1015,0.1341,1365.0,1
0.041804,0.0908,0.2108,1375.4,1
0.074818,0.0993,0.1126,1316.3,1
0.017838,0.1768,0.1806,1156.6,1
0.001283,0.3335,0.6599,2488.9,0
0.008889,0.0897,0.0699,750.3,1
0.014915,0.1199,0.3397,1245.1,1
0.042746,0.1018,0.1127,1146.2,1
0.01586,0.1409,0.1088,1205.3,1
0.017586,0.1286,0.0698,777.1,1
0.0902,0.1849,0.2638,1339.4,1
0.000725,0.3279,0.7511,1891.0,0
0.020809,0.1876,0.1513,824.9,1
0.074527,0.1444,0.2402,1090.5,1
0.020713,0.1386,0.2718,1430.6,1
0.000251,0.3575,0.8113,2264.1,0
0.046233,0.0451,0.0973,1182.1,1
0.001985,0.3631,0.7908,3045.9,0
0.000278,0.329,0.9374,2094.7,0
0.001196,0.3251,0.7108,3307.1,0
0.000642,0.4063,0.5965,3484.9,0
0.023251,0.1213,0.231,1165.2,1
0.000168,0.2937,0.7772,2881.8,0
0.046278,0.1618,0.3387,1387.9,1
0.000776,0.2659,0.8202,2088.7,0
0.000105,0.3898,0.4295,2654.7,0
0.000406,0.3823,0.8562,3388.0,0
0.000624,0.4491,0.6511,2600.5,0
0.000477,0.4016,0.6813,3512.4,0
0.00055,0.3625,0.8013,2940.0,0
0.061152,0.0988,0.078,787.0,1
0.000548,0.3743,0.7487,3137.9,0
0.000643,0.3889,0.6917,2575.1,0
0.001532,0.2233,0.7715,2564.8,0
0.075176,0.1305,0.0718,833.0,1
0.029622,0.0842,0.061,996.5,1
0.0263,0.1185,0.1808,1310.5,1
0.000759,0.4049,0.5736,3265.5,0
0.000244,0.4276,0.8275,2775.2,0
0.049111,0.1692,0.0249,1723.0,1
0.000146,0.3927,0.9794,2777.8,0
0.000547,0.2392,0.719,1565.9,0
0.000395,0.366,0.8826,2510.5,0
0.000581,0.4044,0.9127,2611.3,0
0.000968,0.3988,0.9693,3013.2,0
0.115862,0.1179,0.2442,1264.9,1
0.00103,0.3243,0.8537,3039.5,0
0.092621,0.1331,0.1331,1305.5,1
0.002107,0.3396,0.6651,3096.3,0
0.00217,0.3592,0.7863,2717.3,0
0.108801,0.2029,0.111,1212.1,1
0.000266,0.3763,0.8324,3067.2,0
0.042285,0.1402,0.334,1567.2,1
0.076628,0.137,0.1935,793.9,1
0.000544,0.3765,0.8269,1914.6,0
0.014909,0.1883,0.199,993.8,1
0.000439,0.4625,0.705,2174.3,0
0.044328,0.13,0.081,927.2,1
0.000526,0.3739,0.7739,3091.4,0
0.055189,0.1544,0.2386,1151.3,1
0.000106,0.2554,0.8732,1905.0,0
0.103901,0.146,0.217,1279.6,1
0.022837,0.0833,0.1641,1673.8,1
0.039294,0.1785,0.087,1316.9,1
0.045264,0.1143,0.1816,1165.4,1
0.042782,0.1026,0.0625,1433.3,1
0.01888,0.0977,0.0462,1574.5,1
0.003267,0.2901,0.8715,3800.0,0
0.000623,0.2947,0.9729,2503.5,0
0.001368,0.2646,0.8332,3289.1,0
0.000331,0.3771,0.7395,3110.4,0
0.001294,0.4752,0.4556,2880.1,0
0.014185,0.0765,0.212,1632.8,1
0.000235,0.3943,0.9488,2192.8,0
0.047328,0.1394,0.1718,961.8,1
0.000112,0.3857,0.4396,3800.0,0
0.00072,0.3372,0.8313,2948.4,0
0.03991,0.0768,0.4257,949.8,1
0.053632,0.104,0.0818,1008.0,1
0.039424,0.1608,0.1665,962.5,1
0.033502,0.1932,0.097,1227.6,1
0.00105,0.3613,0.67,2693.5,0
0.032304,0.0942,0.1572,1361.4,1
0.000126,0.4778,0.9346,1991.7,0
0.000877,0.2803,0.9382,2446.8,0
0.001637,0.3948,0.7416,2734.4,0
0.000172,0.4937,0.9583,3325.8,0
0.000633,0.3793,0.9911,2287.5,0
0.018392,0.1601,0.0909,1559.1,1
0.046136,0.1285,0.2629,976.9,1
0.000306,0.3118,0.6368,2648.4,0
0.000483,0.307,0.6576,2372.9,0
0.002387,0.2868,0.8595,2598.4,0
0.000501,0.464,0.9181,3430.4,0
0.037158,0.0988,0.0829,946.6,1
0.000134,0.2856,0.9707,2768.5,0
0.012101,0.0725,0.26,1532.9,1
0.001843,0.2389,0.6209,3242.1,0
0.043377,0.0747,0.0733,1153.7,1
0.000163,0.3024,0.7028,3626.0,0
0.022415,0.1462,0.1364,1032.6,1
0.000887,0.3204,0.7055,2512.5,0
0.034459,0.0765,0.5439,1529.8,1
0.001075,0.3601,0.8555,2934.2,0
0.001012,0.3179,0.7497,3205.7,0
0.021949,0.1222,0.1955,1265.4,1
0.054131,0.1767,0.1607,1435.9,1
0.022316,0.1431,0.2238,1461.4,1
0.013336,0.1466,0.3646,959.6,1
0.054241,0.1199,0.3629,1201.9,1
0.001876,0.3255,0.764,3515.6,0
0.000241,0.3415,0.9157,2980.9,0
0.001424,0.4029,0.6429,2964.7,0
0.039962,0.1585,0.2671,1579.5,1
0.000503,0.4332,0.6226,2724.8,0
0.000556,0.3985,0.9033,2888.3,0
0.02228,0.1001,0.3817,1465.9,1
0.031148,0.1206,0.2395,1978.6,1
0.000904,0.3905,0.8131,2970.5,0
0.000141,0.3976,0.9123,2504.2,0
0.001495,0.4421,0.9065,2266.2,0
0.001868,0.3504,0.7696,3087.4,0
0.002476,0.3375,0.7107,2982.3,0
0.071517,0.1532,0.2534,1198.6,1
0.09397,0.1147,0.1885,863.2,1
0.114856,0.0628,0.2797,1334.2,1
0.000609,0.4806,0.9513,2912.7,0
0.063525,0.1129,0.2429,909.8,1
0.001055,0.3569,0.8438,2640.2,0
0.050324,0.1073,0.1768,1450.1,1
0.032155,0.0258,0.2021,1453.4,1
0.000122,0.3396,0.7599,2675.7,0
0.000659,0.3227,0.9506,3251.6,0
0.01964,0.1464,0.1113,1305.3,1
0.00183,0.3751,0.8554,2217.3,0
0.021601,0.1627,0.3309,1555.4,1
0.00043,0.4135,0.8676,2095.3,0
0.077784,0.0839,0.1313,1418.7,1
0.000372,0.3128,0.8033,2254.6,0
0.000196,0.2787,0.8697,2163.7,0
0.035877,0.1093,0.1088,1539.7,1
0.000484,0.3175,0.8905,2342.4,0
0.000113,0.3541,0.7271,2344.9,0
0.000349,0.4149,0.9565,2759.8,0
0.001649,0.2069,0.884,2810.6,0
0.000367,0.4805,0.8151,3296.3,0
0.000217,0.2961,0.8957,2684.2,0
0.045084,0.1518,0.0756,1494.1,1
0.001074,0.3255,0.6075,2403.3,0
0.062116,0.0997,0.0857,1129.0,1
0.000164,0.3287,0.6743,2964.9,0
0.001047,0.3333,0.322,2887.3,0
0.017895,0.0815,0.1783,1180.3,1
0.000171,0.461,0.5905,2588.1,0
0.024891,0.1641,0.219,1513.8,1
0.002746,0.4784,0.8258,2346.9,0
0.076126,0.108,0.1058,1026.0,1
0.04225,0.1682,0.1064,983.4,1
0.072172,0.1704,0.3286,1165.1,1
0.025156,0.0979,0.1241,1149.6,1
0.028508,0.0849,0.1829,1086.0,1
0.002656,0.4424,0.669,2974.7,0
0.00015,0.407,0.8983,2960.4,0
0.010258,0.0943,0.1376,1114.6,1
0.000333,0.4351,0.7608,2919.8,0
0.000626,0.277,0.6361,2771.6,0
0.065528,0.1044,0.127,1461.9,1
0.000979,0.4234,0.8808,2768.4,0
0.059224,0.0906,0.1139,1431.1,1
0.053414,0.097,0.1606,1761.4,1
0.042525,0.0937,0.0951,1226.9,1
0.040411,0.1049,0.0947,1388.3,1
0.001438,0.268,0.6052,2078.3,0
0.000125,0.3491,0.6858,1897.1,0
0.039925,0.1671,0.4102,1413.9,1
0.000221,0.3375,0.7379,2686.4,0
0.045257,0.1021,0.251,1290.2,1
0.049047,0.0971,0.0917,1234.1,1
0.000254,0.2724,0.4069,2863.6,0
0.002846,0.437,0.7331,3298.9,0
0.021309,0.0807,0.1846,1975.4,1
0.000636,0.4504,0.6536,3102.7,0
0.054575,0.0767,0.5527,1338.5,1
0.001659,0.3422,0.8184,3215.9,0
0.05468,0.144,0.016,734.5,1
0.040172,0.1405,0.4793,1265.7,1
0.019521,0.156,0.1771,1175.9,1
0.127094,0.125,0.1214,1250.7,1
0.000737,0.4658,0.6403,2901.0,0
0.0017,0.3025,0.6145,3392.1,0
0.024738,0.1366,0.0583,1209.5,1
0.00093,0.2767,0.4548,3178.2,0
0.032016,0.0794,0.1373,1519.0,1
0.078351,0.108,0.2755,1251.2,1
0.042145,0.1865,0.0731,878.6,1
0.023359,0.1526,0.0386,1270.5,1
0.036548,0.1725,0.0825,1228.0,1
0.010894,0.0787,0.0672,1177.8,1
0.00035,0.4751,0.8593,2066.4,0
0.000505,0.3239,0.6879,2097.2,0
0.000985,0.3528,0.9167,2503.8,0
0.04573,0.1325,0.0444,1669.1,1
0.02096,0.142,0.1355,1359.8,1
0.062195,0.1443,0.1603,1332.9,1
0.000971,0.3275,0.5443,3325.5,0
0.046571,0.1404,0.2542,1428.3,1
0.000142,0.3702,0.9148,2405.0,0
0.027328,0.1155,0.2809,1143.7,1
0.088487,0.1473,0.1238,1259.3,1
0.000732,0.5,0.6458,3689.9,0
0.000983,0.3166,0.8524,2808.5,0
0.018369,0.1282,0.1123,1020.1,1
0.022185,0.0723,0.24,1598.5,1
0.000765,0.3665,0.5336,1850.8,0
0.03263,0.0472,0.3428,975.7,1
0.02698,0.1191,0.2871,1424.3,1
0.040747,0.1466,0.3237,1300.8,1
0.002285,0.4367,0.9502,2425.2,0
0.054857,0.1036,0.1139,1125.5,1
0.061091,0.1585,0.1174,1131.0,1
0.067856,0.0959,0.1844,1988.6,1
0.023257,0.179,0.1277,1470.8,1
0.002948,0.2565,0.767,2059.1,0
0.000811,0.2546,0.8288,2314.1,0
0.003318,0.367,0.9531,2844.3,0
0.000322,0.4774,0.8794,3040.1,0
0.000524,0.34,0.7254,2440.1,0
0.00162,0.4032,0.8929,2175.9,0
0.01876,0.0771,0.0447,1203.3,1
0.001417,0.3211,0.5308,2564.0,0
0.030838,0.0607,0.3237,1271.3,1
0.03344,0.1195,0.0908,1376.1,1
0.034328,0.1075,0.266,1270.5,1
0.000714,0.3819,0.8056,3085.5,0
0.044945,0.1792,0.4271,878.9,1
0.018622,0.1259,0.1383,1479.7,1
0.030475,0.0972,0.1935,1195.9,1
0.02678,0.125,0.2692,1249.8,1
0.038683,0.207,0.2922,843.9,1
0.035592,0.0852,0.3091,1320.5,1
0.002683,0.3854,0.8893,3059.7,0
0.060939,0.088,0.3583,1264.2,1
0.000211,0.3482,0.8368,2025.4,0
0.010411,0.0969,0.2595,1004.0,1
0.000405,0.3144,0.9065,2394.3,0
0.000621,0.3715,0.8213,3388.7,0
0.028243,0.1662,0.145,1127.8,1
0.03039,0.0684,0.0643,809.4,1
0.001713,0.3797,0.8997,2346.1,0
0.020502,0.0529,0.1351,1388.8,1
0.033493,0.1315,0.3217,1006.8,1
0.001202,0.327,0.7074,2673.7,0
0.049615,0.1154,0.1117,1089.5,1
0.00135,0.2917,0.8408,2097.2,0
0.04106,0.1383,0.2236,1446.9,1
0.007539,0.1362,0.2498,1067.8,1
0.00119,0.3989,0.5247,2900.0,0
0.000564,0.2645,0.961,2551.7,0
0.000347,0.4426,0.6776,3255.5,0
0.081062,0.1233,0.2042,1203.1,1
0.074449,0.1605,0.128,1495.5,1
0.026046,0.1615,0.2491,787.6,1
0.000456,0.4255,0.8117,1909.7,0
0.001883,0.4034,0.9017,2282.4,0
0.002234,0.5,0.7292,3555.2,0
0.000668,0.3064,0.8731,2329.5,0
0.04169,0.1819,0.3111,1096.4,1
0.077717,0.1477,0.1358,1369.6,1
0.036523,0.0981,0.0964,897.1,1
0.001275,0.3615,0.6231,2686.0,0
0.043271,0.031,0.0763,973.8,1
0.025223,0.1173,0.2234,1545.1,1
0.065825,0.1071,0.2646,1084.7,1
0.037133,0.1016,0.2393,1437.2,1
0.001114,0.3472,0.9481,3123.1,0
0.000413,0.2908,0.7245,3138.6,0
0.070131,0.0259,0.2444,1286.7,1
0.000588,0.4467,0.6237,3185.9,0
0.000292,0.3079,0.8963,3057.7,0
0.049298,0.1544,0.0216,1066.7,1
0.056007,0.1307,0.2024,1362.6,1
0.032271,0.1198,0.0862,1472.7,1
0.00039,0.3711,0.3813,2589.0,0
0.000342,0.4703,0.7624,2738.5,0
0.04905,0.1329,0.215,1284.4,1
0.037115,0.148,0.2484,1419.6,1
0.038198,0.0957,0.0297,1038.7,1
0.038923,0.0564,0.0436,1022.9,1
0.017606,0.1433,0.2898,958.9,1
0.053334,0.1471,0.008,1179.8,1
0.002046,0.3652,0.9478,2282.7,0
0.037366,0.1145,0.1581,1562.0,1
0.028555,0.0445,0.2478,1192.3,1
0.020469,0.0771,0.1809,1460.3,1
0.041256,0.165,0.2303,1090.7,1
0.047431,0.0727,0.1866,933.3,1
0.000158,0.4104,0.6595,2774.0,0
0.027184,0.0843,0.1936,1321.8,1
0.000869,0.3805,0.7494,2799.6,0
0.031307,0.1839,0.2254,1694.6,1
0.000827,0.3668,0.8214,2429.9,0
0.002271,0.3338,0.9759,2678.1,0
0.002117,0.3832,0.838,3247.6,0
0.019493,0.1561,0.3715,1448.6,1
0.000762,0.3727,0.9575,2892.7,0
0.000629,0.3693,0.9108,2668.9,0
0.022506,0.1907,0.2839,900.2,1
0.000639,0.4612,0.9234,3346.8,0
0.063724,0.0793,0.2889,1444.7,1
0.038437,0.1734,0.3071,1553.2,1
0.032547,0.1309,0.2117,1552.2,1
0.00015,0.4919,0.5783,2385.4,0
0.031408,0.0861,0.1157,1294.0,1
0.002779,0.3011,0.8491,3042.3,0
0.02743,0.1604,0.0927,1244.7,1
0.000694,0.3719,0.6989,2913.6,0
0.025086,0.117,0.3411,941.2,1
0.00073,0.3994,0.8841,3800.0,0
0.06933,0.0517,0.151,1339.1,1
0.00672,0.1192,0.0453,1109.7,1
0.050582,0.1198,0.2549,1340.5,1
0.0002,0.2898,0.7718,2639.3,0
0.055742,0.149,0.1246,1057.4,1
0.043331,0.0775,0.2035,1089.9,1
0.049653,0.1062,0.2444,650.3,1
0.000811,0.3574,0.7925,2757.9,0
0.071876,0.0744,0.2963,1362.1,1
0.000829,0.483,0.9329,2749.6,0
0.000171,0.3458,0.8618,2114.5,0
0.000527,0.3758,0.7675,2287.5,0
0.012066,0.1045,0.3349,1307.4,1
0.000359,0.3885,0.9133,3019.9,0
0.001179,0.2936,0.5202,3441.8,0
0.048608,0.1738,0.1216,1458.9,1
0.051258,0.1407,0.3825,721.6,1
0.001355,0.3478,0.8563,2689.3,0
0.049869,0.1447,0.1662,1361.0,1
0.002176,0.3623,0.7141,2447.9,0
0.0011,0.3402,0.9509,3158.3,0
0.003282,0.4436,0.9246,2543.6,0
0.028724,0.126,0.1043,1566.7,1
0.002893,0.2681,0.6653,3107.0,0
0.001033,0.2769,0.7622,2949.4,0
0.001467,0.2796,0.9253,2789.0,0
0.054325,0.1546,0.1862,1367.7,1
0.000901,0.3289,0.6204,3515.2,0
0.002082,0.4188,0.7643,3565.5,0
0.00088,0.3822,0.8025,3800.0,0
0.001014,0.3756,0.7499,3418.2,0
0.090335,0.0781,0.3807,1238.4,1
0.056504,0.1835,0.1939,1093.3,1
0.000906,0.4375,0.6147,3070.5,0
0.003892,0.3572,0.795,2501.0,0
0.001647,0.2823,0.5274,2302.5,0
0.001476,0.2413,0.9287,3093.5,0
0.001131,0.4197,0.8504,3079.3,0
0.029395,0.186,0.0996,1132.7,1
0.027541,0.1175,0.0917,1237.7,1
0.034593,0.0811,0.448,1156.8,1
0.036441,0.1304,0.1429,980.9,1
0.042104,0.1153,0.1674,1285.5,1
0.022176,0.0989,0.2387,1586.1,1
0.000413,0.3761,0.8424,2910.0,0
0.033623,0.0726,0.5974,1904.6,1
0.109274,0.1869,0.173,1323.9,1
0.04465,0.1135,0.0746,1352.4,1
0.017808,0.0723,0.1153,1263.0,1
0.000407,0.3282,0.6598,3361.7,0
0.000515,0.3145,0.8192,2588.3,0
0.072208,0.1146,0.1416,1162.8,1
0.000508,0.4296,0.6671,3146.3,0
0.050414,0.166,0.0564,1177.5,1
0.047262,0.1389,0.1113,1484.5,1
0.038543,0.103,0.0363,1008.0,1
0.024372,0.1339,0.2017,908.1,1
0.001004,0.2405,0.7637,3005.7,0
0.000109,0.3988,0.8911,3617.2,0
0.047863,0.1934,0.0892,1164.0,1
0.024593,0.1587,0.155,949.7,1
0.070472,0.0969,0.078,1188.1,1
0.00062,0.3387,0.8361,2932.0,0
0.000258,0.4025,0.87,2374.0,0
0.037757,0.0637,0.1604,1813.5,1
0.001698,0.2866,0.81,3284.2,0
0.034837,0.1433,0.1518,953.8,1
0.000921,0.3033,0.7756,3300.3,0
0.035927,0.1098,0.1465,1150.1,1
0.066332,0.1161,0.2352,1297.0,1
0.054155,0.1747,0.3155,729.1,1
0.001693,0.3579,0.5727,2366.6,0
0.033232,0.0781,0.0427,1404.4,1
0.018421,0.0926,0.1297,1042.4,1
0.002148,0.2834,0.813,3075.8,0
0.043931,0.0864,0.1125,677.1,1
0.07332,0.162,0.0903,1467.4,1
0.059997,0.1129,0.2236,1381.6,1
0.014717,0.0572,0.0391,1159.2,1
0.001591,0.333,0.624,2978.7,0
0.000219,0.3614,0.7796,3559.3,0
0.001402,0.2501,0.8851,2852.4,0
0.068826,0.0982,0.1639,1186.9,1
0.026109,0.1631,0.1249,1189.2,1
0.026853,0.1356,0.0443,1498.3,1
0.000865,0.2176,0.7137,2398.1,0
0.001223,0.3138,0.8362,3097.8,0
0.086798,0.1119,0.2338,1348.0,1
0.022931,0.0897,0.1436,756.6,1
0.000208,0.3657,0.8202,2832.9,0
0.011692,0.1155,0.0311,982.7,1
0.000107,0.3289,0.7071,2400.7,0
0.002496,0.3543,0.7582,2966.1,0
0.054366,0.1056,0.2449,1362.7,1
0.000398,0.298,0.5289,2720.9,0
0.04883,0.1163,0.1946,1110.7,1
0.002002,0.295,0.7106,2696.0,0
0.00272,0.2848,0.9041,2442.3,0
0.000224,0.2873,0.9016,2272.0,0
0.05682,0.1025,0.0937,1518.1,1
0.000963,0.4013,0.7145,3382.1,0
0.041943,0.175,0.3729,1257.6,1
0.001612,0.292,0.7025,2257.7,0
0.000352,0.3527,0.9465,2819.2,0
0.000857,0.3854,0.8215,3080.4,0
0.02342,0.0901,0.1985,1623.1,1
0.081522,0.035,0.2869,1641.5,1
0.000211,0.3595,0.8759,3029.2,0
0.052364,0.1427,0.1446,1111.1,1
0.059302,0.1286,0.109,1268.1,1
0.000212,0.2671,0.9539,2966.7,0
0.030668,0.089,0.163,1220.9,1
0.000987,0.318,0.8058,2589.4,0
0.048528,0.1299,0.1389,1018.0,1
0.032813,0.1489,0.1877,1207.5,1
0.093812,0.0677,0.4228,989.6,1
0.026463,0.1255,0.0864,1208.9,1
0.001318,0.3858,0.7451,3194.9,0
0.019931,0.087,0.1952,1033.4,1
0.001407,0.3608,0.907,2519.6,0
0.000588,0.3178,0.5559,2629.7,0
0.081151,0.1,0.1414,576.7,1
0.035065,0.0897,0.0651,1218.7,1
0.056165,0.1954,0.0979,1428.5,1
0.001386,0.2843,0.5174,2987.4,0
0.027566,0.1263,0.3048,1006.7,1
0.039302,0.0964,0.2673,950.3,1
0.002635,0.4449,0.6636,2485.2,0
0.000251,0.2976,0.8229,3242.3,0
0.001431,0.3937,0.9002,2323.6,0
0.003305,0.3746,0.7517,2738.7,0
0.026494,0.1153,0.3918,1500.3,1
0.031559,0.1423,0.2594,1352.1,1
0.040348,0.1817,0.1037,1278.0,1
0.025837,0.1284,0.1041,1190.9,1
0.001499,0.2943,0.8861,3550.6,0
0.043186,0.1106,0.1166,1032.7,1
0.003564,0.2128,0.8613,2967.0,0
0.011761,0.1621,0.5132,1045.8,1
0.000884,0.3483,0.918,2575.5,0
0.091093,0.1555,0.1702,874.7,1
0.002612,0.3905,0.8874,2844.9,0
0.000111,0.4502,0.8932,3032.9,0
0.025687,0.1463,0.447,1116.9,1
0.000753,0.2872,0.9722,2949.2,0
0.015771,0.1282,0.2827,1059.1,1
0.000546,0.3733,0.8993,2889.0,0
0.098617,0.1476,0.1236,1109.2,1
0.000926,0.3211,0.8743,2468.5,0
0.001187,0.3204,0.6823,2994.4,0
0.001147,0.3579,0.6493,3176.0,0
0.04882,0.1572,0.451,1005.4,1
0.000179,0.3691,0.857,2141.5,0
0.001749,0.2803,0.9288,1943.9,0
0.000442,0.4564,0.8536,3343.3,0
0.00199,0.2665,0.7789,2976.4,0
0.058859,0.1163,0.4364,1184.7,1
0.028841,0.1158,0.0747,937.0,1
0.001002,0.5,0.7838,2711.9,0
0.010215,0.1752,0.4135,1199.6,1
0.044976,0.1672,0.0522,1654.4,1
0.001828,0.3955,0.931,2756.2,0
0.035099,0.0992,0.1751,1014.8,1
0.002985,0.4245,0.6919,3693.2,0
0.029551,0.0679,0.0897,1411.3,1
0.002069,0.3994,0.6224,3419.5,0
0.06621,0.0903,0.0971,1201.9,1
0.020505,0.0758,0.2792,1162.0,1
0.000952,0.5,0.866,2468.2,0
0.000493,0.3234,0.6548,3128.2,0
0.025083,0.1182,0.1723,749.8,1
0.00021,0.3401,0.6647,3207.1,0
0.023905,0.1323,0.23,1106.2,1
0.053452,0.1017,0.1507,1904.7,1
0.033531,0.1078,0.3052,903.7,1
0.031263,0.1329,0.0519,1347.7,1
0.054373,0.1267,0.136,1030.7,1
0.034663,0.1397,0.1262,1257.3,1
0.039408,0.0863,0.3836,951.8,1
0.03787,0.1807,0.1148,1192.7,1
0.000304,0.3918,0.7128,2234.6,0
0.017309,0.146,0.183,886.5,1
0.026825,0.0829,0.3226,1228.3,1
0.001601,0.4068,0.8644,3438.9,0
0.011003,0.0956,0.2254,1054.4,1
0.039374,0.1458,0.0472,1630.1,1
0.000789,0.4232,0.937,3270.3,0
0.041886,0.1356,0.2968,1412.5,1
0.002574,0.231,0.7286,2450.0,0
0.083474,0.0953,0.1192,1007.6,1
0.000449,0.3974,0.8912,3267.1,0
0.089432,0.0944,0.1504,1297.4,1
0.020451,0.1143,0.2696,1120.2,1
0.001994,0.2318,0.9548,2992.2,0
0.028178,0.1554,0.15,1144.7,1
0.015223,0.148,0.0645,1183.7,1
0.004088,0.3081,0.6564,3342.8,0
0.010658,0.1134,0.3794,800.1,1
0.053133,0.0891,0.281,1453.1,1
0.002247,0.3584,0.7594,2456.7,0
0.000141,0.4275,0.9972,3368.5,0
0.001208,0.3262,0.9409,2486.7,0
0.000464,0.2835,0.8189,2977.9,0
0.022636,0.0883,0.2112,1376.1,1
0.015132,0.1386,0.3215,1404.7,1
0.000791,0.4905,0.7801,2494.2,0
0.000635,0.3863,0.7387,2479.2,0
0.002645,0.4034,0.914,3022.8,0
0.055343,0.114,0.1472,1361.1,1
0.000164,0.389,0.9065,2353.4,0
0.014794,0.1007,0.1095,936.2,1
0.060748,0.1595,0.33,1264.7,1
0.000511,0.2718,0.5577,2509.2,0
0.041841,0.1113,0.0798,1264.8,1
0.057215,0.0906,0.2773,1390.8,1
0.134632,0.108,0.0613,1022.8,1
0.047479,0.104,0.3266,1428.8,1
0.000243,0.3711,0.4945,3208.3,0
0.002852,0.463,0.6008,2476.4,0
0.021873,0.1031,0.0971,1215.5,1
0.000182,0.3795,0.8673,2149.5,0
0.001906,0.3818,0.899,3800.0,0
0.001125,0.3073,0.8214,2313.5,0
0.000533,0.3465,0.7853,3570.7,0
0.046688,0.1144,0.4235,1273.5,1
0.002256,0.2839,0.7766,2641.4,0
0.026898,0.1049,0.279,939.5,1
0.049648,0.1712,0.0812,1576.6,1
0.000908,0.3486,0.7486,3400.4,0
0.000403,0.3293,0.7655,2779.1,0
0.073321,0.1192,0.1195,1315.6,1
0.000525,0.4916,0.6351,2195.4,0
0.084692,0.1371,0.0877,1212.6,1
0.062058,0.19,0.2982,1217.5,1
0.00088,0.4347,0.5797,2541.0,0
0.075229,0.1721,0.0935,1296.3,1
0.044042,0.0794,0.1792,816.1,1
0.001968,0.2524,0.8081,2858.4,0
0.048618,0.1206,0.1893,852.8,1
0.096627,0.167,0.1521,1307.0,1
0.000708,0.2718,0.745,2486.5,0
0.033691,0.2256,0.659,1287.3,1
0.053701,0.12,0.2248,1651.3,1
0.041389,0.1612,0.3016,1359.7,1
0.02199,0.1194,0.4206,1491.3,1
0.09115,0.0915,0.3107,1352.3,1
0.000822,0.3117,0.533,2072.7,0
0.065043,0.1132,0.2911,1904.1,1
0.000239,0.2433,0.5479,2301.3,0
0.058836,0.1335,0.1079,1335.8,1
0.000158,0.4667,0.6763,2661.0,0
0.000225,0.3326,0.6494,3512.8,0
0.000166,0.5,0.9267,3307.7,0
0.064792,0.1333,0.5908,1043.1,1
0.000861,0.3466,0.8944,2906.0,0
0.024848,0.122,0.1889,1170.6,1
0.000825,0.2069,0.7975,2594.5,0
0.0006,0.3354,0.6865,2569.7,0
0.001586,0.4732,0.8084,3048.8,0
0.040686,0.1411,0.222,1227.4,1
0.001255,0.4322,0.7851,2960.2,0
0.000741,0.2813,0.8986,2984.3,0
0.000344,0.3037,0.8343,2324.7,0
0.001978,0.3772,0.8551,2613.7,0
0.04697,0.1007,0.1259,1177.9,1
0.036969,0.127,0.2129,1230.2,1
0.002577,0.3211,0.9555,3058.8,0
0.101216,0.0984,0.0991,960.6,1
0.029462,0.1249,0.1546,1348.5,1
0.006439,0.3745,0.7218,2347.2,0
0.015544,0.1135,0.2508,1000.0,1
0.013322,0.0792,0.0645,1110.1,1
0.000448,0.3169,0.6056,2778.8,0
0.003157,0.3535,0.682,2658.2,0
0.027815,0.1169,0.2949,1447.5,1
0.044572,0.1002,0.3181,1123.1,1
0.000772,0.339,0.8863,3080.1,0
0.000173,0.464,0.7738,1885.4,0
0.003164,0.2374,0.7113,2137.2,0
0.104499,0.101,0.3643,1483.3,1
0.040106,0.1267,0.3453,1229.5,1
0.065248,0.1425,0.0731,1341.9,1
0.004045,0.3613,0.7327,3569.1,0
0.036798,0.1138,0.2444,1223.5,1
0.008718,0.1465,0.0572,1833.5,1
0.000793,0.21,0.8255,2556.5,0
0.000204,0.2659,0.7312,2753.7,0
0.037547,0.071,0.2502,1323.5,1
0.032986,0.1195,0.1282,1406.3,1
0.034033,0.1031,0.2314,1642.7,1
0.038915,0.1319,0.2013,1376.4,1
0.000935,0.3787,0.9707,3137.5,0
0.013753,0.079,0.1175,1079.7,1
0.042721,0.1584,0.0887,1553.9,1
0.056068,0.1516,0.2643,1235.6,1
0.105337,0.1429,0.0521,861.8,1
0.041846,0.1292,0.2372,1110.1,1
0.0002,0.4547,0.9514,2834.4,0
0.05323,0.1652,0.3084,1502.2,1
0.000639,0.3228,0.7552,2953.2,0
0.00144,0.3817,0.9063,3192.1,0
0.000418,0.287,0.9451,3250.4,0
0.000673,0.402,0.8122,2256.2,0
0.082531,0.1217,0.0903,1305.2,1
0.152219,0.0526,0.1668,1439.9,1
0.055648,0.034,0.4261,907.2,1
0.030036,0.1005,0.1299,1307.7,1
0.000296,0.4525,0.6308,2734.0,0
0.022141,0.1045,0.1751,1291.2,1
0.000367,0.3993,0.6569,2762.4,0
0.002433,0.3894,0.9139,2913.7,0
0.025738,0.1699,0.1639,1158.3,1
0.001009,0.3575,0.7687,2615.5,0
0.001027,0.2958,0.7374,2963.6,0
0.080103,0.142,0.0434,1285.5,1
0.041972,0.0709,0.0288,1459.1,1
0.000733,0.3778,0.8928,3259.5,0
0.026901,0.0648,0.1263,1715.3,1
0.06656,0.1316,0.1247,1430.4,1
0.072942,0.0679,0.4873,828.4,1
0.000763,0.3616,0.9444,3183.3,0
0.044164,0.1334,0.2059,1199.7,1
0.065177,0.1128,0.2106,1024.2,1
0.029871,0.1042,0.2166,1248.9,1
0.0146,0.1188,0.2057,1107.6,1
0.000681,0.3971,0.8614,2672.5,0
0.000113,0.4258,0.7833,3091.4,0
0.071466,0.0499,0.0412,1539.5,1
0.00044,0.3637,0.8024,2366.1,0
0.017626,0.0793,0.2081,1666.6,1
0.000569,0.3129,0.9144,3209.2,0
0.090845,0.1212,0.0994,958.3,1
0.025873,0.1503,0.0024,1266.0,1
0.001207,0.4332,0.8537,3196.3,0
0.002473,0.3461,0.7161,3008.4,0
0.049644,0.0488,0.3392,1398.4,1
0.030831,0.1519,0.0948,1019.9,1
0.00013,0.3835,0.8985,2499.3,0
0.001604,0.3129,0.8337,2494.0,0
0.022915,0.0892,0.1154,1030.7,1
0.066537,0.1394,0.0505,1028.6,1
0.00224,0.345,0.9419,2859.0,0
0.055746,0.0514,0.3324,591.0,1
0.001819,0.373,0.6968,3014.5,0
0.000924,0.3486,0.6231,2349.3,0
0.000408,0.271,0.7237,2624.9,0
0.001131,0.3542,0.8686,2957.0,0
0.000679,0.2848,0.8408,2980.6,0
0.045411,0.0898,0.2026,1133.9,1
0.000748,0.4593,0.6677,1948.7,0
0.001153,0.3195,0.6137,2323.6,0
0.000114,0.416,0.9329,3582.0,0
0.030813,0.1698,0.1557,1479.1,1
0.001157,0.3038,0.9026,2782.0,0
0.000272,0.2975,0.8665,3283.1,0
0.055155,0.1199,0.1945,1166.7,1
0.021697,0.097,0.3194,1008.6,1
0.002256,0.2609,0.9224,2671.5,0
0.052244,0.0831,0.0694,1217.9,1
0.057064,0.1386,0.0295,1362.4,1
0.013931,0.0326,0.1844,1201.9,1
0.000136,0.4417,0.7747,2747.7,0
0.045706,0.1628,0.1896,1149.8,1
0.002918,0.3232,0.6892,2534.4,0
0.034866,0.1274,0.4993,1330.4,1
0.02257,0.1797,0.1722,1649.7,1
0.000532,0.3675,0.6764,2777.1,0
0.050567,0.0421,0.0124,1346.5,1
0.001005,0.3833,0.5783,3605.0,0
0.019554,0.11,0.3047,1163.9,1
0.080116,0.1309,0.0978,1571.1,1
0.001277,0.4125,0.5094,2406.3,0
0.001473,0.4279,0.9711,2492.2,0
0.055745,0.0994,0.1224,1520.0,1
0.000798,0.3707,0.6827,2608.0,0
0.001668,0.3391,0.5321,2847.8,0
0.000126,0.3592,0.75,2063.0,0
0.037706,0.0833,0.2503,1651.6,1
0.056307,0.0919,0.1424,1437.4,1
0.000415,0.312,0.8882,3518.6,0
0.000196,0.3083,0.5554,2277.4,0
0.000314,0.3061,0.8225,3430.4,0
0.004929,0.4304,0.7053,2603.0,0
0.000637,0.2338,0.7433,2863.7,0
0.038173,0.1177,0.2087,967.6,1
0.000278,0.307,0.7677,2229.7,0
0.000328,0.4028,0.7043,3466.4,0
0.000916,0.3313,0.7593,2717.9,0
0.033036,0.1596,0.2117,1538.7,1
0.01548,0.1549,0.2359,1161.5,1
0.069682,0.1141,0.13,1247.6,1
0.001769,0.4051,0.8136,3085.2,0
0.000665,0.4454,0.5709,2193.5,0
0.000949,0.4362,0.7022,3157.7,0
0.000487,0.3889,0.7031,2719.3,0
0.023931,0.12,0.1379,867.0,1
0.030277,0.1203,0.1802,1136.3,1
0.023517,0.2056,0.1091,1597.0,1
0.099936,0.1756,0.2819,1528.9,1
0.001052,0.3152,0.5791,2685.3,0
0.038735,0.1273,0.1678,1875.9,1
0.000242,0.4165,0.9048,1942.2,0
0.001705,0.2491,0.3531,2943.2,0
0.037737,0.128,0.1285,891.5,1
0.000846,0.392,0.8562,3662.4,0
0.003362,0.344,0.9011,3215.2,0
0.001031,0.3411,0.8245,2642.9,0
0.028022,0.1924,0.2521,1043.9,1
0.019675,0.0671,0.1583,1178.3,1
0.000387,0.3372,0.7851,2405.8,0
0.012504,0.1165,0.1365,922.9,1
0.002666,0.3493,0.8119,3078.7,0
0.00194,0.4295,0.9016,2476.6,0
0.02674,0.163,0.2258,1132.5,1
0.05641,0.0474,0.0131,1599.9,1
0.015515,0.1052,0.2251,942.6,1
0.000948,0.3442,0.7374,2305.3,0
0.046296,0.0743,0.1769,1245.4,1
0.044078,0.1404,0.0821,1442.2,1
0.056425,0.1249,0.0896,1630.6,1
0.001411,0.2446,0.8816,2545.0,0
0.026227,0.0707,0.3756,1158.1,1
0.076907,0.1191,0.0998,1204.4,1
0.000469,0.4763,0.961,2755.4,0
0.023593,0.1751,0.2699,707.1,1
0.001197,0.3495,0.7843,3251.8,0
0.022126,0.1276,0.1562,1500.9,1
0.087219,0.0713,0.3982,1291.3,1
0.095514,0.1707,0.1355,1297.5,1
0.060384,0.1843,0.2439,905.5,1
0.051023,0.0956,0.1465,641.2,1
0.00184,0.3901,0.6447,3550.2,0
0.001398,0.3226,0.6841,2252.0,0
0.01433,0.0914,0.1087,1235.9,1
0.001365,0.3663,0.5674,2985.7,0
0.001715,0.3421,0.7355,2016.2,0
0.042284,0.1643,0.3145,1239.2,1
0.00123,0.2533,0.8749,2139.0,0
0.000148,0.4064,0.9316,3016.0,0
0.022342,0.1328,0.224,1572.5,1
0.000751,0.44,0.8933,2598.4,0
0.020281,0.0872,0.1428,1554.3,1
0.046571,0.1361,0.2479,1173.9,1
0.048313,0.0968,0.0453,1201.1,1
0.005225,0.3476,0.8051,2976.4,0
0.041966,0.0891,0.0175,1188.5,1
0.038746,0.1296,0.2906,1655.7,1
0.054498,0.1592,0.0643,806.5,1
0.000479,0.3109,0.8357,3113.3,0
0.084913,0.1411,0.0879,1476.9,1
0.032746,0.1075,0.2114,1896.4,1
0.054728,0.1497,0.2031,781.5,1
0.036883,0.1329,0.257,1623.0,1
0.024407,0.1054,0.412,1369.1,1
0.0313,0.1167,0.0787,1268.2,1
0.000912,0.3365,0.6887,2644.4,0
0.021554,0.1505,0.2209,1210.1,1
0.002046,0.3737,0.7813,2986.6,0
0.000961,0.4025,0.8316,2804.9,0
0.000161,0.301,0.8927,3398.7,0
0.022051,0.175,0.1234,1104.6,1
0.001058,0.4097,0.8426,3209.0,0
0.037002,0.1376,0.1473,1740.8,1
0.103747,0.1786,0.2423,1968.8,1
0.002501,0.4191,0.7058,2732.7,0
0.000531,0.2519,0.857,2982.7,0
0.000509,0.3313,0.7384,3502.8,0
0.017244,0.0818,0.2807,1052.2,1
0.033568,0.1502,0.2457,1249.9,1
0.109228,0.1331,0.0825,1425.6,1
0.0003,0.327,0.7466,2851.6,0
0.061948,0.1155,0.2107,1161.0,1
0.037886,0.1738,0.1101,1067.6,1
0.082656,0.1065,0.0597,2105.8,1
0.051547,0.0684,0.0312,914.2,1
0.000248,0.2746,0.9499,2139.8,0
0.001223,0.4161,0.771,3265.4,0
0.000305,0.3943,0.8938,2964.6,0
0.000151,0.3326,0.8504,2294.1,0
0.001842,0.4167,0.7762,2581.7,0
0.000494,0.2332,0.5275,2701.5,0
0.000215,0.3616,0.7003,2546.0,0
0.044203,0.1255,0.2915,813.6,1
0.069761,0.1529,0.0893,1426.7,1
0.048527,0.1213,0.3306,752.9,1
0.030182,0.1521,0.1881,898.0,1
0.000772,0.3858,0.8662,2527.6,0
0.058472,0.1293,0.4322,888.5,1
0.000163,0.3966,0.8634,2719.2,0
0.017347,0.1576,0.2357,1260.2,1
0.000191,0.5,0.8414,3096.7,0
0.016942,0.0975,0.2468,1466.1,1
0.000115,0.2695,0.5429,2515.6,0
0.000687,0.3409,0.9335,2488.2,0
0.020499,0.1341,0.088,1673.6,1
0.000559,0.3316,0.9286,2529.7,0
0.040459,0.1252,0.3353,1440.7,1
0.071535,0.1186,0.6103,925.2,1
0.067341,0.0987,0.1331,1267.4,1
0.044097,0.0944,0.5006,1043.9,1
0.026254,0.1578,0.1095,1220.2,1
0.000821,0.3345,0.6402,3800.0,0
0.069478,0.1295,0.1934,1262.5,1
0.024113,0.1211,0.2248,1173.2,1
0.041911,0.077,0.1296,1237.8,1
0.000184,0.4811,0.7742,2568.3,0
0.044972,0.0637,0.2374,840.2,1
0.023091,0.1386,0.1382,1617.7,1
0.058104,0.0579,0.004,1186.2,1
0.000453,0.4067,0.8652,2724.8,0
0.00024,0.5,0.7041,2667.6,0
0.002581,0.4097,0.8548,2992.0,0
0.02613,0.1057,0.2344,1649.0,1
0.012386,0.0829,0.0321,2032.2,1
0.020277,0.0715,0.1622,858.3,1
0.000838,0.3357,0.8814,3298.7,0
0.000958,0.275,0.7807,2696.8,0
0.08939,0.1978,0.3619,1396.5,1
0.027065,0.1656,0.3908,1269.3,1
0.033513,0.1264,0.2266,1317.8,1
0.000348,0.3399,0.9037,1956.4,0
0.037175,0.0995,0.2799,1505.3,1
0.003266,0.3133,0.8555,2362.3,0
0.027501,0.1,0.1493,1316.7,1
0.000448,0.311,0.5559,3605.3,0
0.06191,0.137,0.1059,1123.1,1
0.000121,0.3663,0.7875,2144.3,0
0.032644,0.0332,0.1028,1541.9,1
0.020578,0.0995,0.3793,1225.4,1
0.064002,0.1708,0.3592,1353.1,1
0.00055,0.3879,0.7874,2782.3,0
0.000121,0.4844,0.9031,3647.7,0
0.001498,0.4785,0.833,1963.6,0
0.056148,0.0641,0.2713,1271.8,1
0.00063,0.3782,0.7516,2150.5,0
0.032807,0.1234,0.2614,568.6,1
0.011285,0.0578,0.1757,1504.1,1
0.033972,0.1155,0.0859,1065.4,1
0.000314,0.2454,0.8902,2159.4,0
0.077716,0.1116,0.1526,1329.8,1
0.003001,0.3695,0.8638,3016.7,0
0.048689,0.1155,0.1889,1428.1,1
0.070611,0.1308,0.2837,1105.8,1
0.001474,0.4185,0.8124,2936.8,0
0.000464,0.3014,0.7497,3464.0,0
0.025694,0.1221,0.0985,1156.4,1
0.060009,0.1263,0.3416,1192.4,1
0.00029,0.3985,0.7118,2978.8,0
0.051752,0.1797,0.1284,1217.0,1
0.000921,0.4311,0.7462,2835.3,0
0.001082,0.2301,0.7401,2770.6,0
0.072217,0.1043,0.2262,1016.4,1
0.029927,0.1094,0.1998,1135.4,1
0.025008,0.132,0.1398,1305.3,1
0.000161,0.297,0.6129,2476.8,0
0.022785,0.1461,0.1963,1369.4,1
0.000752,0.4212,0.6307,3253.6,0
0.001437,0.4414,0.6786,2569.3,0
0.011673,0.1106,0.1228,1520.7,1
0.00077,0.4812,0.7599,1510.3,0
0.033195,0.1544,0.1494,1131.4,1
0.037802,0.1546,0.359,1081.8,1
0.001595,0.4032,0.7097,2690.3,0
0.000819,0.309,0.8647,2747.0,0
0.000505,0.2524,0.9365,2786.5,0
0.001739,0.3,0.7615,3628.0,0
0.018377,0.0895,0.342,1334.8,1
0.021312,0.0874,0.5192,1235.2,1
0.00299,0.3928,0.9214,2501.9,0
0.000395,0.222,0.7502,2890.2,0
0.073843,0.1381,0.1111,1457.1,1
0.023847,0.1611,0.4936,1080.3,1
0.000277,0.299,0.9117,3109.4,0
0.000742,0.4666,0.8858,2359.7,0
0.033168,0.083,0.1291,1146.5,1
0.000538,0.2748,0.9523,2782.9,0
0.001413,0.3338,0.927,3003.1,0
0.092301,0.0966,0.1092,964.3,1
0.022116,0.0807,0.1588,1291.1,1
0.058592,0.1337,0.2068,1159.0,1
0.029974,0.0954,0.2426,1313.3,1
0.020802,0.1482,0.0954,1475.8,1
0.001524,0.3557,0.6118,2995.9,0
0.00129,0.4107,0.8413,2240.4,0
0.001967,0.3022,0.9614,2530.7,0
0.000352,0.3357,0.7152,3655.0,0
0.024253,0.1285,0.2816,980.9,1
0.039177,0.1172,0.0464,946.1,1
0.020028,0.1178,0.0614,997.7,1
0.087189,0.1105,0.1802,1011.3,1
0.003312,0.3441,0.982,2119.9,0
0.001566,0.3453,0.8907,3275.9,0
0.051954,0.1042,0.367,1048.1,1
0.079243,0.1686,0.3461,1066.9,1
0.034482,0.1072,0.7168,1175.4,1
0.050225,0.0954,0.2684,1304.1,1
0.018645,0.1147,0.203,1587.2,1
0.011905,0.0932,0.2244,1092.7,1
0.001681,0.3595,0.7593,2968.1,0
0.035725,0.1151,0.12,985.2,1
0.093345,0.1457,0.1832,1320.0,1
0.000174,0.3662,0.5462,2534.5,0
0.017774,0.1167,0.1844,950.7,1
0.000569,0.405,0.7124,1685.9,0
0.089084,0.1489,0.5,1484.3,1
0.001616,0.3353,0.6246,3122.4,0
0.021959,0.1293,0.0437,1399.0,1
0.001021,0.4115,0.5451,2050.9,0
0.109971,0.1169,0.1053,1035.2,1
0.00094,0.2894,0.436,2110.3,0
0.000822,0.2317,0.4577,2711.3,0
0.073642,0.1267,0.2386,1206.5,1
0.031857,0.1482,0.2085,1328.3,1
0.001561,0.3358,0.9643,2484.4,0
0.000119,0.3761,0.8833,2718.5,0
0.054783,0.1623,0.1381,769.4,1
0.038587,0.1229,0.0049,816.7,1
0.048844,0.1692,0.2655,1065.9,1
0.006023,0.3439,0.6197,2624.8,0
0.032833,0.0971,0.2153,1129.3,1
0.000631,0.265,0.7415,2466.0,0
0.000745,0.1999,0.835,3716.3,0
0.028058,0.1621,0.1521,1457.9,1
0.015619,0.1175,0.2039,1520.1,1
0.032035,0.0928,0.0752,1384.9,1
0.001737,0.2929,0.7996,2872.7,0
0.000403,0.3536,0.6047,3146.2,0
0.000644,0.349,0.7009,2122.5,0
0.019697,0.1285,0.0294,1360.3,1
0.002485,0.237,0.8579,3002.4,0
0.000249,0.3786,0.7866,2923.4,0
0.00037,0.4238,0.9063,3240.6,0
0.059047,0.1445,0.2357,1708.0,1
0.00014,0.3231,0.6549,3568.3,0
0.023578,0.1527,0.079,1543.2,1
0.00112,0.4234,0.8647,3109.8,0
0.027414,0.0889,0.1821,1034.7,1
0.000731,0.3427,0.9452,2404.9,0
0.032074,0.1697,0.2829,1462.2,1
0.090671,0.1437,0.1495,1567.2,1
0.000363,0.2702,0.8982,2596.4,0
0.029821,0.141,0.1165,682.9,1
0.035929,0.0952,0.2162,1403.6,1
0.023783,0.1193,0.3316,1448.8,1
0.021381,0.1476,0.0259,1378.9,1
0.00259,0.3999,0.9277,3800.0,0
0.000361,0.3679,0.8431,2707.4,0
0.00046,0.2936,0.8373,3178.1,0
0.000277,0.2611,0.5902,2842.9,0
0.002728,0.3963,0.8492,3394.6,0
0.000607,0.408,0.7638,2976.1,0
0.000697,0.4275,0.7387,3324.5,0
0.105802,0.1291,0.0272,1597.5,1
0.000819,0.3436,0.6207,2819.9,0
0.000228,0.4068,0.8819,2379.0,0
0.059225,0.1164,0.196,1456.6,1
0.001096,0.3099,0.5893,2382.1,0
0.00137,0.2913,0.9124,2127.0,0
0.001137,0.4003,0.7091,2927.7,0
0.021388,0.1166,0.3184,1153.9,1
0.026814,0.1175,0.225,1202.2,1
0.001423,0.3815,0.9194,2889.6,0
0.016868,0.1076,0.2087,1420.7,1
0.046042,0.0896,0.2215,1580.4,1
0.025965,0.158,0.269,1643.3,1
0.065499,0.0897,0.0981,894.3,1
0.078892,0.142,0.3181,1338.2,1
0.000269,0.3873,0.967,3283.1,0
0.000895,0.3589,0.584,2712.7,0
0.037598,0.0902,0.0718,848.4,1
0.035996,0.1101,0.1992,886.7,1
0.016129,0.1061,0.2905,835.1,1
0.034864,0.0856,0.354,1069.5,1
0.061771,0.1096,0.3779,1385.4,1
0.000635,0.2829,0.8966,2545.3,0
0.021711,0.0783,0.2005,945.0,1
0.016208,0.1132,0.2563,869.9,1
0.034152,0.1016,0.0714,1152.9,1
0.024083,0.1233,0.3837,1224.4,1
0.025718,0.186,0.0727,984.0,1
0.002581,0.3486,0.4515,2735.8,0
0.037891,0.1163,0.2242,1180.9,1
0.000576,0.5,0.7284,1735.8,0
0.02356,0.1022,0.3403,1187.3,1
0.02297,0.1329,0.0709,1010.9,1
0.000866,0.326,0.6746,2352.7,0
0.041532,0.1077,0.4879,947.8,1
0.000976,0.3222,0.899,3298.1,0
0.003634,0.2985,0.9034,2304.8,0
0.001803,0.2133,0.5895,2873.2,0
0.070595,0.131,0.3477,735.2,1
0.043098,0.1695,0.3203,1410.0,1
0.022026,0.1297,0.1302,994.4,1
0.001273,0.3579,0.8573,2568.3,0
0.022794,0.1018,0.3596,1213.4,1
0.096984,0.1102,0.0413,1260.6,1
0.001126,0.4146,0.6697,2578.1,0
0.001438,0.2303,0.9417,3202.6,0
0.000231,0.3143,0.7152,2568.8,0
0.075691,0.0931,0.1616,1470.4,1
0.016343,0.1602,0.2999,1290.9,1
0.093831,0.1125,0.2758,916.2,1
0.001239,0.4154,0.617,2279.1,0
0.031528,0.165,0.1926,1293.0,1
0.001849,0.2809,0.6306,2772.8,0
0.001362,0.1254,0.895,3489.5,0
0.039134,0.1336,0.3094,1376.1,1
0.00018,0.3209,0.6993,2630.7,0
0.07303,0.172,0.2415,1498.8,1
0.001327,0.3422,0.9784,3220.7,0
0.039878,0.137,0.0763,1096.7,1
0.000496,0.306,0.9079,3363.5,0
0.02724,0.1532,0.1641,1359.6,1
0.001681,0.3416,0.8946,2300.3,0
0.00078,0.3019,0.7439,2992.6,0
0.012112,0.1455,0.4036,1227.5,1
0.000664,0.4432,0.7887,2189.9,0
0.027681,0.1181,0.1231,1309.8,1
0.044254,0.1217,0.2434,970.7,1
0.000482,0.3784,0.7879,2967.1,0
0.000938,0.2892,0.8179,2446.3,0
0.032355,0.103,0.1114,1122.5,1
0.05205,0.1373,0.1434,1220.0,1
0.021814,0.146,0.2144,988.3,1
0.039358,0.126,0.1805,1332.3,1
0.034717,0.108,0.0993,1328.7,1
0.000267,0.3507,0.8606,2739.8,0
0.070975,0.1495,0.2068,734.5,1
0.013377,0.1271,0.2864,1447.4,1
0.001134,0.2713,0.668,2674.6,0
0.000785,0.378,0.8964,3127.8,0
0.001563,0.4492,0.8843,2568.0,0
0.001308,0.2309,0.9058,2848.8,0
0.01227,0.1477,0.1635,1140.6,1
0.001634,0.4683,0.7516,2203.7,0
0.00198,0.3172,0.7655,3373.5,0
0.001012,0.3703,0.8727,3244.8,0
0.068308,0.1021,0.0587,1096.9,1
0.015705,0.1299,0.1715,1482.7,1
0.001005,0.2708,0.5855,2680.0,0
0.002466,0.4686,0.5363,3187.1,0
0.149597,0.0992,0.1531,981.9,1
0.02823,0.1262,0.0888,1734.7,1
0.00054,0.4227,0.5034,3505.6,0
0.002244,0.3971,0.7634,2718.6,0
0.000231,0.3763,0.4622,2511.0,0
0.000742,0.3039,0.7922,2641.5,0
0.037333,0.1194,0.2647,1055.9,1
0.0631,0.1161,0.0481,1038.9,1
0.093933,0.0694,0.1646,1384.6,1
0.022251,0.0551,0.4376,1154.6,1
0.000397,0.402,0.7415,3292.0,0
0.027004,0.1502,0.1744,1215.5,1
0.043087,0.1194,0.2023,897.4,1
0.002053,0.3546,0.4617,2625.3,0
0.000423,0.4013,0.7799,2813.0,0
0.048763,0.1887,0.1165,1700.9,1
0.001352,0.3,0.5418,2417.1,0
0.000584,0.2544,0.8216,3427.5,0
0.058348,0.1231,0.15,938.5,1
0.02366,0.0981,0.1473,1230.2,1
0.023325,0.0559,0.2118,1869.4,1
0.081008,0.0821,0.2227,1202.4,1
0.000863,0.3445,0.6871,2847.2,0
0.024268,0.1401,0.1248,1153.7,1
0.063353,0.1119,0.3325,1154.8,1
0.030786,0.1167,0.5821,922.6,1
0.000509,0.4221,0.6719,2089.0,0
0.031719,0.1237,0.0987,1099.7,1
0.0557,0.0995,0.2634,1236.9,1
0.000742,0.3542,0.7068,3544.0,0
0.001072,0.3067,0.7544,3142.3,0
0.001922,0.4257,0.9458,3055.7,0
0.000761,0.2791,0.654,2848.5,0
0.051348,0.0782,0.2186,1259.0,1
0.000769,0.1801,0.7506,3566.9,0
0.001267,0.3217,0.8486,2405.8,0
0.060872,0.1283,0.1856,1647.7,1
0.000635,0.346,0.8558,3434.9,0
0.010246,0.0703,0.1168,1096.1,1
0.000448,0.4045,0.9217,2955.6,0
0.014523,0.1223,0.2132,1366.3,1
0.037377,0.1152,0.0988,1591.6,1
0.014617,0.1327,0.1595,1609.7,1
0.00015,0.359,0.8223,1976.6,0
0.070107,0.1575,0.1299,1676.5,1
0.000293,0.4162,0.9518,2830.3,0
0.000574,0.18,0.8681,2885.1,0
0.000414,0.2996,0.9164,2610.3,0
0.069424,0.1116,0.1139,1544.5,1
0.01543,0.1667,0.1691,1703.3,1
0.041062,0.1351,0.1327,1564.5,1
0.000882,0.2194,0.6014,3146.7,0
0.001206,0.3209,0.8432,2226.8,0
0.059119,0.12,0.2625,994.3,1
0.000231,0.2282,0.948,2398.9,0
0.062883,0.1073,0.2347,1050.5,1
0.000203,0.3819,0.7512,2667.0,0
0.045735,0.1921,0.0664,1216.0,1
0.019063,0.1664,0.2282,1359.3,1
0.000222,0.3472,0.7853,2836.5,0
0.002835,0.2659,0.7757,3551.8,0
0.038913,0.1959,0.1853,1537.9,1
0.057231,0.1116,0.2854,1189.1,1
0.000143,0.3526,0.7854,2890.7,0
0.002007,0.4964,0.8588,2561.4,0
0.047145,0.1128,0.3164,1118.3,1
0.05013,0.1274,0.1783,1248.6,1
0.000851,0.3287,0.5014,2599.6,0
0.026135,0.1073,0.4038,842.9,1
0.000153,0.3367,0.6642,2576.7,0
0.029683,0.0978,0.2118,1664.9,1
0.000226,0.3931,0.5062,2430.9,0
0.057684,0.1389,0.3373,1088.0,1
0.037315,0.1638,0.4294,1648.6,1
0.099704,0.094,0.3038,1296.4,1
0.044599,0.1016,0.2143,1232.9,1
0.130916,0.1202,0.0641,1474.3,1
0.040571,0.1202,0.097,1690.2,1
0.026063,0.051,0.2892,1291.8,1
0.018207,0.1052,0.1629,949.8,1
0.054203,0.1828,0.1026,1277.0,1
0.029504,0.1689,0.0792,1524.0,1
0.005969,0.2925,0.7623,2401.0,0
0.049332,0.1416,0.2648,651.9,1
0.000471,0.2828,0.9532,2969.3,0
0.044169,0.129,0.1569,1410.3,1
0.000591,0.2645,0.6218,2806.2,0
0.015059,0.1085,0.0754,1668.6,1
0.050867,0.0596,0.2393,1320.7,1
0.054731,0.1517,0.2448,1351.4,1
0.076766,0.1043,0.3636,1263.8,1
0.000713,0.3057,0.6573,2612.1,0
0.00018,0.3424,0.6771,3038.9,0
0.001661,0.5,0.845,3016.7,0
0.010932,0.1336,0.3109,1154.0,1
0.000772,0.3704,0.6366,2477.9,0
0.046683,0.1462,0.2067,1364.2,1
0.000804,0.3659,0.9517,3294.7,0
0.001145,0.4712,0.9729,2690.8,0
0.002121,0.2654,0.963,3392.2,0
0.045103,0.1312,0.0208,1076.4,1
0.120213,0.14,0.1021,1753.6,1
0.001052,0.4632,0.8009,2720.5,0
0.025922,0.1852,0.0595,1436.3,1
0.000289,0.3007,0.7952,3800.0,0
0.029642,0.1167,0.0847,1034.6,1
0.035745,0.1098,0.158,1304.8,1
0.000654,0.3565,0.8386,2897.5,0
0.045622,0.0695,0.0713,1207.7,1
0.001524,0.3746,0.6093,2421.9,0
0.036691,0.0532,0.1047,1026.2,1
0.001236,0.2323,0.8298,2739.6,0
0.046847,0.1255,0.5463,1092.6,1
0.000573,0.2861,0.9017,3040.8,0
0.064134,0.1179,0.0988,993.3,1
0.036719,0.13,0.2398,842.8,1
0.02525,0.061,0.148,1482.4,1
0.017553,0.1255,0.1129,1365.3,1
0.027469,0.164,0.1596,750.6,1
0.001216,0.2712,0.7748,3619.8,0
0.000704,0.3671,0.7673,3092.0,0
0.001691,0.4978,0.8653,2719.9,0
0.042607,0.1678,0.1821,1542.2,1
0.00031,0.3454,0.6819,3546.3,0
0.042661,0.1409,0.1901,1337.1,1
0.041177,0.0925,0.2033,1596.5,1
0.003014,0.3931,0.8329,2469.1,0
0.002276,0.2996,0.8913,3216.3,0
0.000189,0.3482,0.777,3675.0,0
0.000953,0.3521,0.6707,2894.2,0
0.003329,0.423,0.9391,2902.4,0
0.001475,0.3407,0.8449,2203.6,0
0.011316,0.146,0.1778,658.2,1
0.01788,0.1113,0.2533,1481.5,1
0.000427,0.3598,0.6095,2022.0,0
0.001433,0.341,0.4546,2445.5,0
0.001617,0.3376,0.9394,2114.2,0
0.072514,0.1054,0.0698,1283.7,1
0.030365,0.1525,0.132,1496.1,1
0.002816,0.2365,0.9135,2722.0,0
0.001963,0.3304,0.8545,3215.5,0
0.040727,0.1543,0.1415,1220.3,1
0.055629,0.1061,0.1535,1276.6,1
0.000868,0.3329,0.9345,2454.4,0
0.06284,0.2131,0.2522,1213.3,1
0.000433,0.3729,0.5729,1778.9,0
0.000191,0.3857,0.9281,3617.5,0
0.023089,0.152,0.076,1175.1,1
0.021648,0.0874,0.1716,1159.8,1
0.000221,0.208,0.8341,2906.2,0
0.01897,0.1523,0.1527,1490.4,1
0.001249,0.3405,0.5044,3085.9,0
0.059447,0.1431,0.2884,1759.2,1
0.013474,0.0813,0.3397,723.8,1
0.075954,0.1353,0.0359,1238.6,1
0.020044,0.0729,0.323,1399.3,1
0.000733,0.3443,0.5942,3800.0,0
0.018951,0.1576,0.1438,824.2,1
0.057733,0.1279,0.2574,1334.2,1
0.026407,0.1264,0.1027,1003.9,1
0.000939,0.3295,0.923,1945.8,0
0.032225,0.1191,0.1061,1160.9,1
0.017511,0.1539,0.0889,1255.7,1
0.000259,0.3221,0.6975,3404.6,0
0.028176,0.1967,0.1215,1503.0,1
0.002004,0.3475,0.8514,2619.3,0
0.000553,0.3962,0.6211,2150.5,0
0.058659,0.0621,0.2128,720.1,1
0.013019,0.0998,0.2006,1240.6,1
0.018719,0.1521,0.0899,1098.9,1
0.001479,0.2693,0.6187,2844.6,0
0.045959,0.121,0.1369,1448.2,1
0.000597,0.2567,0.7898,3422.9,0
0.001525,0.3586,0.7681,3407.7,0
0.002474,0.5,0.6665,2629.1,0
0.078742,0.155,0.2868,1381.0,1
0.024636,0.1045,0.0643,1291.7,1
0.055395,0.1499,0.063,675.5,1
0.069284,0.1041,0.0322,1122.6,1
0.000437,0.2929,0.7925,2997.6,0
0.035044,0.1417,0.2924,1755.1,1
0.055489,0.0956,0.1301,720.3,1
0.012951,0.1034,0.1567,1134.2,1
0.000468,0.353,0.8553,3481.3,0
0.073429,0.0631,0.1076,1608.0,1
0.045294,0.1359,0.071,755.3,1
0.045588,0.1715,0.1042,1739.1,1
0.063027,0.0759,0.0356,1435.5,1
0.001468,0.3313,0.9553,3124.7,0
0.019393,0.132,0.1052,1046.9,1
0.003036,0.2785,0.9052,2151.7,0
0.027345,0.1914,0.1177,1135.6,1
0.026305,0.1603,0.2026,1292.2,1
0.001509,0.3993,0.6699,2984.3,0
0.049364,0.1214,0.0387,1507.1,1
0.03279,0.0671,0.439,1236.5,1
0.000243,0.4086,0.6321,2314.4,0
0.06526,0.1156,0.125,1661.9,1
0.002758,0.4946,0.8426,1681.0,0
0.050063,0.0993,0.1272,1207.8,1
0.089769,0.1667,0.2114,1299.6,1
0.064624,0.0983,0.3199,1355.0,1
0.08415,0.1447,0.0867,1201.3,1
0.063885,0.0939,0.4076,1565.2,1
0.031265,0.1187,0.2471,1258.9,1
0.000759,0.2912,0.6724,2115.0,0
0.030327,0.1225,0.2575,1136.8,1
0.031638,0.0847,0.0441,979.1,1
0.000356,0.2968,0.7685,3090.5,0
0.000454,0.3438,0.9098,2747.4,0
0.01659,0.1196,0.1583,969.0,1
0.042404,0.0971,0.1601,1809.0,1
0.001046,0.2877,0.9387,2795.3,0
0.002762,0.2459,0.7887,2590.0,0
0.001444,0.4524,0.8188,2679.3,0
0.085653,0.105,0.1138,1405.5,1
0.000468,0.3377,0.7948,3085.3,0
0.030599,0.1276,0.2672,855.2,1
0.003037,0.2716,0.8701,2732.1,0
0.111891,0.17,0.232,1425.2,1
0.00014,0.4785,0.6806,3319.3,0
0.061475,0.071,0.2404,1096.1,1
0.001131,0.4122,0.9087,3675.6,0
0.02223,0.161,0.2389,1384.6,1
0.004981,0.2966,0.8416,3281.7,0
0.032279,0.0838,0.1599,1035.4,1
0.027692,0.1892,0.1881,1395.1,1
0.000762,0.2504,0.8387,2396.4,0
0.035716,0.1064,0.0496,1170.5,1
0.020264,0.1376,0.1706,1052.1,1
0.00068,0.4334,0.5866,3466.1,0
0.000628,0.3418,0.8754,2850.5,0
0.001083,0.1724,0.526,3800.0,0
0.081529,0.1559,0.1387,1657.1,1
0.043819,0.1873,0.2934,1071.6,1
0.001563,0.2977,0.6959,3080.4,0
0.04483,0.098,0.0962,906.7,1
0.070509,0.1237,0.1049,1615.5,1
0.22538,0.1891,0.4806,917.8,1
0.026452,0.1484,0.1414,1229.8,1
0.106916,0.1669,0.4924,1190.2,1
0.015279,0.1491,0.2458,1494.8,1
0.000665,0.2984,0.9546,3389.4,0
0.019047,0.1216,0.061,1443.7,1
0.054458,0.1704,0.173,1066.9,1
0.063584,0.0209,0.1586,1170.3,1
0.01661,0.1399,0.0662,486.9,1
0.068198,0.1368,0.5068,1239.9,1
0.045461,0.0896,0.1545,1498.7,1
0.001404,0.3256,0.9317,3424.2,0
0.000101,0.3967,0.7324,3235.7,0
0.055364,0.0594,0.1463,1237.8,1
0.014861,0.1328,0.1583,1303.3,1
0.000879,0.2726,0.8648,3440.6,0
0.016023,0.1789,0.151,1167.4,1
0.010737,0.142,0.1948,1397.8,1
0.000248,0.3823,0.4826,2840.4,0
0.000808,0.3929,0.6422,2916.7,0
0.000198,0.2277,0.8591,2616.2,0
0.036426,0.1479,0.1357,1313.8,1
0.000483,0.48,0.5721,2710.0,0
0.001878,0.3193,0.9094,3536.7,0
0.032719,0.1038,0.1374,1752.6,1
0.006585,0.3237,0.5626,2715.3,0
0.000398,0.432,0.8511,3351.4,0
0.000164,0.2696,0.5504,2708.8,0
0.025266,0.1304,0.1254,1112.9,1
0.01534,0.1801,0.2207,935.9,1
0.000297,0.3493,0.4845,2792.4,0
0.00101,0.3236,0.892,1994.9,0
0.008176,0.11,0.1627,1417.1,1
0.000144,0.2702,0.7441,3086.3,0
0.000685,0.3783,0.9501,2572.0,0
0.000855,0.2415,0.7481,3118.7,0
0.037079,0.0947,0.2751,1426.4,1
0.037628,0.1322,0.394,1665.7,1
0.000276,0.3208,0.588,3071.8,0
0.038758,0.0778,0.3462,692.5,1
0.000271,0.3834,0.9333,2430.0,0
0.000224,0.2551,0.8556,2733.9,0
0.021708,0.108,0.0979,706.2,1
0.000426,0.3499,0.7385,2891.9,0
0.039086,0.1254,0.0597,1128.4,1
0.000659,0.4128,0.7168,2956.0,0
0.059775,0.1135,0.4638,843.5,1
0.002734,0.5,0.7834,2258.9,0
0.028839,0.1297,0.0885,966.0,1
0.000171,0.4312,0.7607,2726.7,0
0.055458,0.1501,0.2929,985.4,1
0.000701,0.3422,0.7495,2897.2,0
0.036685,0.1302,0.0441,1440.9,1
0.001216,0.3925,0.7874,3172.1,0
0.023754,0.081,0.2999,1351.9,1
0.000199,0.266,0.8943,3053.8,0
0.001561,0.1919,0.9279,3265.1,0
0.04362,0.1208,0.2006,1202.7,1
0.000578,0.3281,0.7525,3340.0,0
0.00217,0.2398,0.9231,2647.3,0
0.015304,0.1464,0.0678,1267.9,1
0.05692,0.0968,0.154,1208.1,1
0.000809,0.4106,0.5616,2545.5,0
0.021687,0.1277,0.3333,1285.9,1
0.022838,0.1031,0.3399,651.9,1
0.000283,0.3656,0.8272,2963.2,0
0.027393,0.0957,0.4389,1242.4,1
0.042819,0.1139,0.3358,1271.7,1
0.077422,0.1318,0.2018,1601.4,1
0.001409,0.4568,0.8372,2628.0,0
0.059462,0.1008,0.1944,1006.5,1
0.000195,0.3889,0.8584,2782.5,0
0.000971,0.3288,0.9693,2485.4,0
0.000571,0.1213,0.8981,3392.5,0
0.05097,0.1216,0.0276,877.3,1
0.076085,0.1281,0.3721,1011.1,1
0.091143,0.1436,0.1257,1020.3,1
0.03078,0.1394,0.3014,1769.5,1
0.000475,0.4191,0.7869,2345.1,0
0.000435,0.2795,0.8217,3034.6,0
0.00015,0.3527,0.742,2894.8,0
0.00072,0.3425,0.7722,2704.6,0
0.026369,0.1035,0.09,1069.3,1
0.051367,0.1109,0.2411,1126.1,1
0.000219,0.3999,0.7002,3030.1,0
0.001374,0.3242,0.6839,2179.5,0
0.001,0.3789,0.4911,2383.9,0
0.001356,0.4111,0.7532,2927.0,0
0.049638,0.056,0.1613,999.6,1
0.023657,0.0489,0.195,1015.9,1
0.070472,0.1677,0.0461,1272.7,1
0.033487,0.1402,0.1222,1278.2,1
0.000197,0.3187,0.874,3060.0,0
0.000329,0.4467,0.5962,3465.1,0
0.03953,0.129,0.0558,1322.8,1
0.039277,0.0709,0.3054,1098.4,1
0.000197,0.4199,0.9105,2123.0,0
0.025331,0.1241,0.0805,1595.1,1
0.067007,0.1189,0.1428,1412.9,1
0.044205,0.1538,0.0588,1290.2,1
0.074334,0.1199,0.0792,1486.8,1
0.015492,0.1188,0.2328,1275.7,1
0.039722,0.0725,0.1559,929.4,1
0.002679,0.3083,0.8799,3209.4,0
0.000863,0.3611,0.5391,2399.7,0
0.001061,0.421,0.7604,2729.7,0
0.000411,0.4551,0.6442,2941.9,0
0.050239,0.1719,0.2024,1010.3,1
0.028338,0.1288,0.1831,1387.3,1
0.000915,0.3617,0.9484,2471.2,0
0.122142,0.1579,0.2123,1226.4,1
0.001026,0.3291,0.5547,2636.3,0
0.000547,0.3167,0.8805,1999.4,0
0.001365,0.3093,0.6825,2218.3,0
0.000121,0.3115,0.9366,2695.6,0
0.000621,0.3028,0.7389,3371.2,0
0.018175,0.1154,0.0789,987.1,1
0.000388,0.4388,0.766,2480.3,0
0.05774,0.1711,0.1589,1050.5,1
0.000786,0.2875,0.859,2103.5,0
0.003852,0.337,0.7982,3800.0,0
0.000166,0.2889,0.9455,2734.5,0
0.028929,0.1663,0.158,1622.0,1
0.001004,0.3256,0.9527,2451.7,0
0.048387,0.1291,0.0464,1004.4,1
0.035236,0.0879,0.1487,841.9,1
0.0407,0.0629,0.1033,1204.4,1
0.048093,0.1481,0.0995,864.6,1
0.00137,0.3926,0.9454,2862.0,0
0.000802,0.3772,0.7543,2248.7,0
0.002453,0.3621,0.6907,2296.7,0
0.041413,0.1026,0.1266,1734.1,1
0.000764,0.4433,0.9311,2781.9,0
0.000979,0.2582,0.7536,3018.4,0
0.049108,0.1448,0.2427,1228.5,1
0.000484,0.2809,0.7997,3179.4,0
0.011098,0.0685,0.0855,1357.1,1
0.055609,0.0867,0.2064,1712.0,1
0.000667,0.3566,0.796,3270.8,0
0.000102,0.3867,0.9222,3357.5,0
0.001918,0.4385,0.8435,2861.4,0
0.028934,0.1092,0.3908,1210.6,1
0.017771,0.1131,0.2389,1792.1,1
0.036064,0.1681,0.1263,1282.0,1
0.017121,0.1244,0.3297,1319.0,1
0.03427,0.1784,0.4212,1149.1,1
0.00281,0.2725,0.8724,2850.5,0
0.000473,0.3046,0.7477,3135.9,0
0.014041,0.1018,0.2922,824.6,1
0.000683,0.4167,0.8052,2584.4,0
0.001162,0.2263,0.9,2808.4,0
0.011757,0.1479,0.226,1181.2,1
0.000826,0.3573,0.6404,2723.8,0
0.124081,0.1637,0.0629,1085.0,1
0.017587,0.1656,0.2794,1550.7,1
0.00025,0.459,0.8817,2605.8,0
0.039181,0.1182,0.3248,925.4,1
0.00384,0.3892,0.6552,2546.5,0
0.003472,0.3474,0.827,2189.5,0
0.001858,0.4032,0.6879,2853.2,0
0.000365,0.3525,0.5412,2295.8,0
0.083746,0.0995,0.2645,1317.5,1
0.000679,0.3035,0.8808,2591.1,0
0.000589,0.3661,0.6395,2627.6,0
0.000146,0.4453,0.8301,3569.3,0
0.044971,0.1635,0.1682,1288.0,1
0.008954,0.132,0.1563,1211.4,1
0.001719,0.1469,0.9747,2679.3,0
0.001275,0.3769,0.8367,2824.6,0
0.000535,0.3439,0.8249,2556.3,0
0.001142,0.2749,0.7559,2176.6,0
0.057331,0.1092,0.1211,1554.9,1
0.054033,0.1395,0.1057,1663.0,1
0.000477,0.3504,0.9186,2437.9,0
0.001695,0.4021,0.9223,2243.3,0
0.000337,0.3352,0.7902,2637.4,0
0.024806,0.1175,0.3169,1270.0,1
0.000324,0.3253,0.8344,2705.2,0
0.027406,0.1465,0.0759,932.7,1
0.103686,0.1346,0.206,1604.8,1
0.001136,0.4402,0.6207,3470.4,0
0.095537,0.1336,0.102,933.7,1
0.028298,0.1265,0.0307,982.2,1
0.047288,0.1537,0.1775,1121.2,1
0.000109,0.3607,0.927,3441.7,0
0.001241,0.2992,0.8983,2347.7,0
0.049347,0.1042,0.2106,1536.5,1
0.056252,0.1842,0.2406,1107.5,1
0.029813,0.1126,0.0696,1652.3,1
0.040126,0.1562,0.0708,1405.1,1
0.03891,0.072,0.1422,1336.1,1
0.029898,0.1339,0.2284,1224.8,1
0.001011,0.3161,0.8571,2859.7,0
0.045781,0.1225,0.153,1534.3,1
0.050675,0.0941,0.0966,770.7,1
0.029474,0.0876,0.1914,1747.9,1
0.058077,0.0835,0.1451,1264.7,1
0.001044,0.3075,0.8276,2940.3,0
0.051238,0.0535,0.0519,1454.4,1
0.060684,0.0696,0.1518,938.3,1
0.00077,0.2985,0.7899,3083.6,0
0.018838,0.0589,0.1142,1428.3,1
0.000312,0.1822,0.7139,2081.4,0
0.000399,0.4488,0.6642,3040.2,0
0.000884,0.3418,0.8752,2265.4,0
0.000757,0.3019,0.924,2488.0,0
0.041001,0.1315,0.3727,892.7,1
0.078574,0.0912,0.1572,1401.0,1
0.046012,0.0926,0.2021,1376.9,1
0.060478,0.0103,0.2336,407.9,1
0.000266,0.4195,0.7696,2714.2,0
0.001406,0.3084,0.5168,2909.0,0
0.032096,0.146,0.1057,1367.5,1
0.000134,0.4706,0.7322,3207.3,0
0.111038,0.113,0.1902,866.4,1
0.027421,0.103,0.0887,1114.2,1
0.031738,0.1188,0.38,1464.2,1
0.035001,0.1713,0.2235,1335.0,1
0.004478,0.2954,0.8135,2736.4,0
0.002129,0.3334,0.9049,3800.0,0
0.027285,0.0928,0.2008,932.5,1
0.000795,0.2184,0.8658,2835.2,0
0.026099,0.0877,0.2696,1182.2,1
0.00041,0.3577,0.6393,3028.7,0
0.01834,0.1686,0.1391,1406.6,1
0.016023,0.103,0.1089,1290.5,1
0.088242,0.069,0.2036,1285.3,1
0.000175,0.3083,0.8005,3531.2,0
0.000917,0.3161,0.7341,2933.0,0
0.084551,0.1198,0.2303,987.9,1
0.001366,0.2915,0.7913,2231.9,0
0.078416,0.1191,0.1363,1433.0,1
0.066744,0.1126,0.1388,1236.5,1
0.03079,0.204,0.2138,974.7,1
0.045752,0.166,0.1519,869.3,1
0.000438,0.3255,0.7888,2802.9,0
0.052383,0.221,0.1008,970.2,1
0.035155,0.165,0.1973,1410.1,1
0.00021,0.3313,0.9279,2718.8,0
0.048836,0.1509,0.1202,917.7,1
0.030251,0.1869,0.2764,1342.9,1
0.003234,0.328,0.9808,2029.1,0
0.000649,0.3523,0.707,2761.3,0
0.079858,0.1681,0.2162,1458.1,1
0.001065,0.3076,0.8463,2601.5,0
0.060187,0.125,0.5739,1229.2,1
0.046961,0.1466,0.166,899.9,1
0.001683,0.3618,0.9062,2048.5,0
0.001149,0.3567,0.7515,3129.1,0
0.019387,0.1428,0.2279,1253.6,1
0.001308,0.4253,0.966,2807.4,0
0.052632,0.1134,0.117,924.2,1
0.000138,0.3493,0.7507,2391.3,0
0.027076,0.116,0.1609,1183.4,1
0.069256,0.072,0.1291,1081.6,1
0.00154,0.3842,0.8296,3042.6,0
0.002107,0.2685,0.6455,3361.1,0
0.000538,0.4478,0.8759,2817.2,0
0.000697,0.4511,0.8761,2958.0,0
0.104583,0.1245,0.1054,1340.9,1
0.020379,0.1238,0.0376,1120.1,1
0.00146,0.2245,0.8922,2959.4,0
0.028043,0.1568,0.1649,1412.1,1
0.062896,0.0804,0.1025,911.2,1
0.001151,0.392,0.8882,2464.3,0
0.000338,0.3979,0.6866,2984.7,0
0.063362,0.1726,0.0478,1291.2,1
0.030892,0.1298,0.4946,1695.3,1
0.01628,0.0854,0.1684,1007.8,1
0.065061,0.1663,0.0227,1109.6,1
0.000303,0.3583,0.6278,2530.5,0
0.030831,0.1243,0.5745,994.3,1
0.047046,0.1741,0.1606,1227.1,1
0.034705,0.1492,0.0423,1440.4,1
0.000113,0.3406,0.6802,3374.1,0
0.000622,0.3407,0.7788,2252.4,0
0.00047,0.3758,0.7547,3325.4,0
0.024166,0.1366,0.1166,1098.7,1
0.000789,0.4247,0.7275,2360.7,0
0.058612,0.0771,0.2787,1619.9,1
0.000976,0.4246,0.7366,1892.3,0
0.001096,0.266,0.6373,2325.7,0
0.042303,0.1321,0.2976,1026.3,1
0.040454,0.06,0.2576,1485.6,1
0.041624,0.104,0.0928,1358.7,1
0.000182,0.258,0.8403,3271.0,0
0.037787,0.1436,0.5197,974.6,1
0.003045,0.3701,0.5453,2923.7,0
0.001344,0.3838,0.6112,2628.6,0
0.063346,0.1254,0.1885,1691.0,1
0.000389,0.4159,0.5737,3444.6,0
0.001512,0.4301,0.9515,2815.5,0
0.116599,0.01,0.0732,1218.1,1
0.051409,0.2008,0.2602,1119.6,1
0.022399,0.1388,0.2372,1388.7,1
0.000314,0.3095,0.8795,3002.4,0
0.000543,0.2546,0.8818,3106.8,0
0.001384,0.4472,0.9472,2386.9,0
0.015621,0.1014,0.0901,1064.0,1
0.035804,0.19,0.196,1146.6,1
0.056356,0.1089,0.1446,1291.1,1
0.000508,0.5,0.8607,2816.5,0
0.037072,0.185,0.2762,883.7,1
0.00181,0.3236,0.607,2142.7,0
0.054331,0.1205,0.0875,911.2,1
0.013782,0.0736,0.1302,1204.2,1
0.026925,0.1881,0.1886,1052.1,1
0.044445,0.0934,0.3278,1515.9,1
0.023867,0.114,0.2557,1432.5,1
0.026692,0.01,0.1352,1163.2,1
0.043295,0.114,0.3943,1610.8,1
0.001986,0.3335,0.8897,3682.1,0
0.038783,0.1054,0.0412,955.6,1
0.000964,0.2738,0.4852,2810.0,0
0.012168,0.1391,0.3497,1200.5,1
0.063319,0.0535,0.0602,1105.7,1
0.030449,0.062,0.1424,973.0,1
0.000554,0.2704,0.7081,2703.8,0
0.000521,0.3141,0.5538,3140.2,0
0.103459,0.1183,0.1416,1143.4,1
0.034027,0.1304,0.1805,1080.3,1
0.028315,0.0965,0.1785,1125.9,1
0.000537,0.3606,0.7049,3290.0,0
0.070587,0.1508,0.1489,1461.3,1
0.034131,0.1631,0.3288,1081.3,1
0.001651,0.4031,0.8218,3361.2,0
0.001947,0.4763,0.7102,3151.6,0
0.022381,0.1315,0.0862,1218.7,1
0.047922,0.0698,0.4589,812.3,1
0.030571,0.1001,0.0255,1497.0,1
0.044382,0.095,0.0271,961.5,1
0.048366,0.1225,0.1161,914.4,1
0.053237,0.1472,0.0775,1462.8,1
0.001156,0.2837,0.8532,2435.6,0
0.000614,0.1932,0.835,2801.4,0
0.019685,0.1642,0.5433,1427.6,1
0.034527,0.0886,0.0379,1241.8,1
0.033905,0.0905,0.2605,1241.2,1
0.036613,0.1426,0.0485,1093.4,1
0.001728,0.3406,0.9299,2742.5,0
0.037988,0.1208,0.4775,1577.5,1
0.00375,0.428,0.5829,2821.9,0
0.001888,0.2935,0.485,3139.4,0
0.048409,0.1112,0.0241,1014.0,1
0.026056,0.1243,0.0378,1760.2,1
0.038409,0.2014,0.3787,1025.1,1
0.001397,0.4437,0.9196,3300.2,0
0.020315,0.1536,0.06,806.0,1
0.000361,0.3909,0.8145,2772.9,0
0.000915,0.273,0.5986,3141.9,0
0.085937,0.1539,0.2001,1076.9,1
0.045411,0.1688,0.0787,861.3,1
0.039798,0.17,0.2122,877.5,1
0.000445,0.3724,0.4838,2782.4,0
0.029117,0.1418,0.1751,660.4,1
0.001361,0.2517,0.8239,3337.9,0
0.029282,0.1909,0.1892,1707.0,1
0.001009,0.4769,0.7926,2820.6,0
0.001053,0.2918,0.7714,3394.1,0
0.055035,0.1357,0.4511,1215.1,1
0.047012,0.1159,0.1416,1682.7,1
0.002871,0.4665,0.707,3015.6,0
0.000753,0.2567,0.9456,3145.7,0
0.031518,0.1236,0.2502,1284.4,1
0.000528,0.3973,0.9513,3148.6,0
0.00024,0.2635,0.8754,3163.6,0
0.000552,0.29,0.7068,2890.9,0
0.001037,0.4742,0.7826,2515.9,0
0.012871,0.0307,0.0957,1547.4,1
0.019327,0.1115,0.0855,823.4,1
0.029179,0.1211,0.3841,1244.2,1
0.032849,0.1431,0.2076,1012.9,1
0.092651,0.1127,0.3701,1297.1,1
0.000727,0.2966,0.9663,2803.5,0
0.000385,0.4563,0.6249,2665.0,0
0.000104,0.3603,0.8735,3194.6,0
0.000127,0.3391,0.796,2121.3,0
0.058065,0.1418,0.1818,1035.0,1
0.031528,0.1485,0.1715,1122.2,1
0.000123,0.386,0.7339,2533.3,0
0.01388,0.1858,0.1802,1218.0,1
0.014005,0.1004,0.1481,1368.1,1
0.054623,0.0798,0.524,1789.9,1
0.023357,0.1167,0.3461,1137.2,1
0.03166,0.1108,0.4604,1234.8,1
0.016715,0.1152,0.1748,1425.0,1
0.069463,0.1892,0.2729,1343.0,1
0.037583,0.0923,0.0685,1348.2,1
0.000985,0.1927,0.7109,2269.1,0
0.000114,0.4336,0.8221,3329.8,0
0.048917,0.1863,0.195,1474.5,1
0.000441,0.4579,0.6842,2924.6,0
0.000485,0.3291,0.8971,2258.9,0
0.020903,0.0731,0.1704,911.1,1
0.003434,0.2681,0.7741,2175.8,0
0.145979,0.0891,0.1897,1063.5,1
0.064355,0.0814,0.181,1215.6,1
0.118231,0.1294,0.2956,1396.7,1
0.032993,0.0754,0.1234,1066.0,1
0.001036,0.2952,0.8235,1984.1,0
0.049846,0.1666,0.3602,1323.7,1
0.044766,0.1779,0.3155,1550.5,1
0.038486,0.0664,0.4103,1811.1,1
0.001832,0.402,0.8137,2427.4,0
0.002105,0.3496,0.6827,2974.7,0
0.034095,0.1002,0.2274,1024.0,1
0.000882,0.4568,0.7987,2175.0,0
0.034709,0.1311,0.2334,1637.2,1
0.000187,0.2821,0.563,3409.3,0
0.002754,0.4518,0.8086,2317.6,0
0.000834,0.4691,0.7994,3510.8,0
0.001137,0.1565,0.9011,3353.9,0
0.047739,0.0942,0.0448,1548.8,1
0.04422,0.0812,0.2992,1235.6,1
0.000229,0.3695,0.8385,2195.7,0
0.091206,0.0786,0.3222,1394.3,1
0.000778,0.5,0.8388,2826.4,0
0.054077,0.1283,0.111,1409.2,1
0.000863,0.361,0.7683,2866.3,0
0.043362,0.1379,0.1148,1246.9,1
0.046271,0.0949,0.0892,1196.8,1
0.01345,0.1398,0.3614,1023.0,1
0.035895,0.0924,0.1542,1548.9,1
0.036202,0.1238,0.449,935.7,1
0.10222,0.1183,0.0646,1216.4,1
0.031955,0.0983,0.0327,1322.3,1
0.090328,0.109,0.2771,545.9,1
0.038442,0.0975,0.0307,1031.7,1
0.000316,0.4413,0.7688,3033.3,0
0.013905,0.0955,0.0626,1410.6,1
0.000693,0.4522,0.8049,3481.3,0
0.024048,0.0468,0.2576,1508.2,1
0.014918,0.0959,0.2333,1354.1,1
0.053871,0.1422,0.3966,1566.2,1
0.000138,0.409,0.6505,2264.5,0
0.000142,0.2372,0.9034,2823.5,0
0.038248,0.119,0.0946,1586.4,1
0.025394,0.1288,0.425,1025.8,1
0.001602,0.3128,0.8427,3297.9,0
0.000733,0.2705,0.6538,2583.6,0
0.056432,0.1629,0.062,1067.4,1
0.064869,0.0891,0.0832,1029.4,1
0.000272,0.3083,0.7787,2370.7,0
0.003822,0.4159,0.8562,2256.7,0
0.000609,0.4291,0.7604,2876.0,0
0.039833,0.0749,0.144,1168.0,1
0.001321,0.2896,0.7391,2523.1,0
0.00103,0.3107,0.5088,2436.8,0
0.003053,0.4283,0.9117,2541.2,0
0.000362,0.303,0.5182,2586.8,0
0.027583,0.1159,0.2201,1447.3,1
0.0021,0.3588,0.7897,1853.3,0
0.000902,0.381,0.8071,2374.2,0
0.03469,0.1329,0.3084,1445.2,1
0.000334,0.4633,0.9299,2487.5,0
0.001498,0.3804,0.3571,3394.9,0
0.040666,0.1271,0.0933,1020.3,1
0.047622,0.1353,0.0871,1412.6,1
0.039605,0.1241,0.2785,1125.1,1
0.024141,0.1323,0.232,1598.9,1
0.023135,0.1322,0.4876,1056.5,1
0.000964,0.2845,0.8156,2844.8,0
0.062222,0.133,0.2862,798.8,1
0.040176,0.1739,0.3659,1660.2,1
0.025829,0.1658,0.5278,1393.3,1
0.041794,0.116,0.2397,1423.6,1
0.000223,0.3323,0.969,2978.4,0
0.024282,0.1645,0.3001,769.0,1
0.103234,0.2001,0.2699,1019.5,1
0.060432,0.119,0.0746,1038.4,1
0.0012,0.3647,0.7618,3188.8,0
0.000781,0.3074,0.904,3677.3,0
0.001495,0.3466,0.929,2998.3,0
0.043835,0.0506,0.0949,1329.1,1
0.000557,0.3991,0.5941,1454.5,0
0.002294,0.3645,0.6786,2696.1,0
0.049747,0.0894,0.147,1363.1,1
0.002648,0.2882,0.8993,2399.4,0
0.037959,0.1382,0.0737,1231.6,1
0.001266,0.3453,0.6642,2769.3,0
0.026111,0.1022,0.1067,1033.2,1
0.122462,0.1468,0.0884,1137.0,1
0.060975,0.1847,0.1901,1059.6,1
0.033919,0.1028,0.3062,1426.8,1
0.002646,0.4013,0.9428,2957.0,0
0.000911,0.336,0.7203,2658.1,0
0.000219,0.374,0.6552,3203.2,0
0.012589,0.0839,0.4049,1445.9,1
0.049234,0.1041,0.1011,1358.5,1
0.03867,0.171,0.4153,1174.0,1
0.070552,0.1598,0.1921,1403.4,1
0.000225,0.3017,0.9626,2395.4,0
0.070617,0.1853,0.443,1696.6,1
0.075198,0.105,0.2042,959.7,1
0.000826,0.3161,0.7105,2303.5,0
0.065164,0.1215,0.4513,1300.5,1
0.001184,0.3788,0.7853,3276.6,0
0.036533,0.08,0.1299,1464.5,1
0.06991,0.1016,0.1483,868.8,1
0.000136,0.4997,0.7433,2929.9,0
0.0021,0.3607,0.5966,3102.2,0
0.000476,0.3975,0.7761,2281.2,0
0.032979,0.0907,0.3091,1205.0,1
0.065681,0.1424,0.4761,1833.0,1
0.001992,0.3095,0.8722,2055.7,0
0.029388,0.1111,0.2289,966.2,1
0.039473,0.0558,0.0814,1152.0,1
0.001256,0.3524,0.7216,2090.1,0
0.003421,0.357,0.8197,3554.1,0
0.028847,0.1233,0.4896,1415.8,1
0.117216,0.1665,0.1383,1396.3,1
0.000834,0.3383,0.9234,2809.9,0
0.003788,0.4367,0.8985,3407.9,0
0.000851,0.315,0.7089,2495.5,0
0.038835,0.147,0.2131,1558.1,1
0.000584,0.4029,0.7927,2737.0,0
0.003512,0.1706,0.6942,3148.5,0
0.100487,0.0487,0.0391,1560.4,1
0.055352,0.1253,0.1032,1561.3,1
0.000364,0.3711,0.706,2467.2,0
0.00092,0.2739,0.7818,2364.2,0
0.044142,0.148,0.0745,1097.3,1
0.000375,0.2734,0.6034,3104.7,0
0.002359,0.3624,0.8399,2622.5,0
0.057435,0.1087,0.1954,1432.9,1
0.000432,0.39,0.9581,3480.4,0
0.042368,0.0838,0.1697,1280.7,1
0.050886,0.1077,0.188,1358.7,1
0.001468,0.3019,0.6986,2981.1,0
0.001158,0.2724,0.9022,2792.8,0
0.021464,0.1291,0.3269,1047.8,1
0.05723,0.1169,0.1544,817.5,1
0.017538,0.1259,0.3112,1590.6,1
0.02229,0.0817,0.4546,1478.9,1
0.000784,0.3312,0.3642,2011.0,0
0.044242,0.1622,0.0276,1288.9,1
0.000123,0.3364,0.7558,2236.7,0
0.032342,0.1304,0.3773,1244.1,1
0.00039,0.4973,0.6704,3277.5,0
0.000305,0.2123,0.5278,2567.4,0
0.07105,0.1607,0.0862,1177.8,1
0.062105,0.1242,0.4795,1203.9,1
0.004926,0.2924,0.9194,3250.8,0
0.002139,0.4283,0.9618,3339.3,0
0.037241,0.1299,0.0533,1054.1,1
0.036699,0.096,0.1444,1042.7,1
0.000913,0.4166,0.8423,2646.3,0
0.001769,0.3732,0.9137,3547.1,0
0.001963,0.4636,0.9524,2524.5,0
0.068862,0.1651,0.4496,871.3,1
0.079609,0.1574,0.2808,1582.9,1
0.056096,0.0945,0.2632,986.9,1
0.016032,0.1225,0.1356,1439.5,1
0.001248,0.3621,0.8936,2374.9,0
0.05625,0.0791,0.2539,1287.8,1
0.063429,0.1518,0.2661,1652.5,1
0.000972,0.3724,0.8869,2981.0,0
0.002341,0.2722,0.6631,2500.8,0
0.03481,0.1488,0.3168,1468.7,1
0.025025,0.1171,0.2794,1443.9,1
0.001619,0.3411,0.6564,2825.2,0
0.037526,0.161,0.0522,1105.9,1
0.05529,0.1216,0.0975,780.3,1
0.001038,0.5,0.8604,2698.1,0
0.000645,0.3626,0.7219,3427.4,0
0.002926,0.3184,0.9133,2592.3,0
0.01777,0.1038,0.1419,1037.6,1
0.000798,0.3681,0.6558,1956.6,0
0.000874,0.3381,0.8267,2868.0,0
0.071389,0.0765,0.1516,1804.8,1
0.018589,0.0773,0.0223,1748.4,1
0.000311,0.3062,0.985,2949.6,0
0.001474,0.373,0.5552,3546.3,0
0.011358,0.1785,0.0869,1321.8,1
0.043266,0.1862,0.0215,1545.3,1
0.017162,0.1471,0.4057,1373.0,1
0.001051,0.4401,0.9769,2475.9,0
0.026401,0.1324,0.2273,1184.3,1
0.011477,0.1078,0.3133,1365.5,1
0.051003,0.1376,0.33,1214.7,1
0.036734,0.0944,0.3537,974.6,1
0.001984,0.3232,0.8735,3094.8,0
0.002752,0.3844,0.8557,2850.6,0
0.011873,0.1305,0.1532,1437.6,1
0.032717,0.1353,0.0604,974.0,1
0.065333,0.1463,0.2879,1530.8,1
0.000225,0.3804,0.7429,3129.3,0
0.050097,0.1314,0.1517,1251.1,1
0.077057,0.1179,0.2148,1546.3,1
0.000587,0.3741,0.8358,3141.0,0
0.002725,0.3234,0.64,2963.5,0
0.014374,0.1007,0.2144,722.2,1
0.12138,0.1453,0.2584,1144.0,1
0.024491,0.1691,0.0843,1223.5,1
0.049563,0.1348,0.1887,1133.2,1
0.001253,0.3914,0.8382,2840.1,0
0.000666,0.3996,0.9588,3580.8,0
0.048885,0.0512,0.0923,1579.8,1
0.042797,0.1592,0.366,1206.8,1
0.029919,0.0727,0.0436,1200.8,1
0.026286,0.0845,0.2939,1636.0,1
0.00054,0.2338,0.8563,3526.0,0
0.034989,0.131,0.1673,1201.2,1
0.001239,0.378,0.8975,2909.1,0
0.000715,0.3178,0.8911,3276.6,0
0.001002,0.3335,0.8668,2970.9,0
0.001006,0.3136,0.757,3354.4,0
0.000567,0.5,0.9914,3089.7,0
0.002818,0.3588,0.8433,3057.7,0
0.00322,0.3657,0.6138,2236.3,0
0.000972,0.31,0.6737,3092.7,0
0.055943,0.1701,0.0959,1217.4,1
0.000776,0.3569,0.8523,2818.2,0
0.000304,0.2281,0.8051,3034.8,0
0.039209,0.1188,0.2227,1434.0,1
0.018703,0.1213,0.3459,938.4,1
0.024668,0.0683,0.2007,889.5,1
0.000184,0.3056,0.6304,2360.8,0
0.028212,0.1131,0.009,959.9,1
0.000317,0.3966,0.8879,3135.4,0
0.001181,0.2475,0.8414,3146.8,0
0.002588,0.3865,0.6134,2263.7,0
0.045812,0.1494,0.1146,1209.7,1
0.002823,0.278,0.8937,2579.0,0
0.000592,0.4671,0.729,2622.4,0
0.003332,0.2847,0.9317,2720.5,0
0.032651,0.1353,0.0861,1634.9,1
0.112661,0.1501,0.2791,856.0,1
0.001878,0.2729,0.4432,2664.3,0
0.019439,0.0885,0.228,1500.8,1
0.015991,0.1657,0.3624,1514.2,1
0.014196,0.1075,0.2697,1415.1,1
0.00027,0.3211,0.8093,3563.7,0
0.042239,0.1376,0.4745,1207.5,1
0.000696,0.2967,0.8691,2930.2,0
0.0783,0.052,0.1377,1130.1,1
0.000503,0.3933,0.8345,2231.3,0
0.003562,0.3561,0.9258,3259.7,0
0.000151,0.3285,0.8936,3007.0,0
0.071346,0.1437,0.0578,1394.0,1
0.001309,0.3885,0.8519,3467.7,0
0.034461,0.0504,0.1989,1708.1,1
0.001687,0.4567,0.9316,3633.4,0
0.014145,0.1523,0.527,1483.6,1
0.018936,0.1399,0.1489,1390.7,1
0.024258,0.1294,0.2311,1198.8,1
0.022577,0.1377,0.1584,1101.5,1
0.009865,0.163,0.2976,1362.3,1
0.000522,0.3684,0.8217,3031.3,0
0.051876,0.1332,0.1548,1174.4,1
0.001405,0.3658,0.6201,2303.2,0
0.058214,0.1206,0.1463,1418.4,1
0.068643,0.124,0.3282,1003.6,1
0.00098,0.4197,0.7634,2769.4,0
0.000261,0.3253,0.5595,2224.6,0
0.012311,0.1158,0.3872,1640.3,1
0.012142,0.1316,0.0323,1252.1,1
0.040613,0.1155,0.1005,1381.4,1
0.021686,0.1255,0.0643,1033.8,1
0.03942,0.0783,0.4078,1055.2,1
0.01782,0.1393,0.247,1472.8,1
0.000243,0.3021,0.8729,2499.2,0
0.002141,0.3729,0.7973,2384.3,0
0.032293,0.1301,0.4106,1122.5,1
0.034059,0.1318,0.2064,1067.5,1
0.00633,0.1352,0.3273,1457.3,1
0.0003,0.3856,0.863,3015.5,0
0.000775,0.2814,0.7469,2741.9,0
0.003091,0.3667,0.9121,2799.8,0
0.000497,0.4412,0.8247,2877.9,0
0.001047,0.2655,0.5439,2530.4,0
0.052615,0.1401,0.3232,1256.5,1
0.001094,0.272,0.6648,2812.3,0
0.012202,0.105,0.3008,671.2,1
0.004793,0.3477,0.8951,3096.7,0
0.010942,0.1607,0.0681,1090.9,1
0.000841,0.2975,0.8024,2827.4,0
0.001693,0.3679,0.8263,2000.4,0
0.000101,0.2793,0.812,3086.0,0
0.073706,0.1366,0.1419,1640.4,1
0.028432,0.0846,0.1871,1675.8,1
0.02841,0.1481,0.0462,1095.8,1
0.00042,0.2564,0.6608,2767.1,0
0.044525,0.1191,0.1,1121.4,1
0.002325,0.3167,0.7059,2978.5,0
0.00034,0.4101,0.4912,2707.3,0
0.016231,0.089,0.2237,1120.0,1
0.093122,0.1232,0.2112,1449.6,1
0.000997,0.364,0.8076,2917.9,0
0.002118,0.4393,0.9814,2748.0,0
0.038427,0.0657,0.1383,1249.1,1
0.001491,0.3891,0.901,2571.3,0
0.001014,0.489,0.5018,2554.0,0
0.045084,0.1685,0.0451,1307.2,1
0.033631,0.1148,0.0698,1713.6,1
0.028045,0.1374,0.1079,1136.3,1
0.031226,0.1262,0.0988,1163.5,1
0.041503,0.0995,0.2306,1126.5,1
0.00049,0.4619,0.8945,2442.9,0
0.055162,0.1133,0.3251,1341.6,1
0.000651,0.3361,0.6984,3058.3,0
0.00358,0.2858,0.4667,3292.4,0
0.018035,0.1137,0.1157,1356.8,1
0.000134,0.3363,0.6213,2769.0,0
0.002177,0.3629,0.7579,2716.0,0
0.000738,0.3218,0.7219,3169.9,0
0.000554,0.399,0.9107,2595.1,0
0.033411,0.0267,0.1713,1287.3,1
0.035244,0.1525,0.0288,962.9,1
0.045757,0.0885,0.3709,1112.2,1
0.001169,0.3169,0.8814,2014.6,0
0.000952,0.4541,0.8361,3275.6,0
0.000255,0.4127,0.5684,3309.4,0
0.000397,0.4195,0.8027,2862.1,0
0.001939,0.3992,0.8611,3498.7,0
0.034663,0.1163,0.1004,1225.2,1
0.06511,0.1167,0.1858,1287.1,1
0.034939,0.0622,0.1207,1423.8,1
0.000108,0.3906,0.7941,3213.6,0
0.014695,0.1205,0.2873,1374.7,1
0.000156,0.2509,0.8743,3373.1,0
0.000758,0.2179,0.6052,2533.2,0
0.057553,0.1209,0.551,860.9,1
0.021976,0.0441,0.3755,1620.1,1
0.001982,0.3434,0.9379,2814.8,0
0.001319,0.3414,0.7411,3363.8,0
0.000234,0.4717,0.5695,2961.3,0
0.092261,0.119,0.3306,1149.1,1
0.031817,0.1534,0.1492,1440.3,1
0.008352,0.0811,0.2689,1060.8,1
0.000254,0.3339,0.5993,3046.3,0
0.000598,0.3897,0.8117,3043.3,0
0.081067,0.1029,0.2273,1082.7,1
0.038552,0.1457,0.119,1177.8,1
0.000266,0.449,0.5218,2422.8,0
0.046108,0.1692,0.1711,1299.1,1
0.038207,0.1098,0.0928,1010.0,1
0.033077,0.1579,0.3574,1410.7,1
0.030022,0.1501,0.3583,878.5,1
0.062591,0.1622,0.1854,974.4,1
0.037542,0.1442,0.1651,1232.1,1
0.036173,0.1609,0.2185,1252.2,1
0.001083,0.3378,0.8736,3108.2,0
0.000397,0.3764,0.5708,3141.7,0
0.00158,0.3933,0.8522,2549.6,0
0.024553,0.1052,0.1081,1079.1,1
0.00019,0.3306,0.7876,3738.5,0
0.035443,0.0569,0.1514,1240.2,1
0.000942,0.3963,0.7922,1797.7,0
0.000513,0.4346,0.5916,2597.8,0
0.038338,0.0881,0.3124,1398.1,1
0.000324,0.36,0.902,2391.1,0
0.00062,0.2962,0.8284,2135.6,0
0.000323,0.4803,0.9625,3351.5,0
0.030095,0.1183,0.2254,1157.9,1
0.001346,0.2621,0.8905,2586.7,0
0.011693,0.139,0.0569,1161.6,1
0.034446,0.1466,0.0954,981.7,1
0.001268,0.4035,0.7545,2987.9,0
0.001038,0.4502,0.9037,2753.1,0
0.004333,0.3313,0.835,2501.1,0
0.045959,0.0972,0.4846,835.5,1
0.00041,0.3188,0.4915,2553.8,0
0.000235,0.3552,0.8154,2816.4,0
0.079288,0.1467,0.4495,1055.6,1
0.019342,0.2012,0.1637,1283.5,1
0.000415,0.3118,0.6935,3135.3,0
0.000759,0.3028,0.6463,3211.9,0
0.032166,0.1322,0.1143,877.0,1
0.05934,0.1597,0.1828,947.7,1
0.031989,0.1166,0.3104,1253.6,1
0.065769,0.1395,0.1794,1169.7,1
0.024814,0.1451,0.3246,1173.5,1
0.018922,0.1292,0.1567,983.6,1
0.042436,0.1267,0.3173,1103.8,1
0.001122,0.5,0.7378,3518.6,0
0.030811,0.1806,0.1036,1100.8,1
0.000195,0.3194,0.8643,2484.8,0
0.002562,0.3046,0.8468,2717.2,0
0.020654,0.0679,0.6073,1085.4,1
0.000451,0.2798,0.5817,3247.2,0
0.032748,0.0437,0.0358,1046.4,1
0.000122,0.4028,0.9441,2810.9,0
0.040574,0.0837,0.4187,1107.2,1
0.062965,0.1773,0.3364,1256.6,1
0.045686,0.1101,0.2283,1214.9,1
0.00515,0.3536,0.851,3258.2,0
0.000473,0.4462,0.8711,2604.7,0
0.072295,0.0694,0.0972,1177.0,1
0.000704,0.4188,0.7434,3141.9,0
0.065294,0.1227,0.3056,1243.3,1
0.013572,0.0916,0.158,902.5,1
0.000799,0.3661,0.8996,2204.0,0
0.000398,0.3775,0.7586,2885.3,0
0.003118,0.2255,0.6586,2332.7,0
0.03084,0.096,0.1657,1248.0,1
0.000421,0.4424,0.8745,3535.9,0
0.002336,0.3498,0.7053,2344.9,0
0.000754,0.3589,0.7317,2301.1,0
0.029941,0.0844,0.0784,1093.2,1
0.001155,0.4365,0.7746,2985.9,0
0.000174,0.269,0.7882,3188.7,0
0.068978,0.1246,0.0549,1484.4,1
0.016905,0.1269,0.3588,1485.2,1
0.016365,0.0914,0.1899,998.5,1
0.000579,0.4318,0.8157,3273.7,0
0.001246,0.305,0.9492,2915.4,0
0.100452,0.1546,0.0147,1296.6,1
0.001421,0.3411,0.7713,2256.7,0
0.062816,0.1351,0.0998,1424.4,1
0.042716,0.0302,0.3227,810.2,1
0.000426,0.3075,0.3799,2779.8,0
0.021597,0.1615,0.1949,1453.9,1
0.023353,0.0973,0.098,919.7,1
0.000495,0.3554,0.8228,3142.6,0
0.036588,0.1575,0.1998,1437.6,1
0.001678,0.3183,0.7677,2613.1,0
0.001109,0.3342,0.5985,3093.0,0
0.000683,0.4066,0.7533,2859.0,0
0.018986,0.1264,0.2092,1332.0,1
0.020673,0.1661,0.1772,1679.1,1
0.024955,0.1057,0.0522,865.5,1
0.002735,0.2853,0.8131,3004.0,0
0.019853,0.1295,0.2868,1279.3,1
0.001734,0.3183,0.8732,2791.4,0
0.086463,0.1465,0.2337,1054.3,1
0.000306,0.408,0.9124,3203.1,0
0.000615,0.338,0.8245,2739.3,0
0.00035,0.5,0.8984,3155.3,0
0.01799,0.1192,0.2971,1110.9,1
0.000373,0.3877,0.8245,3614.3,0
0.02566,0.1052,0.2684,1614.7,1
0.000212,0.2903,0.721,2002.6,0
0.003695,0.4089,0.4958,2226.4,0
0.039649,0.1436,0.0724,1034.6,1
0.022553,0.1434,0.4627,1148.8,1
0.052701,0.1326,0.3474,1465.4,1
0.002817,0.3451,0.9221,3366.5,0
0.000255,0.3059,0.4773,3112.9,0
0.001298,0.351,0.6148,2584.0,0
0.042123,0.0669,0.128,1205.4,1
0.01953,0.1291,0.355,1106.4,1
0.018339,0.1123,0.1747,1128.4,1
0.090244,0.1364,0.3189,1459.6,1
0.000476,0.3453,0.5842,3338.0,0
0.064023,0.0675,0.2919,1568.7,1
0.031342,0.1406,0.0963,667.8,1
0.018266,0.0859,0.2519,911.6,1
0.002183,0.2646,0.7653,3214.1,0
0.000111,0.3633,0.7138,2923.8,0
0.00128,0.3622,0.7796,2371.8,0
0.001564,0.3583,0.7311,3035.4,0
0.000939,0.4216,0.9819,2736.4,0
0.001412,0.3048,0.9818,2870.4,0
0.017881,0.1741,0.1465,1065.0,1
0.000708,0.3261,0.9086,3025.2,0
0.000582,0.1914,0.7198,3014.9,0
0.002936,0.2968,0.7191,3168.5,0
0.023431,0.1134,0.2253,1350.0,1
0.043397,0.1109,0.263,1475.4,1
0.042594,0.1527,0.2615,1155.1,1
0.000694,0.3772,0.8709,3148.0,0
0.044326,0.0842,0.032,815.1,1
0.001519,0.363,0.7746,2750.2,0
0.001202,0.3569,0.8001,2903.4,0
0.000823,0.5,0.7616,2928.6,0
0.001241,0.2277,0.7747,1812.6,0
0.000124,0.2624,0.5604,2480.6,0
0.045114,0.072,0.0721,1235.4,1
0.036079,0.0522,0.2195,1207.8,1
0.001168,0.3732,0.9127,2781.1,0
0.027642,0.142,0.1876,1199.6,1
0.000222,0.3901,0.8254,2442.5,0
0.000136,0.5,0.445,2311.7,0
0.009451,0.0877,0.3675,1072.8,1
0.011771,0.088,0.0416,1377.5,1
0.000549,0.3359,0.5926,3545.4,0
0.00165,0.3759,0.6505,1766.1,0
0.034434,0.1392,0.1836,1892.8,1
0.074187,0.1522,0.0778,1311.2,1
0.030912,0.1259,0.2179,984.5,1
0.000108,0.3155,0.5732,3168.8,0
0.000399,0.3901,0.8139,2134.5,0
0.000215,0.214,0.6759,3115.3,0
0.001186,0.4034,0.723,2414.9,0
0.019772,0.0512,0.1196,1029.2,1
0.022606,0.1509,0.1883,1042.6,1
0.000536,0.192,0.7789,2031.1,0
0.064929,0.1314,0.1396,1083.2,1
0.032262,0.1693,0.3978,1529.1,1
0.002809,0.2403,0.5262,2970.4,0
0.058756,0.0827,0.2408,1211.5,1
0.058509,0.1375,0.1777,1532.7,1
0.008565,0.0935,0.0618,524.9,1
0.001586,0.4101,0.8802,2711.8,0
0.069701,0.0957,0.1889,1384.2,1
0.031192,0.0948,0.0458,1016.8,1
0.002314,0.3148,0.8266,2848.4,0
0.002381,0.5,0.735,2939.7,0
0.017233,0.1071,0.3213,1278.4,1
0.002141,0.3647,0.8055,2910.6,0
0.030997,0.1073,0.0836,1332.4,1
0.012901,0.0655,0.2669,1271.9,1
0.000499,0.3124,0.8205,2376.6,0
0.000246,0.3851,0.6614,2313.0,0
0.075791,0.1146,0.2169,1178.6,1
0.004317,0.4143,0.8177,2334.4,0
0.019588,0.0666,0.2711,522.5,1
0.013529,0.1167,0.0547,1268.0,1
0.059175,0.1744,0.321,1333.6,1
0.018502,0.1732,0.2383,1501.5,1
0.12094,0.0882,0.3358,1189.3,1
0.000632,0.3799,0.7031,3315.8,0
0.036292,0.126,0.3342,1385.8,1
0.029685,0.0267,0.4945,1317.4,1
0.000393,0.3898,0.6815,2269.5,0
0.000737,0.4364,0.9318,2795.9,0
0.108366,0.112,0.1654,865.4,1
0.000191,0.2646,0.9301,2627.0,0
0.045927,0.056,0.4576,1359.2,1
0.047924,0.0699,0.0135,1539.3,1
0.000875,0.2927,0.6482,2793.6,0
0.043745,0.0907,0.2431,973.2,1
0.00037,0.3844,0.6445,2781.1,0
0.001994,0.4653,0.7922,3118.2,0
0.047213,0.163,0.4812,1067.8,1
0.000312,0.3162,0.606,2890.6,0
0.026744,0.2081,0.0935,1330.2,1
0.044918,0.1432,0.0449,1255.5,1
0.032858,0.0424,0.0521,1559.4,1
0.000497,0.4474,0.6604,2773.9,0
0.001159,0.412,0.6759,3789.0,0
0.038239,0.1525,0.3548,1096.9,1
0.055392,0.1196,0.0413,945.2,1
0.03784,0.1076,0.0726,1037.9,1
0.061074,0.1111,0.203,1399.2,1
0.003543,0.3523,0.8369,3027.4,0
0.000141,0.3504,0.3655,2367.7,0
0.040498,0.0748,0.0317,1417.7,1
0.000211,0.3815,0.7594,2085.8,0
0.001241,0.3648,0.8372,2580.2,0
0.084604,0.157,0.0924,1416.5,1
0.000115,0.3998,0.7573,2242.0,0
0.0016,0.3411,0.8377,3227.5,0
0.000177,0.2645,0.8889,2872.7,0
0.016344,0.1182,0.153,1513.9,1
0.077947,0.1143,0.4825,919.4,1
0.073506,0.1661,0.3386,1556.5,1
0.049831,0.1506,0.0918,1454.7,1
0.000923,0.315,0.8745,2793.3,0
0.053348,0.1732,0.1192,1529.8,1
0.000702,0.3492,0.9627,2722.3,0
0.002686,0.4328,0.6526,2654.5,0
0.014272,0.1023,0.3906,1133.6,1
0.029182,0.1035,0.1164,916.3,1
0.000414,0.2966,0.8062,2959.2,0
0.00067,0.267,0.5875,2056.3,0
0.047769,0.1245,0.4253,949.4,1
0.000455,0.3788,0.7969,3219.9,0
0.0002,0.4398,0.8855,2155.2,0
0.000235,0.4096,0.9205,2462.6,0
0.000299,0.3101,0.8261,2564.6,0
0.040432,0.1411,0.2294,904.4,1
0.000377,0.352,0.8256,3394.1,0
0.000395,0.4311,0.699,2832.4,0
0.033223,0.1387,0.1043,1505.7,1
0.047504,0.1838,0.1383,1248.6,1
0.000469,0.4475,0.7748,2532.2,0
0.002478,0.2401,0.7627,2520.2,0
0.000906,0.3691,0.8495,2793.3,0
0.052922,0.1425,0.2723,935.9,1
0.074029,0.1366,0.2086,1605.1,1
0.090354,0.066,0.1153,1249.2,1
0.021099,0.1721,0.6093,1318.8,1
0.062934,0.1551,0.4168,1403.6,1
0.035951,0.131,0.6712,1381.5,1
0.073393,0.0204,0.2554,1036.3,1
0.001793,0.3927,0.7222,2063.3,0
0.050066,0.1869,0.2026,1279.4,1
0.005499,0.3762,0.6946,2591.5,0
0.001583,0.3859,0.7803,2680.1,0
0.039336,0.1005,0.1789,1322.9,1
0.000268,0.4191,0.4829,2692.0,0
0.023597,0.1595,0.1473,918.4,1
0.110113,0.0672,0.0696,1192.4,1
0.000391,0.3749,0.6023,3346.1,0
0.021164,0.1476,0.2737,1340.1,1
0.000579,0.3608,0.8182,2841.1,0
0.000699,0.3835,0.8946,3395.6,0
0.100152,0.0766,0.1893,1601.6,1
0.037239,0.1183,0.1962,879.3,1
0.073497,0.0853,0.2486,1087.2,1
0.000963,0.4879,0.7831,2994.4,0
0.044878,0.181,0.0906,1675.7,1
0.001871,0.3406,0.8873,3124.7,0
0.043769,0.1526,0.1502,1761.9,1
0.000726,0.3497,0.9143,3000.6,0
0.057166,0.0657,0.1169,1005.2,1
0.000797,0.3182,0.7562,3800.0,0
0.001384,0.394,0.824,2323.0,0
0.021004,0.1372,0.2644,1351.5,1
0.039794,0.1502,0.0602,1009.7,1
0.031932,0.0605,0.0376,1951.7,1
0.025317,0.1107,0.433,1262.9,1
0.017335,0.0625,0.4781,1140.9,1
0.009997,0.1017,0.2954,1307.9,1
0.001863,0.2253,0.8068,2970.6,0
0.074203,0.1357,0.2861,1463.1,1
0.001109,0.5,0.6676,3490.9,0
0.044415,0.1209,0.3963,1337.6,1
0.012302,0.1149,0.1138,875.9,1
0.022739,0.1309,0.2664,996.5,1
0.03068,0.0981,0.0194,1282.3,1
0.024298,0.1157,0.3737,1523.3,1
0.051418,0.1253,0.0393,1185.8,1
0.000229,0.3614,0.965,2747.7,0
0.022271,0.1277,0.1027,1261.1,1
0.000456,0.2643,0.9514,2541.9,0
0.01172,0.0759,0.3827,1124.1,1
0.001609,0.3824,0.7183,3329.7,0
0.000105,0.3238,0.6663,3127.7,0
0.001483,0.4163,0.927,3223.3,0
0.001763,0.3539,0.9737,3488.9,0
0.030178,0.1112,0.1496,1361.9,1
0.001086,0.3543,0.9288,3278.3,0
0.060993,0.1805,0.264,1239.3,1
0.000657,0.3784,0.8558,2966.6,0
0.012656,0.1205,0.1273,1208.2,1
0.058082,0.1228,0.2058,1261.2,1
0.033625,0.1537,0.135,1059.7,1
0.016791,0.1439,0.1197,583.6,1
0.001831,0.3899,0.3839,3284.8,0
0.067523,0.0895,0.3791,1312.0,1
0.001249,0.3916,0.6844,2524.3,0
0.024051,0.122,0.1513,1090.1,1
0.032362,0.1408,0.1341,1179.1,1
0.000197,0.3985,0.8988,3243.9,0
0.028887,0.1427,0.0789,1052.5,1
0.051838,0.0701,0.0582,1174.9,1
0.00068,0.2979,0.6522,1550.2,0
0.00167,0.3866,0.4345,1881.8,0
0.001193,0.4155,0.7917,2857.5,0
0.026502,0.143,0.1401,1102.2,1
0.078403,0.1703,0.0603,1202.1,1
0.000567,0.3654,0.8621,2619.1,0
0.000132,0.4794,0.7238,3188.3,0
0.017662,0.0814,0.0752,1082.0,1
0.026156,0.1466,0.0901,1031.5,1
0.000458,0.316,0.7558,3129.2,0
0.000721,0.3804,0.6534,3059.8,0
0.051702,0.0858,0.0672,1280.8,1
0.001582,0.3781,0.7541,2732.7,0
0.000162,0.3658,0.9519,2433.6,0
0.031394,0.1639,0.3778,1400.8,1
0.016856,0.1349,0.016,1097.8,1
0.000142,0.2571,0.8072,2717.4,0
0.002021,0.2418,0.9634,2562.4,0
0.000769,0.3171,0.6845,3574.8,0
0.001015,0.3915,0.81,2490.0,0
0.086247,0.0914,0.0408,1213.4,1
0.001164,0.3069,0.9462,1735.6,0
0.041467,0.142,0.4438,941.3,1
0.009572,0.1062,0.1363,1437.4,1
0.00099,0.3735,0.9925,3800.0,0
0.000555,0.4127,0.9315,3100.6,0
0.064638,0.1499,0.2675,1373.2,1
0.039885,0.1301,0.2345,1037.6,1
0.09143,0.0449,0.0428,880.6,1
0.000543,0.3675,0.9166,2330.0,0
0.021846,0.0743,0.3791,1453.3,1
0.032669,0.1401,0.2542,1492.8,1
0.077057,0.1695,0.0781,1017.4,1
0.00029,0.1633,0.9378,2869.5,0
0.054216,0.1281,0.0562,1599.5,1
0.015321,0.151,0.3999,921.4,1
0.003415,0.4016,0.9631,2337.7,0
0.03588,0.1626,0.1056,1771.9,1
0.003274,0.3113,0.8586,2447.1,0
0.001448,0.3591,0.6415,2751.8,0
0.000188,0.4435,0.7691,3101.4,0
0.063251,0.1904,0.0644,1058.6,1
0.001304,0.1976,0.6582,3315.2,0
0.058411,0.0967,0.0833,1318.0,1
0.072744,0.1573,0.1101,1356.5,1
0.000237,0.275,0.8736,2028.2,0
0.018157,0.0892,0.1902,1264.2,1
0.05033,0.1193,0.0796,1432.4,1
0.015971,0.11,0.0383,1696.1,1
0.031501,0.1524,0.3114,1116.8,1
0.057674,0.1057,0.3843,1512.7,1
0.002486,0.2372,0.5645,2170.1,0
0.045102,0.1582,0.2563,1300.7,1
0.003687,0.29,0.8773,2879.3,0
0.036886,0.1265,0.1325,1446.7,1
0.000342,0.393,0.8541,2788.1,0
0.023638,0.1582,0.304,1641.5,1
0.013248,0.0986,0.1873,1507.6,1
0.058443,0.1213,0.3039,1756.1,1
0.00102,0.4259,0.7359,2560.8,0
0.003226,0.4069,0.9299,1915.3,0
0.042541,0.1138,0.2345,1182.3,1
0.032152,0.1225,0.2096,1100.2,1
0.000275,0.4071,0.3988,3087.6,0
0.035226,0.1409,0.2806,1195.2,1
0.050109,0.1338,0.1309,1035.7,1
0.001784,0.3506,0.7411,2701.8,0
0.049321,0.1948,0.1377,1310.1,1
0.047084,0.0557,0.449,1251.5,1
0.05813,0.0781,0.0643,1445.9,1
0.000125,0.39,0.6628,2782.6,0
0.024029,0.1267,0.226,1299.0,1
0.014533,0.1215,0.2778,1328.2,1
0.002707,0.2324,0.8971,2992.4,0
0.039174,0.1262,0.3802,1759.4,1
0.02989,0.1605,0.219,1489.8,1
0.047951,0.1219,0.3927,892.3,1
0.000469,0.2556,0.9539,2803.8,0
0.032252,0.1164,0.0454,1602.8,1
0.049232,0.0914,0.5597,1004.9,1
0.002551,0.3408,0.7984,3224.5,0
0.000732,0.3929,0.6035,3426.9,0
0.030378,0.0883,0.0242,1003.5,1
0.019326,0.1084,0.2041,911.5,1
0.006784,0.2673,0.8448,2803.5,0
0.054731,0.1312,0.3272,1174.9,1
0.000388,0.425,0.853,2955.2,0
0.033781,0.0598,0.1561,907.8,1
0.060246,0.1128,0.1893,1469.2,1
0.061783,0.1554,0.3768,1152.8,1
0.002565,0.3574,0.3971,2415.1,0
0.034156,0.114,0.154,981.3,1
0.000762,0.2929,0.8684,2565.1,0
0.001298,0.3571,0.9076,2319.1,0
0.082135,0.0963,0.2321,1469.1,1
0.03076,0.0784,0.1859,1535.4,1
0.000676,0.2744,0.826,2320.1,0
0.077787,0.0325,0.155,1412.4,1
0.033407,0.0932,0.2295,988.6,1
0.000462,0.3266,0.8759,2115.2,0
0.037707,0.1518,0.0248,1389.7,1
0.023552,0.0653,0.2564,1272.3,1
0.058882,0.1654,0.1818,1298.3,1
0.032208,0.1462,0.1467,1397.3,1
0.052608,0.1566,0.2504,1587.6,1
0.000974,0.2034,0.8837,2408.8,0
0.049306,0.1053,0.3657,1470.9,1
0.029225,0.0925,0.0594,1474.7,1
0.001761,0.3475,0.8403,2489.5,0
0.035174,0.1077,0.2838,795.7,1
0.040694,0.0917,0.0517,1388.7,1
0.031852,0.1076,0.1833,1240.9,1
0.001536,0.4092,0.8999,3472.3,0
0.005594,0.3393,0.825,2777.1,0
0.019028,0.0867,0.1822,1072.0,1
0.000257,0.3733,0.8999,1660.9,0
0.130586,0.0883,0.0647,958.7,1
0.000701,0.3741,0.8821,3065.2,0
0.000235,0.4998,0.7474,2628.6,0
0.001651,0.4903,0.6505,3251.6,0
0.000848,0.4094,0.8425,2152.6,0
0.051575,0.1811,0.4501,1261.0,1
0.016501,0.0997,0.266,1440.8,1
0.00084,0.4076,0.8156,2936.0,0
0.000174,0.4103,0.802,2723.9,0
0.028707,0.1255,0.2281,1038.1,1
0.001994,0.5,0.8155,2844.7,0
0.008906,0.1207,0.2828,1578.5,1
0.031076,0.1236,0.0936,746.2,1
0.027277,0.1202,0.4726,966.7,1
0.063332,0.0998,0.0755,1747.2,1
0.021041,0.0952,0.2143,1149.8,1
0.042715,0.0798,0.1183,1008.3,1
0.000887,0.3309,0.9579,1550.2,0
0.000626,0.4307,0.8679,2538.0,0
0.00088,0.3756,0.9136,2849.9,0
0.090145,0.0627,0.1265,1371.6,1
0.067342,0.0912,0.118,1372.8,1
0.044503,0.1014,0.063,1280.2,1
0.000185,0.4083,0.9053,3645.8,0
0.032018,0.1687,0.0844,1265.9,1
0.001326,0.3371,0.6638,2012.3,0
0.002224,0.4579,0.7724,2053.8,0
0.000655,0.4257,0.8017,2688.5,0
0.000164,0.32,0.7222,3002.0,0
0.078856,0.085,0.215,1481.4,1
0.000248,0.2946,0.5718,2848.5,0
0.035671,0.1629,0.3468,1200.4,1
0.025113,0.1462,0.1347,1106.6,1
0.017907,0.1892,0.3625,1432.0,1
0.054885,0.1505,0.4195,1203.6,1
0.000103,0.3791,0.8254,3189.3,0
0.018022,0.0726,0.2195,1100.2,1
0.05293,0.0375,0.084,894.8,1
0.000911,0.2734,0.82,2870.3,0
0.055065,0.061,0.1453,1220.0,1
0.00252,0.3678,0.9163,3021.0,0
0.002664,0.3338,0.8327,3487.6,0
0.021296,0.0827,0.1146,1415.2,1
0.027265,0.1038,0.1652,1521.4,1
0.000178,0.3914,0.3975,3008.5,0
0.09518,0.1232,0.0617,915.7,1
0.029462,0.0992,0.2378,1360.0,1
0.020287,0.1616,0.0113,1145.1,1
0.00067,0.3132,0.8197,2422.7,0
0.086433,0.126,0.5277,1650.5,1
0.001133,0.2831,0.9253,3060.8,0
0.083624,0.1808,0.2877,1085.7,1
0.001416,0.3785,0.6827,3514.1,0
0.001056,0.2648,0.8047,2567.4,0
0.032779,0.0877,0.2422,1249.9,1
0.000404,0.3608,0.7337,3261.4,0
0.001388,0.3304,0.8647,3168.5,0
0.001723,0.3897,0.7146,2389.3,0
0.008504,0.1398,0.0498,1535.7,1
0.000307,0.3648,0.8518,2542.9,0
0.083539,0.0543,0.311,1265.3,1
0.000593,0.3497,0.6944,3003.0,0
0.000928,0.3579,0.6304,2356.8,0
0.001054,0.3698,0.9011,1932.6,0
0.032051,0.1638,0.0732,1555.5,1
0.001738,0.3906,0.8784,2751.4,0
0.000429,0.3071,0.6678,3415.2,0
0.041661,0.1206,0.1114,1210.8,1
0.050415,0.1243,0.3152,1638.5,1
0.001945,0.3813,0.7285,3645.7,0
0.001967,0.2505,0.6753,2665.8,0
0.052819,0.1215,0.1352,993.2,1
0.000275,0.2803,0.8376,3110.4,0
0.000173,0.3641,0.839,2362.4,0
0.04141,0.1206,0.234,1363.0,1
0.028013,0.2105,0.1738,1226.7,1
0.021967,0.0683,0.1689,1100.0,1
0.001234,0.2844,0.6062,2438.6,0
0.001052,0.3806,0.9315,2333.3,0
0.020345,0.1489,0.074,1476.8,1
0.000575,0.4212,0.9002,3582.7,0
0.051916,0.1099,0.1152,1289.2,1
0.049571,0.0839,0.0449,1165.3,1
0.00022,0.3559,0.6302,2273.2,0
0.016448,0.1237,0.3193,1226.7,1
0.015905,0.0947,0.0823,1159.2,1
0.046391,0.1119,0.2577,1315.6,1
0.000938,0.3453,0.6545,3346.4,0
0.000467,0.2793,0.6921,2280.9,0
0.039577,0.0888,0.2858,1023.8,1
0.000862,0.347,0.6606,3006.6,0
0.084439,0.1661,0.1734,1011.6,1
0.003012,0.3058,0.9903,2324.7,0
0.032592,0.1464,0.2308,1067.4,1
0.000677,0.4336,0.8618,2113.1,0
0.025428,0.1297,0.0693,1711.2,1
0.001144,0.3789,0.9788,3110.2,0
0.000323,0.4389,0.7919,2628.3,0
0.000193,0.2792,0.809,2205.5,0
0.094942,0.1053,0.0944,1228.7,1
0.001607,0.2829,0.9056,3294.8,0
0.052976,0.0737,0.2316,1290.4,1
0.071962,0.0833,0.0941,1167.7,1
0.000347,0.464,0.5867,2528.0,0
0.080547,0.0797,0.2062,1102.7,1
0.001052,0.3401,0.8935,2796.8,0
0.049249,0.138,0.1752,1685.6,1
0.073153,0.1232,0.1082,1404.5,1
0.002411,0.469,0.9148,2868.5,0
0.000701,0.3333,0.7596,2397.9,0
0.000821,0.5,0.7454,2294.5,0
0.071441,0.164,0.2338,1155.2,1
0.003977,0.2629,0.7878,3275.6,0
0.030206,0.1484,0.2095,1213.6,1
0.002997,0.3552,0.8351,3094.1,0
0.080441,0.1032,0.3145,1282.1,1
0.000467,0.3451,0.7827,3240.4,0
0.012661,0.0872,0.3949,1257.8,1
0.043104,0.1158,0.1812,1466.4,1
0.100764,0.1265,0.401,767.0,1
0.000679,0.4877,0.7965,3800.0,0
0.002252,0.3299,0.755,2482.3,0
0.000656,0.2219,0.9237,2279.8,0
0.02905,0.0718,0.0553,1213.5,1
0.000108,0.2907,0.6608,2436.5,0
0.019122,0.1492,0.2295,1358.4,1
0.001839,0.3133,0.8094,2327.6,0
0.042291,0.2158,0.1069,1507.8,1
0.041783,0.0935,0.1173,1383.1,1
0.080853,0.094,0.3262,1129.9,1
0.002786,0.3816,0.8037,3138.2,0
0.000588,0.3732,0.9002,3200.9,0
0.000909,0.3527,0.7748,2322.3,0
0.000204,0.377,0.8663,2155.6,0
0.019479,0.0874,0.1873,984.3,1
0.017814,0.1331,0.0837,1239.7,1
0.028995,0.071,0.0153,1557.4,1
0.000705,0.3654,0.8506,3136.5,0
0.039107,0.1548,0.3497,1401.2,1
0.058153,0.1565,0.0645,1003.6,1
0.052358,0.1182,0.2007,1333.5,1
0.00085,0.3229,0.7179,2720.3,0
0.024638,0.1259,0.059,1453.4,1
0.026483,0.1684,0.2974,1647.3,1
0.028573,0.1092,0.0852,1229.7,1
0.015224,0.1087,0.1267,1444.3,1
0.001388,0.4642,0.6113,2734.2,0
0.000442,0.3114,0.9184,2199.1,0
0.037891,0.1117,0.041,1608.4,1
0.038903,0.1182,0.1342,1127.6,1
0.001579,0.4779,0.929,2381.0,0
0.018823,0.1235,0.2006,1320.0,1
0.025099,0.1373,0.106,1011.3,1
0.026675,0.1493,0.3751,1657.9,1
0.000461,0.3085,0.6171,2437.7,0
0.089173,0.1555,0.3358,1464.2,1
0.057196,0.0473,0.1444,1398.7,1
0.059584,0.0883,0.4247,1089.8,1
0.030598,0.1915,0.1119,1534.0,1
0.040712,0.1254,0.2997,1242.3,1
0.029069,0.0834,0.1731,963.7,1
0.002339,0.3405,0.791,2906.0,0
0.039028,0.0757,0.1701,1022.6,1
0.034056,0.0868,0.2378,1632.4,1
0.00021,0.3223,0.476,2839.0,0
0.014175,0.1392,0.3609,1680.9,1
0.019044,0.1574,0.0969,1275.3,1
0.029007,0.083,0.2754,999.0,1
0.001529,0.2878,0.8238,3295.2,0
0.032018,0.1424,0.162,1280.0,1
0.001618,0.4298,0.839,2961.6,0
0.000906,0.2329,0.9304,2208.0,0
0.047058,0.1548,0.1785,1207.5,1
0.000796,0.3163,0.9495,2407.8,0
0.020825,0.1803,0.0845,1090.2,1
0.000409,0.4867,0.8945,3423.6,0
0.000327,0.4512,0.815,2950.4,0
0.00042,0.3157,0.8315,2867.9,0
0.026899,0.0982,0.2855,1336.0,1
0.086891,0.1623,0.6025,896.6,1
0.019545,0.089,0.2417,1250.3,1
0.000649,0.2691,0.8406,3011.9,0
0.000536,0.2863,0.859,2048.1,0
0.02088,0.0985,0.1074,1146.0,1
0.000805,0.4728,0.9129,2432.4,0
0.000575,0.3243,0.9059,2813.1,0
0.05932,0.1261,0.1208,881.1,1
0.000559,0.3086,0.8357,2572.5,0
0.041363,0.0865,0.1292,1283.5,1
0.024266,0.1273,0.2677,1382.9,1
0.000333,0.3947,0.8413,2452.0,0
0.001049,0.3669,0.723,2203.1,0
0.000436,0.2922,0.8019,1403.6,0
0.095824,0.0814,0.4037,1115.1,1
0.031131,0.0988,0.1218,1089.5,1
0.000377,0.2282,0.8268,2769.5,0
0.001434,0.4383,0.8348,3570.1,0
0.048758,0.1229,0.1642,1186.0,1
0.091154,0.1331,0.3979,918.0,1
0.000415,0.393,0.9868,3062.9,0
0.001182,0.4659,0.8811,2841.9,0
0.000362,0.2741,0.6195,2791.0,0
0.039342,0.0796,0.1105,965.8,1
0.038835,0.0744,0.1434,1423.6,1
0.000142,0.2769,0.9733,3015.7,0
0.028959,0.1924,0.1295,846.9,1
0.001855,0.4088,0.7747,3585.4,0
0.001534,0.5,0.7899,2982.4,0
0.001276,0.3346,0.9439,2578.2,0
0.03852,0.1416,0.2032,1298.5,1
0.01942,0.1452,0.1226,1205.0,1
0.034617,0.1219,0.0493,1194.9,1
0.000533,0.3676,0.6093,3374.7,0
0.001052,0.2691,0.4902,3066.6,0
0.000511,0.1572,0.992,2679.5,0
0.113837,0.156,0.171,1538.6,1
0.002404,0.4873,0.8987,2598.1,0
0.0343,0.0918,0.1944,1373.4,1
0.00162,0.3407,0.7786,2656.2,0
0.002504,0.3485,0.9078,3055.2,0
0.031109,0.1097,0.1038,718.0,1
0.000966,0.343,0.782,2740.1,0
0.000757,0.3532,0.7051,3033.1,0
0.001577,0.3528,0.8408,2939.8,0
0.050043,0.1059,0.2144,1211.8,1
0.027338,0.0945,0.0414,1447.0,1
0.000616,0.3457,0.8586,2392.7,0
0.067565,0.115,0.2567,731.9,1
0.000213,0.4826,0.6702,2862.7,0
0.000227,0.2318,0.8984,3082.6,0
0.000133,0.3111,0.8564,2250.8,0
0.053135,0.1077,0.2663,1536.0,1
0.001214,0.3849,0.6815,2995.9,0
0.000236,0.4373,0.709,2797.6,0
0.001046,0.3578,0.9255,2496.5,0
0.001011,0.3585,0.8128,2267.8,0
0.065537,0.1087,0.3083,1263.8,1
0.000618,0.3632,0.7546,2740.6,0
0.001507,0.3448,0.8608,3080.4,0
0.019503,0.1633,0.1785,1624.6,1
0.000259,0.4928,0.7477,2673.0,0
0.084798,0.1135,0.2776,1151.2,1
0.043331,0.1736,0.2764,1076.9,1
0.000724,0.3958,0.858,2983.3,0
0.068968,0.0513,0.3788,1454.3,1
0.001972,0.3489,0.8489,3069.1,0
0.023075,0.1319,0.2361,1308.9,1
0.000493,0.3737,0.8628,2246.5,0
0.000776,0.4427,0.9338,2991.2,0
0.011272,0.1353,0.1074,878.5,1
0.075946,0.1966,0.3487,1072.2,1
0.094912,0.1225,0.1495,1469.9,1
0.02659,0.1052,0.1553,1355.0,1
0.000563,0.335,0.6911,3312.9,0
0.002476,0.2293,0.5563,2426.0,0
0.000226,0.3525,0.801,3026.5,0
0.053226,0.1051,0.2355,1780.9,1
0.001255,0.4022,0.4321,3196.0,0
0.033722,0.1057,0.2458,1331.3,1
0.001546,0.2159,0.502,2651.0,0
0.000171,0.3215,0.7582,3482.6,0
0.000584,0.3442,0.569,3017.1,0
0.014297,0.1505,0.0903,1289.0,1
0.027161,0.0942,0.3875,1218.5,1
0.032926,0.1412,0.0788,1300.5,1
0.000712,0.2967,0.8368,2571.7,0
0.02464,0.1485,0.3155,1153.9,1
0.00257,0.3713,0.6123,2498.2,0
0.013317,0.1294,0.3283,1054.1,1
0.013041,0.1225,0.0635,1182.3,1
0.000949,0.2327,0.7505,3199.4,0
0.044111,0.0366,0.3255,1383.8,1
0.020181,0.0949,0.1888,1375.8,1
0.002294,0.4095,0.9336,3511.6,0
0.029706,0.1813,0.1519,1624.8,1
0.001764,0.3678,0.5188,2287.8,0
0.000259,0.3845,0.7571,2599.6,0
0.001477,0.3371,0.8975,2211.7,0
0.001785,0.4166,0.6009,2425.0,0
0.052563,0.1405,0.2247,1481.4,1
0.002688,0.4004,0.8488,2568.5,0
0.078576,0.089,0.1799,1484.3,1
0.001164,0.4564,0.7681,3079.9,0
0.054686,0.1904,0.0514,1161.0,1
0.019378,0.113,0.3508,1287.7,1
0.029826,0.1372,0.2295,1214.0,1
0.003378,0.3712,0.8069,2537.4,0
0.00242,0.3732,0.901,2239.4,0
0.001698,0.3777,0.735,3174.5,0
0.041615,0.1067,0.3205,1284.1,1
0.023371,0.1263,0.2185,1023.7,1
0.001291,0.2529,0.8578,2622.7,0
0.00013,0.3853,0.796,1863.7,0
0.063698,0.0938,0.1765,1144.2,1
0.002285,0.3348,0.7318,3721.1,0
0.044327,0.1263,0.1832,1078.4,1
0.022741,0.0967,0.405,1735.5,1
0.042959,0.0918,0.1173,1746.6,1
0.003027,0.3447,0.6396,2682.8,0
0.0019,0.2628,0.8139,2260.3,0
0.036678,0.095,0.1789,1292.8,1
0.01908,0.0882,0.1092,1042.5,1
0.000675,0.3608,0.8831,1818.9,0
0.00303,0.2283,0.8753,3323.4,0
0.023328,0.1971,0.2733,1267.0,1
0.02693,0.1231,0.1895,1023.5,1
0.029292,0.089,0.0733,1036.4,1
0.080904,0.108,0.2205,1115.0,1
0.002597,0.2948,0.8639,2607.5,0
0.000543,0.4247,0.6635,2221.7,0
0.036942,0.1147,0.046,1718.5,1
0.019403,0.159,0.4308,1256.4,1
0.000148,0.3207,0.6529,3800.0,0
0.001632,0.3648,0.8829,3506.7,0
0.012058,0.1206,0.3051,1321.5,1
0.000572,0.2661,0.8367,2611.1,0
0.000692,0.2293,0.612,1865.3,0
0.041405,0.1172,0.2871,1806.6,1
0.027432,0.1548,0.4672,1648.7,1
0.055484,0.1341,0.219,849.5,1
0.000776,0.2989,0.7695,2759.8,0
0.054321,0.1511,0.2551,1593.3,1
0.013347,0.1301,0.3971,917.3,1
0.033625,0.1018,0.029,1105.0,1
0.02447,0.1531,0.4071,1331.8,1
0.001199,0.3545,0.8459,3045.0,0
0.000124,0.3731,0.9135,2805.9,0
0.000604,0.3036,0.7913,2757.0,0
0.005011,0.2984,0.8821,2694.2,0
0.066101,0.1076,0.1111,1671.4,1
0.033437,0.1087,0.2376,1645.3,1
0.021258,0.0922,0.2177,846.2,1
0.013884,0.126,0.2772,1144.3,1
0.000614,0.3691,0.9159,3086.0,0
0.000315,0.3513,0.4929,2763.5,0
0.000245,0.3487,0.566,3520.4,0
0.000553,0.4655,0.9258,3073.7,0
0.001034,0.3594,0.9278,2650.3,0
0.046795,0.14,0.0797,1303.9,1
0.02686,0.1453,0.2572,1602.6,1
0.000135,0.3242,0.6481,3208.3,0
0.000411,0.279,0.8948,2430.9,0
0.083585,0.0675,0.3137,1182.8,1
0.000875,0.4263,0.8548,3058.6,0
0.0173,0.0957,0.1487,1197.2,1
0.021932,0.0728,0.1696,1110.4,1
0.039986,0.0959,0.1482,876.6,1
0.000803,0.327,0.9198,3373.9,0
0.041061,0.1422,0.1079,1347.0,1
0.047281,0.1827,0.1867,1226.2,1
0.022433,0.1305,0.3471,1527.8,1
0.003871,0.2593,0.6373,2898.1,0
0.000394,0.3709,0.7569,3004.2,0
0.041439,0.0742,0.159,1505.8,1
0.098028,0.1328,0.0538,1638.9,1
0.014125,0.1226,0.207,1739.8,1
0.091153,0.1375,0.3321,674.6,1
0.030827,0.1491,0.1888,1412.2,1
0.000364,0.3175,0.6405,3234.0,0
0.049102,0.1167,0.0779,1369.8,1
0.02694,0.1183,0.4015,960.3,1
0.06277,0.1369,0.2251,1383.2,1
0.030313,0.0688,0.3287,1496.5,1
0.00132,0.443,0.7288,2321.0,0
0.020168,0.1935,0.1396,1300.3,1
0.000448,0.3608,0.9211,1895.9,0
0.002018,0.4569,0.7424,2227.3,0
0.046037,0.1062,0.1954,1311.6,1
0.000975,0.3519,0.6813,1839.2,0
0.016488,0.044,0.1969,1098.1,1
0.000185,0.3306,0.6065,2253.2,0
0.001004,0.4185,0.6994,2770.7,0
0.01445,0.0489,0.0734,1213.6,1
0.076703,0.0708,0.0715,1580.1,1
0.046086,0.1238,0.1863,1378.7,1
0.066388,0.0959,0.158,901.7,1
0.038491,0.0916,0.1259,1156.4,1
0.001619,0.1786,0.9043,2843.0,0
0.000139,0.3165,0.7811,2973.4,0
0.00114,0.4125,0.8968,2727.7,0
0.056348,0.1424,0.0616,1224.9,1
0.020217,0.138,0.1721,1433.3,1
0.00064,0.3779,0.7458,2544.9,0
0.014287,0.1413,0.6334,832.9,1
0.016959,0.1353,0.0957,1409.4,1
0.001069,0.3069,0.7071,2552.3,0
0.000618,0.4793,0.7882,2156.9,0
0.033551,0.1213,0.1854,1283.7,1
0.022096,0.1739,0.1947,808.0,1
0.052854,0.1387,0.1128,1348.8,1
0.000373,0.3251,0.7759,2832.2,0
0.092782,0.1025,0.0719,1294.8,1
0.001459,0.2297,0.7407,3035.6,0
0.000151,0.4445,0.8481,2789.9,0
0.016202,0.067,0.3766,1674.6,1
0.000445,0.3003,0.7291,2922.5,0
0.050908,0.1123,0.0749,1037.6,1
0.00176,0.3179,0.6677,3386.0,0
0.064157,0.1352,0.1067,1314.1,1
0.057056,0.1504,0.3193,1243.2,1
0.000572,0.2999,0.7353,2825.5,0
0.020687,0.1306,0.1518,1696.7,1
0.000888,0.3019,0.5973,2955.4,0
0.026755,0.148,0.2786,1012.5,1
0.000481,0.2637,0.8012,2771.6,0
0.000828,0.4242,0.7645,2257.7,0
0.00054,0.3272,0.866,2748.3,0
0.00052,0.379,0.8573,2695.7,0
0.045981,0.1277,0.1406,1370.8,1
0.000877,0.3822,0.9262,3255.9,0
0.000687,0.3014,0.6474,2549.2,0
0.000319,0.4683,0.5892,3199.3,0
0.000113,0.4145,0.8402,3800.0,0
0.019999,0.1215,0.1949,1765.6,1
0.055769,0.1065,0.2669,1172.5,1
0.000665,0.2536,0.7467,2242.9,0
0.038071,0.1331,0.0687,1457.2,1
0.069958,0.0491,0.501,970.1,1
0.0005,0.2933,0.9483,2619.3,0
0.064488,0.1642,0.2065,1370.8,1
0.015221,0.1764,0.0926,1307.5,1
0.03536,0.0753,0.0681,1087.0,1
0.049387,0.0754,0.4478,1429.8,1
0.000118,0.3612,0.773,2602.7,0
0.019709,0.1909,0.2447,1125.3,1
0.097132,0.1277,0.3152,1522.2,1
0.049823,0.1238,0.194,1483.6,1
0.058389,0.0952,0.314,1231.9,1
0.002281,0.3545,0.6758,2631.0,0
0.020207,0.1094,0.2107,674.0,1
0.024644,0.1749,0.3066,1079.8,1
0.002043,0.3455,0.4827,3234.2,0
0.001882,0.3238,0.6576,2430.6,0
0.011637,0.0912,0.2648,1156.3,1
0.000183,0.3405,0.9406,3045.2,0
0.000264,0.4228,0.8099,2647.1,0
0.048063,0.1168,0.2519,1412.1,1
0.000218,0.3108,0.6595,2628.7,0
0.000497,0.3796,0.8521,2383.1,0
0.001873,0.3575,0.9566,3056.7,0
0.00039,0.3766,0.8937,3039.2,0
0.026854,0.0946,0.0732,1292.1,1
0.034554,0.1254,0.1055,1314.2,1
0.000202,0.3292,0.5703,2386.9,0
0.000547,0.3593,0.8516,3192.8,0
0.017776,0.1701,0.2763,1479.4,1
0.001979,0.3144,0.8087,2659.3,0
0.000823,0.3076,0.8597,3412.4,0
0.00114,0.3724,0.8787,2375.4,0
0.055077,0.138,0.0992,1210.5,1
0.016863,0.1661,0.1391,697.5,1
0.02585,0.0854,0.1004,1394.6,1
0.026091,0.1512,0.0045,623.4,1
0.061816,0.1408,0.1204,1473.1,1
0.076923,0.1022,0.2285,1434.7,1
0.031208,0.1656,0.0802,1346.0,1
0.000225,0.3974,0.8334,2228.3,0
0.028387,0.1961,0.2373,1446.1,1
0.029733,0.1661,0.1335,1414.2,1
0.027831,0.1132,0.1737,1418.9,1
0.002595,0.3378,0.6536,2898.3,0
0.001201,0.3712,0.8321,3398.3,0
0.018269,0.0937,0.0917,1422.8,1
0.012365,0.1121,0.4233,1087.8,1
0.060269,0.1487,0.1363,1070.6,1
0.000345,0.2089,0.6492,2702.5,0
0.052249,0.1529,0.2526,1490.9,1
0.048362,0.1114,0.1856,993.7,1
0.036412,0.1583,0.1999,1156.4,1
0.034956,0.1677,0.0702,1002.4,1
0.095879,0.085,0.0554,1086.4,1
0.028054,0.0462,0.1705,1023.4,1
0.038576,0.1258,0.0564,1222.0,1
0.029515,0.129,0.244,1089.1,1
0.00068,0.3895,0.8878,2754.4,0
0.003041,0.4532,0.9214,3061.5,0
0.050915,0.1073,0.1835,1464.2,1
0.025579,0.1424,0.1136,953.5,1
0.022519,0.0944,0.2742,1241.8,1
0.055003,0.0677,0.0874,1133.2,1
0.001854,0.5,0.8384,2354.6,0
0.019299,0.0876,0.5768,1423.3,1
0.034133,0.1475,0.3075,1773.4,1
0.005241,0.2924,0.7086,1989.6,0
0.000281,0.2749,0.8918,1843.3,0
0.043038,0.1144,0.1372,1469.6,1
0.000278,0.3791,0.8866,2487.6,0
0.035682,0.0975,0.3366,1028.1,1
0.000441,0.4204,0.84,2753.3,0
0.01866,0.153,0.0508,1317.5,1
0.094592,0.1627,0.1852,1144.4,1
0.056872,0.1044,0.3838,1861.6,1
0.001607,0.3317,0.7084,3655.2,0
0.044029,0.1275,0.1752,1066.8,1
0.00012,0.2943,0.7616,2882.3,0
0.001118,0.3112,0.7865,3230.9,0
0.039336,0.1737,0.2339,1480.5,1
0.022103,0.1239,0.0532,1271.4,1
0.041142,0.1934,0.0933,1410.1,1
0.000285,0.3635,0.484,2692.2,0
0.00247,0.2861,0.9827,2991.3,0
0.000415,0.2659,0.8202,3539.0,0
0.088794,0.1091,0.2364,1351.3,1
0.062467,0.0986,0.1977,1606.3,1
0.051097,0.1264,0.5534,1432.7,1
0.050304,0.1507,0.1572,1470.2,1
0.00271,0.3227,0.6738,1818.3,0
0.000719,0.3852,0.8031,2921.2,0
0.000973,0.4141,0.7223,3125.7,0
0.000362,0.3949,0.97,2848.6,0
0.00476,0.384,0.5089,2723.0,0
0.085636,0.1339,0.2415,1100.0,1
0.001629,0.2763,0.9811,2087.8,0
0.086665,0.1151,0.117,1157.8,1
0.000475,0.3943,0.8218,2543.7,0
0.069607,0.1757,0.0663,1756.0,1
0.077127,0.0463,0.0755,1117.0,1
0.041583,0.068,0.0633,1035.8,1
0.000261,0.3833,0.8388,2691.7,0
0.023815,0.1793,0.1596,1039.0,1
0.064871,0.0723,0.3423,1341.9,1
0.000801,0.217,0.6054,2482.7,0
0.000588,0.4052,0.4556,2798.3,0
0.000178,0.3219,0.9541,2583.2,0
0.054416,0.1924,0.1773,1155.1,1
0.023097,0.1336,0.1536,1179.0,1
0.046759,0.0662,0.1616,1162.2,1
0.003771,0.4882,0.6312,2529.4,0
0.000204,0.4247,0.7747,3014.6,0
0.06567,0.1051,0.318,1418.2,1
0.000805,0.336,0.704,2440.3,0
0.068568,0.1274,0.0091,1388.1,1
0.055741,0.1357,0.3196,1187.2,1
0.000494,0.2067,0.8696,2985.0,0
0.064425,0.0942,0.0417,1116.9,1
0.001099,0.4466,0.6419,3007.5,0
0.029442,0.0972,0.1245,1265.6,1
0.000989,0.3376,0.7564,3503.5,0
0.036313,0.1237,0.2032,1265.1,1
0.000541,0.1894,0.8767,2804.4,0
0.036935,0.1045,0.4233,1334.0,1
0.033574,0.1568,0.2086,1258.0,1
0.000185,0.2174,0.9178,3108.5,0
0.042301,0.1906,0.0755,1217.3,1
0.000282,0.2583,0.121,2740.3,0
0.020855,0.1447,0.112,1263.9,1
0.00041,0.4586,0.5416,1799.4,0
0.037473,0.0887,0.3299,1681.9,1
0.005444,0.3683,0.7567,2704.5,0
0.00489,0.5,0.9181,2541.5,0
0.000307,0.2167,0.7288,3002.9,0
0.015351,0.1192,0.0931,1028.9,1
0.000777,0.4301,0.6755,3416.7,0
0.088585,0.0746,0.232,1013.3,1
0.031331,0.1041,0.0347,1319.2,1
0.00061,0.485,0.8467,3318.0,0
0.0293,0.0927,0.1179,839.8,1
0.001829,0.3688,0.5868,2840.2,0
0.001861,0.2533,0.8391,2520.8,0
0.099935,0.0892,0.1061,1027.7,1
0.070661,0.1241,0.1199,1216.0,1
0.098135,0.108,0.1457,1108.3,1
0.000872,0.391,0.5331,3184.1,0
0.000995,0.4171,0.7685,2136.7,0
0.002366,0.358,0.8324,2791.1,0
0.011576,0.1572,0.4099,2107.2,1
0.016971,0.1457,0.1052,1610.4,1
0.015796,0.1215,0.3878,1034.7,1
0.000773,0.4886,0.8977,2899.7,0
0.001055,0.2919,0.7951,2912.3,0
0.001864,0.3292,0.7409,2793.1,0
0.001173,0.2693,0.7301,3363.6,0
0.000555,0.3857,0.7015,2970.0,0
0.022831,0.1661,0.1452,1411.0,1
0.08573,0.1363,0.3524,1007.5,1
0.021062,0.1513,0.1303,1194.8,1
0.062802,0.1274,0.1269,1326.2,1
0.000967,0.453,0.8065,2711.7,0
0.009682,0.1211,0.5162,1355.7,1
0.000646,0.3288,0.8895,2647.6,0
0.064843,0.1583,0.1186,771.8,1
0.0156,0.1107,0.1409,698.5,1
0.000162,0.431,0.8673,3330.1,0
0.015989,0.0645,0.2071,1547.9,1
0.001274,0.3661,0.6345,1695.4,0
0.04719,0.1339,0.2435,1003.8,1
0.040619,0.1804,0.4347,725.3,1
0.001003,0.3294,0.6765,3115.3,0
0.000264,0.4185,0.8725,2192.8,0
0.032995,0.0969,0.2122,1070.4,1
0.058876,0.0978,0.1898,1100.1,1
0.000262,0.3611,0.7264,3179.9,0
0.083066,0.0827,0.2602,1172.3,1
0.000952,0.4213,0.8492,2580.6,0
0.000258,0.3648,0.8241,1884.2,0
0.001509,0.262,0.8935,1785.8,0
0.000567,0.3,0.9385,3557.9,0
0.002634,0.4871,0.8599,2316.5,0
0.016717,0.1286,0.1656,1167.3,1
0.000262,0.2733,0.7223,2858.4,0
0.001519,0.3631,0.9613,2625.0,0
0.000939,0.3128,0.9337,2545.1,0
0.061226,0.0862,0.2128,1047.9,1
0.030477,0.17,0.2601,1284.6,1
0.000263,0.3737,0.4848,3147.1,0
0.000517,0.3524,0.5434,3585.4,0
0.00013,0.3071,0.8136,2737.2,0
0.000798,0.2253,0.8165,2795.5,0
0.00237,0.4845,0.6218,2805.8,0
0.001686,0.4803,0.7424,3800.0,0
0.000129,0.3517,0.769,2924.1,0
0.034761,0.1699,0.1671,1089.1,1
0.000702,0.3477,0.945,2733.3,0
0.018277,0.1058,0.1721,709.0,1
0.031643,0.1199,0.3357,1274.8,1
0.0373,0.1388,0.1193,1346.2,1
0.000392,0.4543,0.9947,2954.6,0
0.000276,0.3567,0.5749,3800.0,0
0.000767,0.4693,0.8904,2254.8,0
0.024664,0.1783,0.0301,1237.0,1
0.02181,0.0878,0.2957,1273.3,1
0.025946,0.1385,0.1505,942.1,1
0.034189,0.0941,0.1534,1070.9,1
0.000102,0.3554,0.8855,1944.7,0
0.020957,0.0734,0.1663,1419.7,1
0.000779,0.37,0.7798,1951.7,0
0.00068,0.3648,0.8742,2822.8,0
0.001533,0.324,0.8198,2816.7,0
0.000165,0.5,0.8078,2476.7,0
0.043399,0.2161,0.0906,1098.9,1
0.000957,0.3889,0.4273,2998.6,0
0.02094,0.179,0.5097,1449.2,1
0.055294,0.1197,0.0739,1771.8,1
0.027884,0.1414,0.1209,1918.5,1
0.000457,0.3303,0.6087,3655.1,0
0.087251,0.0565,0.2518,1614.9,1
0.053612,0.1161,0.3559,1411.4,1
0.00033,0.4762,0.942,2107.0,0
0.00183,0.2721,0.6474,2486.6,0
0.025185,0.0949,0.0903,1523.7,1
0.049199,0.1258,0.0719,1273.0,1
0.061932,0.1325,0.2347,1515.1,1
0.041007,0.0848,0.1829,1219.2,1
0.017557,0.1213,0.039,1153.3,1
0.000135,0.3151,0.9253,3074.0,0
0.001808,0.2856,0.5972,3084.8,0
0.000317,0.3867,0.8677,2246.3,0
0.024344,0.0931,0.2082,952.2,1
0.010202,0.1542,0.4586,1598.2,1
0.001557,0.4506,0.8818,2799.0,0
0.028569,0.1222,0.1881,1283.4,1
0.001508,0.3144,0.6263,2776.7,0
0.00116,0.4962,0.9005,3575.8,0
0.00021,0.3307,0.825,3423.2,0
0.000459,0.3316,0.9181,2754.7,0
0.000808,0.3999,0.7236,3541.8,0
0.000464,0.3744,0.9486,2386.1,0
0.000332,0.3523,0.7563,3539.0,0
0.002139,0.2159,0.8685,3634.4,0
0.019253,0.0718,0.234,1213.6,1
0.000523,0.2601,0.8513,3125.5,0
0.037359,0.0591,0.4523,988.1,1
0.001088,0.3137,0.777,3168.7,0
0.000104,0.3236,0.7937,2261.6,0
0.000578,0.3293,0.7923,3033.3,0
0.000443,0.4184,0.5381,2529.3,0
0.029176,0.0886,0.2134,557.0,1
0.00039,0.3209,0.7116,2440.7,0
0.027932,0.1125,0.0283,1312.9,1
0.011299,0.1309,0.1775,1382.8,1
0.018674,0.01,0.0228,1475.9,1
0.036557,0.1201,0.3253,938.0,1
0.026998,0.1476,0.0883,1118.5,1
0.002296,0.3768,0.6958,2388.7,0
0.02047,0.1212,0.129,1201.9,1
0.002355,0.3463,0.8799,2366.2,0
0.000165,0.3231,0.6426,1713.2,0
0.040319,0.0749,0.1842,1599.6,1
0.02223,0.1956,0.2158,938.3,1
0.02901,0.1652,0.0394,1142.3,1
0.00125,0.5,0.8895,2385.8,0
0.018194,0.0698,0.0836,1509.2,1
0.000149,0.4361,0.7628,2650.9,0
0.004458,0.3404,0.8271,2388.5,0
0.001294,0.3,0.6673,2733.7,0
0.000488,0.5,0.9566,3062.2,0
0.000264,0.4733,0.9455,2188.5,0
0.046801,0.1166,0.2056,1474.0,1
0.011163,0.1299,0.1306,967.1,1
0.000782,0.2268,0.9472,3383.3,0
0.068912,0.1509,0.2302,853.1,1
0.04323,0.1578,0.29,1249.7,1
0.05741,0.1445,0.1618,973.8,1
0.026313,0.0966,0.368,1335.9,1
0.00325,0.4476,0.8389,2371.3,0
0.030872,0.1672,0.1295,1037.1,1
0.037807,0.0728,0.0993,1509.9,1
0.001137,0.3557,0.8257,3327.9,0
0.001572,0.3689,0.8664,3369.1,0
0.018806,0.1168,0.0556,900.7,1
0.003579,0.3051,0.9415,2706.1,0
0.022514,0.1445,0.1851,1096.2,1
0.000671,0.3134,0.7951,2517.3,0
0.072005,0.2122,0.2079,1389.0,1
0.000978,0.3037,0.6795,2459.0,0
0.014872,0.1942,0.0862,1079.3,1
0.034629,0.1544,0.243,1362.9,1
0.000103,0.3036,0.8046,3642.7,0
0.025729,0.1211,0.2011,1342.5,1
0.000744,0.2899,0.9154,2711.1,0
0.0006,0.2674,0.815,2394.6,0
0.000561,0.4077,0.8324,2640.3,0
0.018007,0.1481,0.2059,826.5,1
0.001224,0.4462,0.9292,2451.4,0
0.002856,0.3901,0.8595,2132.9,0
0.000689,0.3365,0.8435,2642.6,0
0.04068,0.1116,0.0823,1324.0,1
0.027454,0.0988,0.2668,1244.3,1
0.001215,0.3364,0.7894,2846.1,0
0.001944,0.36,0.7519,3410.5,0
0.073384,0.1313,0.1779,1460.9,1
0.00221,0.3106,0.8131,2593.0,0
0.049204,0.1055,0.3727,916.5,1
0.019954,0.13,0.2103,894.3,1
0.052607,0.1562,0.1154,1278.0,1
0.000834,0.427,0.5853,2576.9,0
0.122853,0.119,0.1468,1072.8,1
0.014746,0.1283,0.5925,1308.0,1
0.031782,0.0571,0.2447,905.2,1
0.000911,0.4125,0.6426,3427.0,0
0.000431,0.3298,0.884,2445.9,0
0.00274,0.2903,0.6113,3149.3,0
0.054853,0.088,0.0315,1551.0,1
0.013737,0.0875,0.08,897.9,1
0.000538,0.3267,0.92,3231.9,0
0.029192,0.2014,0.1772,908.1,1
0.000809,0.2031,0.4412,2312.4,0
0.018118,0.1622,0.053,1129.9,1
0.023989,0.1466,0.4247,1417.0,1
0.001629,0.407,0.7514,3344.4,0
0.000289,0.4437,0.3884,3485.1,0
0.001653,0.5,0.8841,3347.3,0
0.032078,0.135,0.1019,1511.5,1
0.028594,0.0577,0.3544,1259.1,1
0.085336,0.1139,0.3135,912.5,1
0.001338,0.2081,0.8374,2852.5,0
0.015027,0.071,0.1974,1058.1,1
0.000333,0.3381,0.7963,2235.3,0
0.033907,0.0474,0.4348,1093.9,1
0.002225,0.316,0.8967,3238.7,0
0.029865,0.0623,0.0805,1332.8,1
0.015697,0.1139,0.1177,1515.8,1
0.037626,0.1472,0.1181,1205.3,1
0.101919,0.0971,0.1014,1736.8,1
0.005672,0.3012,0.6822,2885.2,0
0.001248,0.3165,0.5406,1833.5,0
0.032081,0.1417,0.3108,1185.1,1
0.004679,0.4044,0.7278,3048.5,0
0.000163,0.4739,0.7111,2382.2,0
0.041272,0.0907,0.1195,1282.7,1
0.04913,0.1058,0.4036,1142.2,1
0.000544,0.417,0.9164,3074.6,0
0.000202,0.3881,0.866,3031.8,0
0.000466,0.3621,0.334,2950.9,0
0.001222,0.3746,0.5661,3152.2,0
0.005531,0.0804,0.3113,1331.5,1
0.070315,0.1901,0.1668,1421.5,1
0.019949,0.1474,0.2843,1299.3,1
0.000451,0.2442,0.905,3186.8,0
0.015828,0.1142,0.1708,1323.3,1
0.019516,0.1698,0.1689,1235.7,1
0.002713,0.1726,0.6132,2885.3,0
0.038619,0.1434,0.4844,996.5,1
0.051383,0.1213,0.1434,917.1,1
0.036057,0.1108,0.0583,1785.4,1
0.019981,0.1103,0.2561,1298.7,1
0.002021,0.3543,0.8682,3324.0,0
0.002523,0.3513,0.6396,3096.6,0
0.05478,0.1783,0.096,952.7,1
0.00177,0.4066,0.7413,3000.9,0
0.000429,0.4035,0.7651,3308.8,0
0.099444,0.1117,0.1495,1214.9,1
0.011473,0.1196,0.2057,1164.9,1
0.011986,0.137,0.2383,1562.6,1
0.024061,0.1632,0.1244,1300.0,1
0.055173,0.1369,0.1906,814.7,1
0.026109,0.1297,0.0935,1893.8,1
0.00018,0.4219,0.7071,2873.4,0
0.001783,0.3322,0.8682,2900.7,0
0.00062,0.4155,0.5588,2396.5,0
0.000773,0.3462,0.6434,2559.8,0
0.000407,0.3312,0.8801,3191.7,0
0.000816,0.3586,0.803,3410.5,0
0.060723,0.1483,0.2231,836.4,1
0.012201,0.1415,0.1365,1278.9,1
0.003624,0.3928,0.617,2513.2,0
0.024322,0.0901,0.2105,1263.7,1
0.049339,0.1398,0.1582,998.6,1
0.000449,0.4706,0.7592,2768.3,0
0.096176,0.1663,0.1476,1305.9,1
0.014714,0.01,0.1361,1215.7,1
0.000297,0.3181,0.846,2898.3,0
0.078792,0.1497,0.0315,1021.0,1
0.002677,0.435,0.7571,2928.4,0
0.036082,0.0867,0.1807,1264.7,1
0.000208,0.3286,0.8294,2974.8,0
0.04642,0.1321,0.415,1156.4,1
0.001958,0.213,0.7572,3351.9,0
0.065679,0.1734,0.0525,1248.6,1
0.000885,0.4774,0.9125,2061.9,0
0.043382,0.1456,0.2725,1261.3,1
0.093907,0.127,0.1367,957.2,1
0.03896,0.0844,0.3567,1591.5,1
0.016496,0.0926,0.3251,1637.6,1
0.033895,0.1538,0.0473,1526.0,1
0.024764,0.1447,0.2224,870.4,1
0.041414,0.0984,0.1051,1259.5,1
0.028214,0.0935,0.1621,1066.6,1
0.022937,0.1426,0.2504,1238.8,1
0.001548,0.2588,0.7411,3063.8,0
0.000341,0.4178,0.8111,2416.5,0
0.000861,0.359,0.4607,3789.2,0
0.048071,0.1437,0.4058,1219.0,1
0.001066,0.3242,0.834,3075.2,0
0.025121,0.1081,0.0607,1387.7,1
0.105748,0.1456,0.0827,1400.8,1
0.000341,0.3746,0.9324,2965.2,0
0.029211,0.1302,0.2762,1206.5,1
0.000467,0.2967,0.9567,2582.3,0
0.000674,0.4135,0.7219,3344.3,0
0.027264,0.1199,0.1326,1055.6,1
0.00478,0.3692,0.8458,3773.2,0
0.000171,0.2117,0.7909,2801.9,0
0.011288,0.0606,0.1313,1216.1,1
0.000549,0.3761,0.9392,2634.2,0
0.054392,0.1205,0.1059,1609.5,1
0.010172,0.1568,0.2323,1544.4,1
0.000991,0.3015,0.7821,2506.8,0
0.0015,0.374,0.8901,3281.7,0
0.024371,0.0879,0.1617,1181.4,1
0.0279,0.0744,0.23,1609.5,1
0.001863,0.2959,0.9297,3044.9,0
0.045961,0.1524,0.1479,1654.3,1
0.000949,0.437,0.7822,2531.3,0
0.06758,0.0962,0.1507,1189.9,1
0.001976,0.3801,0.8938,2394.8,0
0.000689,0.4075,0.8204,2334.1,0
0.001192,0.4546,0.4456,2371.9,0
0.066842,0.0978,0.2744,965.1,1
0.029343,0.1004,0.3026,1651.4,1
0.039495,0.0737,0.2323,1415.5,1
0.004269,0.2995,0.4992,2498.3,0
0.003041,0.4555,0.802,2363.9,0
0.001886,0.3326,0.7552,2899.3,0
0.070874,0.1271,0.0723,1305.6,1
0.08136,0.0676,0.2202,1043.3,1
0.024262,0.041,0.0375,1218.9,1
0.000352,0.3381,0.9052,2548.9,0
0.027556,0.0794,0.3363,1919.0,1
0.002042,0.3102,0.9131,2961.3,0
0.078193,0.0791,0.1867,872.2,1
0.002582,0.4601,0.9417,2708.3,0
0.127249,0.161,0.2026,1188.4,1
0.000114,0.2292,0.8812,2496.2,0
0.002406,0.4204,0.7911,2692.9,0
0.063901,0.1511,0.0731,1520.3,1
0.000138,0.2944,0.9065,2840.1,0
0.000448,0.4053,0.7666,2587.8,0
0.028155,0.178,0.1111,1088.0,1
0.021263,0.1803,0.1986,1574.3,1
0.047024,0.0847,0.1625,1180.3,1
0.000543,0.3779,0.6855,2826.3,0
0.023186,0.125,0.0623,774.8,1
0.078267,0.1502,0.2187,1101.5,1
0.000481,0.4173,0.8963,2802.0,0
0.035798,0.1647,0.1884,1190.9,1
0.000916,0.3424,0.596,2011.1,0
0.000966,0.2706,0.7039,3092.6,0
0.000569,0.3306,0.7428,3016.7,0
0.000282,0.3335,0.9189,3590.6,0
0.075971,0.0838,0.1619,1395.9,1
0.07943,0.0866,0.2597,1202.3,1
0.063156,0.147,0.1889,1273.2,1
0.0167,0.1185,0.1948,1111.2,1
0.00018,0.2525,0.9723,3011.8,0
0.039735,0.1124,0.2228,1526.8,1
0.035185,0.0925,0.2895,793.5,1
0.000173,0.3497,0.8194,2926.0,0
0.045142,0.1146,0.1513,1106.7,1
0.028286,0.1309,0.1232,961.1,1
0.085966,0.106,0.1297,1215.1,1
0.035051,0.0749,0.1146,1289.3,1
0.000672,0.3467,0.9851,2923.9,0
0.000891,0.3787,0.6886,2647.4,0
0.001439,0.3055,0.618,2746.6,0
0.052325,0.172,0.305,1461.1,1
0.027543,0.1023,0.1633,1603.4,1
0.046523,0.1565,0.0746,891.8,1
0.002658,0.4166,0.8196,3635.7,0
0.002319,0.3593,0.8869,2499.6,0
0.035687,0.0585,0.2392,1046.6,1
0.023203,0.0815,0.0708,1223.7,1
0.000853,0.3453,0.7232,2461.9,0
0.026865,0.0601,0.3069,1327.7,1
0.037932,0.1113,0.0805,1246.6,1
0.008565,0.1015,0.1403,1505.7,1
0.059987,0.1211,0.1649,905.5,1
0.000576,0.2724,0.8276,3536.3,0
0.048239,0.1116,0.123,1321.2,1
0.017212,0.1459,0.1087,1349.6,1
0.000409,0.3931,0.8308,3132.3,0
0.0003,0.4815,0.538,3394.6,0
0.020996,0.0574,0.2128,886.9,1
0.00019,0.3275,0.9242,2883.7,0
0.000401,0.3523,0.8886,2738.1,0
0.056138,0.1257,0.4608,820.2,1
0.001004,0.2082,0.8082,2524.8,0
0.022302,0.1852,0.2279,1549.1,1
0.000786,0.2082,0.8995,3539.4,0
0.033531,0.1058,0.2482,1074.1,1
0.000954,0.354,0.5287,2689.5,0
0.000624,0.3038,0.7812,2810.2,0
0.001992,0.3843,0.7837,2976.3,0
0.073931,0.0989,0.3166,793.5,1
0.024076,0.1409,0.4143,702.7,1
0.000997,0.3074,0.8508,3311.3,0
0.028278,0.1193,0.0489,1075.1,1
0.064333,0.0658,0.3388,1204.2,1
0.049943,0.1001,0.0518,1253.9,1
0.000419,0.4091,0.609,3250.7,0
0.015928,0.1291,0.2667,1046.2,1
0.000203,0.3237,0.8048,3343.5,0
0.001825,0.2834,0.8192,2009.1,0
0.051364,0.138,0.0274,1194.6,1
0.017094,0.1314,0.2236,962.8,1
0.000804,0.3952,0.6672,2837.7,0
0.000685,0.219,0.9415,2724.8,0
0.039609,0.0682,0.3171,1390.9,1
0.020988,0.1454,0.2251,1117.1,1
0.00116,0.203,0.9096,2951.2,0
0.026425,0.1328,0.1869,1510.3,1
0.000582,0.3149,0.6342,2671.8,0
0.000348,0.2998,0.9138,2491.2,0
0.051596,0.097,0.2705,1163.3,1
0.001712,0.3821,0.9036,2246.6,0
0.000168,0.342,0.8925,2919.9,0
0.016584,0.0884,0.4587,1137.8,1
0.026196,0.1013,0.2067,1126.2,1
0.000408,0.3609,0.7263,2413.0,0
0.041394,0.137,0.1326,1752.9,1
0.077065,0.1227,0.1072,1231.4,1
0.001063,0.3422,0.9425,2322.0,0
0.036559,0.1805,0.0862,740.5,1
0.001018,0.2646,0.5476,3375.4,0
0.001296,0.3244,0.5329,3385.3,0
0.058984,0.1017,0.1818,1286.1,1
0.063157,0.1196,0.0249,1285.8,1
0.000797,0.3658,0.6798,2515.7,0
0.000902,0.4431,0.7319,3159.5,0
0.048243,0.1084,0.2851,1347.3,1
0.00048,0.3471,0.5089,2541.5,0
0.000363,0.3853,0.8226,2602.3,0
0.000177,0.3879,0.8531,2238.7,0
0.01102,0.0999,0.1652,1411.8,1
0.000441,0.4396,0.7375,3049.3,0
0.000593,0.3385,0.4917,3074.3,0
0.057777,0.138,0.152,1631.5,1
0.040174,0.1557,0.2546,1504.8,1
0.02535,0.1103,0.073,1075.3,1
0.001707,0.2736,0.6623,2702.3,0
0.029738,0.1541,0.2794,1169.7,1
0.000905,0.4384,0.5322,3087.9,0
0.000813,0.4394,0.6537,2574.7,0
0.03802,0.17,0.0593,582.1,1
0.000223,0.2753,0.9578,3300.8,0
0.000337,0.2957,0.7912,2866.7,0
0.000202,0.3625,0.752,2700.0,0
0.000422,0.2845,0.7473,2941.7,0
0.006014,0.3885,0.703,2860.4,0
0.059206,0.0788,0.4905,1058.9,1
0.002094,0.4259,0.8872,2964.2,0
0.000897,0.3972,0.8276,3314.1,0
0.001198,0.2715,0.751,2240.0,0
0.016905,0.0912,0.4248,1522.4,1
0.021491,0.0373,0.4544,993.1,1
0.000814,0.3373,0.8856,3447.5,0
0.052208,0.1438,0.0818,696.4,1
0.000144,0.3773,0.8644,3023.2,0
0.000807,0.318,0.9391,2721.4,0
0.000152,0.4677,0.8421,2810.9,0
0.00071,0.32,0.7187,1964.7,0
0.001091,0.2563,0.9957,2882.6,0
0.06968,0.1205,0.4586,1476.6,1
0.000249,0.2936,0.8645,3098.2,0
0.048245,0.1498,0.1009,1156.2,1
0.000735,0.2709,0.8662,2721.6,0
0.006333,0.4094,0.8831,1902.8,0
0.00054,0.3318,0.7166,2687.8,0
0.101098,0.0834,0.253,1301.2,1
0.000666,0.3798,0.9274,2541.0,0
0.020256,0.1869,0.0417,943.2,1
0.001588,0.3572,0.7745,2936.0,0
0.000392,0.3366,0.686,2903.3,0
0.001316,0.4801,0.9193,2258.2,0
0.000745,0.434,0.9202,2695.7,0
0.001046,0.404,0.5338,2448.8,0
0.000155,0.2092,0.9618,2682.6,0
0.020898,0.1373,0.4241,1475.5,1
0.00038,0.335,0.8089,2659.5,0
0.112226,0.097,0.0379,1250.3,1
0.0017,0.4127,0.9583,2874.5,0
0.058766,0.0956,0.2513,1198.5,1
0.056911,0.118,0.0676,1854.1,1
0.003912,0.2685,0.6067,3342.8,0
0.000426,0.3998,0.7934,2659.2,0
0.048741,0.1318,0.3683,1543.0,1
0.092042,0.1151,0.2897,1299.7,1
0.000593,0.3678,0.988,1889.7,0
0.000249,0.3231,0.8329,3738.3,0
0.055225,0.1688,0.0324,1311.0,1
0.000401,0.3042,0.619,2747.2,0
0.011595,0.1211,0.1833,1132.1,1
0.004394,0.2801,0.7957,2447.1,0
0.001534,0.3708,0.932,3254.1,0
0.05898,0.1685,0.3525,1239.9,1
0.025813,0.1108,0.2333,1388.4,1
0.001209,0.3471,0.7221,3130.1,0
0.063958,0.0604,0.1048,1682.1,1
0.066568,0.0591,0.3567,1167.6,1
0.058385,0.0923,0.2162,1272.0,1
0.00116,0.4269,0.5658,2720.7,0
0.035603,0.2136,0.2942,1178.4,1
0.069362,0.1574,0.2469,1233.7,1
0.04912,0.059,0.1929,1500.7,1
0.040942,0.081,0.2811,763.3,1
0.000152,0.4351,0.9926,2358.7,0
0.02351,0.11,0.2171,772.8,1
0.036265,0.0906,0.1868,1406.4,1
0.00153,0.3903,0.8822,2836.2,0
0.000331,0.3054,0.9257,2717.2,0
0.000674,0.3072,0.7397,2596.9,0
0.039586,0.1408,0.1988,1375.8,1
0.001052,0.3666,0.8173,2887.7,0
0.073206,0.0945,0.1214,1594.7,1
0.019289,0.1534,0.2038,1283.2,1
0.026909,0.0936,0.4261,954.2,1
0.110688,0.1181,0.2989,1712.1,1
0.034918,0.0908,0.133,1438.8,1
0.000438,0.2545,0.9443,2252.2,0
0.023236,0.1664,0.2014,1233.5,1
0.000693,0.3712,0.897,2598.2,0
0.12689,0.1326,0.1047,569.2,1
0.000632,0.3581,0.7337,3637.8,0
0.06923,0.1194,0.2118,1465.3,1
0.021373,0.1735,0.2589,1256.3,1
0.063394,0.0905,0.1725,1156.4,1
0.001274,0.3828,0.2911,3036.7,0
0.001652,0.4468,0.5192,2846.4,0
0.109945,0.1197,0.2563,1244.9,1
0.001822,0.3626,0.8572,3236.1,0
0.015425,0.1976,0.0916,987.3,1
0.001202,0.3307,0.9322,3451.2,0
0.053907,0.1111,0.2111,1365.0,1
0.0012,0.442,0.7823,2526.3,0
0.033829,0.1372,0.3344,1144.9,1
0.032655,0.1667,0.3454,627.5,1
0.000452,0.3746,0.6798,2377.6,0
0.000521,0.3609,0.7418,2195.2,0
0.000901,0.476,0.6622,2941.9,0
0.046389,0.0693,0.2418,1252.2,1
0.028486,0.1539,0.3272,1315.3,1
0.038912,0.098,0.0102,1507.0,1
0.017878,0.1565,0.2092,876.4,1
0.00032,0.3332,0.9188,2833.5,0
0.00096,0.4042,0.7146,2190.8,0
0.000436,0.255,0.8194,2700.1,0
0.000559,0.3767,0.6582,2511.1,0
0.034678,0.1271,0.0667,1592.0,1
0.037482,0.0716,0.0761,1058.2,1
0.002012,0.3065,0.9267,2855.8,0
0.019968,0.1446,0.3867,1237.3,1
0.056721,0.1265,0.0728,1264.3,1
0.001608,0.239,0.8857,3061.0,0
0.003163,0.2584,0.984,1716.2,0
0.000167,0.3558,0.9019,2940.5,0
0.02915,0.1075,0.2092,1629.7,1
0.055995,0.1222,0.126,1736.2,1
0.034862,0.0997,0.072,1195.0,1
0.00103,0.2767,0.7246,2131.4,0
0.000655,0.2276,0.7542,2971.3,0
0.051935,0.1067,0.3165,1312.3,1
0.049798,0.1158,0.2416,1234.9,1
0.038175,0.0938,0.1192,2043.2,1
0.068732,0.1653,0.1225,1492.0,1
0.001526,0.3974,0.7327,3589.5,0
0.034697,0.1162,0.0377,1513.4,1
0.029591,0.0991,0.3229,1105.5,1
0.002265,0.4055,0.6138,3203.4,0
0.021895,0.0961,0.2296,1330.1,1
0.001253,0.3117,0.9014,1878.0,0
0.000167,0.3721,0.6678,3243.3,0
0.00014,0.3149,0.9582,2166.3,0
0.00024,0.1206,0.7966,2977.4,0
0.000971,0.3303,0.7068,2632.6,0
0.000869,0.2898,0.8277,3124.5,0
0.016876,0.1405,0.0389,1259.9,1
0.035444,0.1654,0.3873,1152.4,1
0.000448,0.4369,0.7345,2553.8,0
0.000276,0.4786,0.94,2993.7,0
0.045686,0.0565,0.2391,1829.0,1
0.000715,0.3083,0.9529,2516.7,0
0.00116,0.4179,0.8868,2881.6,0
0.047069,0.0992,0.23,1028.2,1
0.033409,0.1088,0.0088,1148.5,1
0.056565,0.1123,0.0903,1159.0,1
0.089449,0.1068,0.1699,1262.1,1
0.000549,0.3673,0.5447,3085.5,0
0.036871,0.0588,0.3105,1256.0,1
0.0011,0.3672,0.7781,2944.7,0
0.003572,0.3314,0.8669,2455.9,0
0.002053,0.2911,0.8503,2585.4,0
0.016174,0.0817,0.1763,1171.5,1
0.000793,0.3466,0.9212,2392.3,0
0.047532,0.1925,0.0748,1206.1,1
0.018668,0.1625,0.3737,1362.4,1
0.039851,0.1671,0.1076,1301.2,1
0.106693,0.0791,0.3576,1341.5,1
0.030414,0.1003,0.2238,1233.3,1
0.017253,0.1622,0.2678,1124.7,1
0.000971,0.4483,0.8666,2244.4,0
0.021441,0.1006,0.0546,1509.1,1
0.028977,0.1266,0.4493,1480.1,1
0.066283,0.1388,0.0509,1540.5,1
0.019566,0.1104,0.2175,1160.7,1
0.027528,0.1204,0.32,1160.1,1
0.018926,0.1258,0.1915,1392.5,1
0.065747,0.1121,0.0287,1337.3,1
0.018465,0.1024,0.1528,1350.7,1
0.000312,0.2773,0.7893,2865.3,0
0.035752,0.1011,0.1385,939.5,1
0.026627,0.1513,0.1449,1234.3,1
0.035282,0.1307,0.1016,1335.4,1
0.029223,0.1174,0.5218,1456.9,1
0.00331,0.4483,0.9607,2330.0,0
0.012006,0.1565,0.205,1325.9,1
0.019326,0.1071,0.1619,1481.5,1
0.042418,0.1454,0.0641,1290.0,1
0.000368,0.3547,0.9259,2093.3,0
0.050578,0.1372,0.0879,1309.9,1
0.039777,0.0636,0.1912,1334.0,1
0.001506,0.1848,0.8355,2661.7,0
0.001901,0.3301,0.4057,2813.0,0
0.00162,0.2929,0.8302,3182.6,0
0.037562,0.1582,0.0999,1213.8,1
0.001518,0.3792,0.928,3014.5,0
0.000336,0.3911,0.8516,2238.8,0
0.05733,0.1196,0.0406,1272.5,1
0.000489,0.3621,0.7167,3427.4,0
0.005573,0.4178,0.8502,2461.4,0
0.020146,0.0969,0.263,750.1,1
0.025432,0.1311,0.1116,1002.1,1
0.063103,0.1307,0.104,1292.4,1
0.001174,0.3491,0.7641,2421.5,0
0.0333,0.0847,0.2106,1439.3,1
0.045506,0.191,0.1613,1035.7,1
0.000449,0.4057,0.9627,2470.5,0
0.00045,0.2813,0.8769,3248.8,0
0.000147,0.4365,0.9046,2829.0,0
0.000382,0.3314,0.925,3286.7,0
0.017703,0.1725,0.1985,717.6,1
0.056658,0.0719,0.1457,1398.6,1
0.000419,0.2344,0.8358,3169.8,0
0.000142,0.3258,0.662,2945.7,0
0.000458,0.3761,0.911,2571.3,0
0.020963,0.1449,0.5153,1137.2,1
0.000678,0.2609,0.8827,2763.5,0
0.034945,0.0556,0.1307,1491.6,1
0.000464,0.3332,0.9657,1622.0,0
0.054639,0.1196,0.3907,966.6,1
0.016497,0.1187,0.3078,1340.9,1
0.001096,0.4566,0.8702,2766.6,0
0.04014,0.0909,0.2515,1405.1,1
0.032644,0.1214,0.0401,1414.3,1
0.000285,0.4516,0.6395,3355.2,0
0.037645,0.119,0.2127,1284.5,1
0.000693,0.3863,0.8257,2853.9,0
0.013187,0.1441,0.1747,1270.7,1
0.000749,0.3813,0.9085,2894.7,0
0.038747,0.1264,0.3257,1679.1,1
0.066121,0.1143,0.1744,1042.8,1
0.014236,0.0797,0.203,1499.4,1
0.022973,0.1545,0.2423,1543.9,1
0.027819,0.129,0.1206,1340.5,1
0.000181,0.4021,0.7846,2409.0,0
0.054579,0.0802,0.2444,1025.0,1
0.03187,0.1644,0.0663,1541.6,1
0.04345,0.1195,0.0484,1090.2,1
0.025153,0.1859,0.2843,1488.8,1
0.067754,0.0475,0.1663,1482.9,1
0.058376,0.131,0.2474,987.8,1
0.053584,0.0725,0.0197,1249.9,1
0.000209,0.427,0.8345,2327.0,0
0.000293,0.3653,0.7423,2755.0,0
0.002029,0.3257,0.4503,2606.7,0
0.035574,0.1295,0.1285,1511.9,1
0.000321,0.3603,0.8884,2615.8,0
0.001359,0.3229,0.882,2509.5,0
0.048725,0.06,0.2372,823.7,1
0.006186,0.3146,0.9587,2593.5,0
0.022368,0.094,0.1372,1628.4,1
0.002101,0.2112,0.947,2422.5,0
0.000691,0.3056,0.7225,3280.9,0
0.03193,0.1064,0.0459,1412.1,1
0.15885,0.1273,0.1228,1467.0,1
0.056916,0.1678,0.1567,876.9,1
0.001997,0.3339,0.8078,2223.3,0
0.064787,0.2037,0.0504,1743.1,1
0.000464,0.385,0.7215,2835.1,0
0.001008,0.3595,0.8087,2958.6,0
0.000582,0.4046,0.8494,3396.0,0
0.00011,0.3707,0.8888,2827.3,0
0.000126,0.3721,0.951,2798.0,0
0.000156,0.4598,0.9802,3080.2,0
0.030195,0.1384,0.2216,1380.4,1
0.000427,0.3331,0.9808,2796.9,0
0.000255,0.3287,0.7044,1862.6,0
0.002932,0.3087,0.9752,2435.0,0
0.060596,0.0816,0.2131,1191.0,1
0.001221,0.3069,0.9585,2938.8,0
0.054879,0.149,0.2325,727.2,1
0.043709,0.1246,0.0929,1409.7,1
0.000342,0.3669,0.8635,3607.2,0
0.039939,0.1885,0.1499,1182.2,1
0.00081,0.4068,0.8476,2766.1,0
0.04502,0.1158,0.2989,1173.7,1
0.000909,0.3691,0.6506,2096.3,0
0.003094,0.4624,0.5536,3010.5,0
0.000155,0.3128,0.704,3800.0,0
0.069537,0.2199,0.2748,1013.9,1
0.000365,0.3288,0.8741,2654.0,0
0.000568,0.3674,0.8789,2991.2,0
0.062817,0.0834,0.291,1290.6,1
0.088787,0.0568,0.1234,1574.4,1
0.019008,0.0985,0.2431,1782.0,1
0.000204,0.3962,0.984,2396.7,0
0.016734,0.134,0.3682,889.7,1
0.034882,0.1822,0.308,1464.2,1
0.00021,0.4351,0.3274,2692.3,0
0.01995,0.1205,0.1414,1449.2,1
0.001646,0.3401,0.7606,3143.8,0
0.036999,0.1287,0.1605,793.0,1
0.000977,0.28,0.8838,3211.8,0
0.020666,0.1137,0.2504,1344.7,1
0.000405,0.3221,0.8451,2930.8,0
0.050061,0.1385,0.166,1752.7,1
0.000688,0.3816,0.628,3438.7,0
0.046275,0.1704,0.4576,1712.8,1
0.04927,0.1495,0.1821,1117.9,1
0.002456,0.3909,0.7071,2774.6,0
0.030252,0.088,0.3857,1089.9,1
0.016169,0.102,0.1207,1343.1,1
0.002015,0.356,0.74,2525.8,0
0.001406,0.4169,0.8291,2128.7,0
0.090326,0.0705,0.2656,1579.6,1
0.000428,0.4612,0.9123,2645.7,0
0.001892,0.3397,0.54,2975.6,0
0.000966,0.256,0.5681,2182.3,0
0.000692,0.2794,0.771,2600.8,0
0.002106,0.2763,0.8464,2955.9,0
0.000601,0.299,0.8436,2964.4,0
0.067665,0.1155,0.1528,684.5,1
0.048228,0.0694,0.3318,1358.9,1
0.000998,0.1945,0.8598,3245.0,0
0.038425,0.0807,0.1462,1551.8,1
0.046251,0.1,0.1754,1115.2,1
0.01751,0.0564,0.0651,1356.7,1
0.000779,0.3794,0.752,2695.7,0
0.00198,0.2255,0.7818,2732.2,0
0.031157,0.1252,0.1093,1023.2,1
0.036386,0.1119,0.2802,1282.0,1
0.100053,0.0893,0.1397,1196.5,1
0.031693,0.1273,0.0623,1469.3,1
0.000191,0.2456,0.9067,3444.9,0
0.042821,0.2036,0.325,1553.3,1
0.001532,0.3867,0.5918,2615.4,0
0.000112,0.3835,0.7269,1803.7,0
0.015521,0.0978,0.2372,965.6,1
0.000311,0.4424,0.7849,2033.9,0
0.033624,0.1362,0.1603,1063.6,1
0.018057,0.0877,0.2766,1347.3,1
0.000931,0.2981,0.7781,2900.8,0
0.015097,0.1245,0.3605,1568.3,1
0.015664,0.0403,0.3704,1222.5,1
0.10301,0.1488,0.0511,961.5,1
0.000846,0.3094,0.978,2962.0,0
0.0009,0.3953,0.7189,3083.3,0
0.001337,0.3835,0.6323,2305.2,0
0.002206,0.4297,0.8218,2907.0,0
0.000731,0.3909,0.6873,3343.8,0
0.019177,0.0154,0.2213,1327.7,1
0.000506,0.305,0.9147,2712.3,0
0.062895,0.1153,0.0449,985.3,1
0.000258,0.3781,0.9571,2333.1,0
0.026281,0.1111,0.3291,1525.7,1
0.047777,0.1176,0.482,1353.2,1
0.000382,0.4096,0.8516,2903.8,0
0.000995,0.3048,0.9258,3060.9,0
0.094444,0.1324,0.1577,1196.0,1
0.015594,0.1184,0.3962,1397.7,1
0.085827,0.0877,0.0544,1560.3,1
0.000367,0.3614,0.6172,3284.3,0
0.00043,0.3508,0.6048,2457.7,0
0.017715,0.1342,0.3682,1685.4,1
0.05307,0.1308,0.3394,1392.9,1
0.009479,0.1124,0.1064,1003.0,1
0.040376,0.1021,0.0717,1187.8,1
0.023619,0.077,0.3757,1162.1,1
0.000182,0.319,0.8997,2040.6,0
0.001476,0.2908,0.5921,3302.2,0
0.000838,0.3805,0.8463,3666.0,0
0.057308,0.0778,0.2757,866.8,1
0.00092,0.4077,0.939,3193.3,0
0.001005,0.2782,0.8517,3211.3,0
0.058867,0.2055,0.0455,829.2,1
0.01434,0.1283,0.1087,1284.3,1
0.06854,0.1452,0.4047,849.2,1
0.031679,0.1175,0.234,1393.2,1
0.002019,0.227,0.778,2421.9,0
0.037178,0.1182,0.1626,1247.5,1
0.026333,0.1541,0.2996,1057.3,1
0.035506,0.1265,0.0876,1136.9,1
0.001344,0.3907,0.8211,3517.4,0
0.001382,0.4011,0.8823,2466.4,0
0.045542,0.1602,0.1408,1306.9,1
0.025206,0.1162,0.2784,993.5,1
0.020217,0.0907,0.1922,1196.6,1
0.021387,0.1182,0.0397,604.2,1
0.032888,0.0413,0.1616,1272.3,1
0.0543,0.1527,0.0935,1460.4,1
0.056481,0.1433,0.1006,865.8,1
0.00079,0.3729,0.8439,2849.6,0
0.038244,0.0863,0.1462,1771.2,1
0.015116,0.094,0.0603,1355.8,1
0.000157,0.3544,0.8358,3004.6,0
0.001695,0.3137,0.7,3582.5,0
0.001634,0.3134,0.793,2807.0,0
0.040667,0.0911,0.3987,1365.0,1
0.000321,0.3959,0.8453,3011.9,0
0.039464,0.1586,0.2319,1412.0,1
0.000918,0.2878,0.8973,2191.9,0
0.000147,0.2538,0.6673,2738.2,0
0.02787,0.161,0.198,1034.8,1
0.000529,0.4062,0.6796,2845.7,0
0.099511,0.1106,0.0144,1121.2,1
0.017824,0.138,0.1438,1201.6,1
0.062835,0.096,0.1039,1097.4,1
0.000536,0.1879,0.5771,2721.3,0
0.02531,0.0879,0.0076,1048.9,1
0.04768,0.0986,0.2174,601.8,1
0.04843,0.0797,0.164,1355.9,1
0.1285,0.1502,0.3642,883.7,1
0.025907,0.1674,0.4228,985.2,1
0.039428,0.1147,0.2691,1323.8,1
0.039006,0.1356,0.1882,1218.8,1
0.002349,0.3237,0.8245,2942.5,0
0.000496,0.4132,0.8266,2952.6,0
0.0011,0.4537,0.5048,2897.1,0
0.002578,0.4179,0.5865,2840.2,0
0.001764,0.5,0.9487,3116.1,0
0.001115,0.4399,0.741,2649.8,0
0.05124,0.1532,0.0851,1469.5,1
0.002637,0.3421,0.7873,1964.3,0
0.02959,0.1481,0.2168,1388.9,1
0.001041,0.269,0.8008,2485.5,0
0.001175,0.3282,0.7169,3082.9,0
0.000259,0.3955,0.7699,2883.4,0
0.000735,0.4838,0.8175,2419.6,0
0.046136,0.1927,0.3029,906.4,1
0.059155,0.0641,0.0897,977.6,1
0.001185,0.3861,0.8422,2667.9,0
0.052148,0.1049,0.0561,1482.1,1
0.036684,0.1653,0.0558,1212.6,1
0.070303,0.1429,0.1293,1169.3,1
0.023592,0.1068,0.3007,1479.8,1
0.046638,0.1397,0.2436,1106.8,1
0.039616,0.1471,0.1439,1263.6,1
0.034528,0.0548,0.1794,1866.2,1
0.000497,0.3388,0.9477,2932.1,0
0.000298,0.3106,0.8285,1783.1,0
0.092355,0.0799,0.1485,1343.7,1
0.033952,0.0993,0.4683,1603.3,1
0.088456,0.1299,0.1922,733.8,1
0.034509,0.1244,0.1426,1122.0,1
0.000129,0.356,0.7472,2675.5,0
0.038124,0.1094,0.3495,867.3,1
0.091395,0.1219,0.1954,1185.7,1
0.001651,0.3648,0.6129,2337.9,0
0.028753,0.18,0.186,1334.6,1
0.015557,0.1073,0.2709,1322.5,1
0.00169,0.4137,0.9325,2505.5,0
0.077693,0.1766,0.0567,1270.4,1
0.001361,0.4066,0.8359,2674.1,0
0.015996,0.1306,0.0083,1488.2,1
0.002503,0.4192,0.8857,2308.5,0
0.020736,0.1192,0.1487,947.6,1
0.022706,0.063,0.5463,1282.6,1
0.004441,0.386,0.9567,2406.1,0
0.042466,0.1284,0.3453,1231.3,1
0.047414,0.1068,0.2805,1390.5,1
0.001774,0.4825,0.9084,2528.0,0
0.000607,0.3955,0.7603,2974.2,0
0.025608,0.1464,0.1362,943.0,1
0.046557,0.1608,0.2883,1004.0,1
0.000349,0.4092,0.759,1869.8,0
0.000225,0.2718,0.5745,2875.8,0
0.000884,0.4711,0.8142,2882.8,0
0.024402,0.1298,0.3262,1286.4,1
0.000525,0.3414,0.871,3414.1,0
0.016432,0.0865,0.2486,1305.2,1
0.013265,0.1497,0.089,1655.6,1
0.002156,0.2795,0.7249,2932.2,0
0.03516,0.129,0.2772,1259.2,1
0.000628,0.3573,0.8607,3237.6,0
0.084096,0.1411,0.0659,991.1,1
0.000121,0.3648,0.8518,2034.1,0
0.023737,0.1155,0.0723,1192.5,1
0.038047,0.1461,0.0304,1140.4,1
0.00054,0.2163,0.6755,2499.8,0
0.000362,0.2525,0.7251,3110.4,0
0.000407,0.2595,0.5764,3413.3,0
0.000398,0.3532,0.834,2486.9,0
0.038503,0.0295,0.4467,1360.5,1
0.04225,0.1813,0.1686,927.1,1
0.036629,0.1139,0.2058,1226.8,1
0.035408,0.137,0.0352,1400.0,1
0.016588,0.1423,0.142,1144.6,1
0.039724,0.1288,0.1486,1166.7,1
0.000739,0.3159,0.8632,2666.3,0
0.000266,0.4376,0.8453,1841.8,0
0.000283,0.3765,0.7382,2626.1,0
0.059897,0.1583,0.1184,842.7,1
0.001314,0.283,0.4845,2476.0,0
0.000806,0.3312,0.8378,2418.0,0
0.000465,0.4163,0.5996,2118.0,0
0.027901,0.0805,0.081,1337.4,1
0.001112,0.3786,0.7582,2836.8,0
0.002214,0.3097,0.782,2944.4,0
0.000912,0.4339,0.9385,3218.5,0
0.000424,0.254,0.7211,2503.2,0
0.074141,0.1387,0.0578,1206.7,1
0.000293,0.4063,0.7202,2637.3,0
0.00115,0.3872,0.7538,3319.2,0
0.043517,0.1046,0.2238,1165.0,1
0.000757,0.3038,0.8219,2554.6,0
0.0013,0.4021,0.9138,3114.2,0
0.033081,0.1004,0.0243,1129.8,1
0.001206,0.2054,0.6206,2895.7,0
0.00097,0.3591,0.6424,2859.1,0
0.000678,0.3006,0.8,2804.5,0
0.01716,0.1756,0.2835,997.1,1
0.044563,0.1128,0.287,1456.8,1
0.045043,0.074,0.1985,1444.8,1
0.036578,0.1262,0.4052,1543.0,1
0.00144,0.306,0.7672,2231.3,0
0.001669,0.4273,0.802,3019.0,0
0.027137,0.1229,0.2878,1231.3,1
0.05169,0.1882,0.2936,667.7,1
0.000529,0.3722,0.553,3019.8,0
0.038103,0.1384,0.0945,929.2,1
0.00024,0.3091,0.9653,2463.9,0
0.001814,0.3707,0.7728,2507.8,0
0.000563,0.3563,0.898,2475.6,0
0.001095,0.3547,0.7296,2315.3,0
0.032147,0.1272,0.2126,1505.9,1
0.017154,0.0629,0.0721,754.7,1
0.001439,0.3568,0.9299,3401.8,0
0.001085,0.2569,0.9519,3440.7,0
0.016078,0.1561,0.3803,1271.0,1
0.000177,0.4378,0.5582,2657.7,0
0.054034,0.1496,0.1357,1374.5,1
0.002262,0.3187,0.9181,2364.5,0
0.042953,0.1625,0.1226,1122.8,1
0.00047,0.2549,0.8841,2330.9,0
0.000432,0.4182,0.9586,2845.0,0
0.002872,0.4996,0.7824,2849.1,0
0.000329,0.3213,0.7536,3225.4,0
0.000282,0.2239,0.7719,2968.5,0
0.056457,0.1716,0.005,1330.1,1
0.001409,0.2878,0.5886,3446.0,0
0.002289,0.3772,0.8744,3497.6,0
0.069699,0.1441,0.1759,1094.5,1
0.028592,0.1302,0.3203,1050.7,1
0.016806,0.0873,0.0959,929.0,1
0.064228,0.1575,0.2569,966.5,1
0.096561,0.1906,0.3627,1319.5,1
0.024019,0.1377,0.1987,1109.4,1
0.054614,0.1158,0.1924,1272.3,1
0.024368,0.0946,0.168,1055.6,1
0.000742,0.2801,0.7702,2799.4,0
0.000448,0.3565,0.7589,2320.3,0
0.001569,0.3689,0.8575,3037.8,0
0.035961,0.1141,0.1824,1661.2,1
0.070974,0.1311,0.3077,1241.6,1
0.0151,0.0684,0.1133,1319.6,1
0.003129,0.2736,0.8895,2598.5,0
0.04113,0.1754,0.0262,771.7,1
0.04728,0.1352,0.3775,1182.1,1
0.000197,0.3117,0.978,2481.3,0
0.076536,0.1342,0.2808,1610.8,1
0.001721,0.4313,0.8701,2343.3,0
0.030017,0.0671,0.3994,1492.8,1
0.041219,0.1409,0.3053,979.4,1
0.029085,0.1449,0.2608,1162.2,1
0.02473,0.1566,0.1634,1584.6,1
0.067106,0.1673,0.4086,1073.9,1
0.029172,0.1019,0.1885,1120.5,1
0.000825,0.2544,0.7977,2520.2,0
0.047569,0.1535,0.0971,1169.3,1
0.000687,0.4192,0.8628,3357.8,0
0.000323,0.2839,0.7432,1860.2,0
0.052061,0.1064,0.3954,1547.2,1
0.082513,0.1172,0.3086,1358.6,1
0.00064,0.2943,0.8264,2639.3,0
0.000624,0.3236,0.8823,3328.5,0
0.002112,0.3478,0.9473,3101.5,0
0.001518,0.2376,0.877,3162.5,0
0.000159,0.3003,0.6046,3078.1,0
0.057718,0.173,0.2717,1271.5,1
0.000901,0.2819,0.9464,2730.8,0
0.036035,0.0589,0.1974,1232.1,1
0.000422,0.3155,0.7443,2530.1,0
0.043174,0.1668,0.0858,1514.0,1
0.000238,0.3098,0.9441,3167.4,0
0.003752,0.333,0.7165,2389.5,0
0.000124,0.2994,0.9159,1786.0,0
0.017824,0.1147,0.3395,1385.5,1
0.043829,0.0992,0.2234,1371.4,1
0.000812,0.4765,0.9092,3442.7,0
0.000344,0.464,0.8875,2636.4,0
0.001433,0.2762,0.7496,2810.1,0
0.034009,0.1275,0.1249,1142.3,1
0.046519,0.1437,0.0501,1415.3,1
0.002201,0.2819,0.8101,3405.3,0
0.00298,0.3111,0.6151,2274.6,0
0.001064,0.3782,0.777,2394.4,0
0.001743,0.3209,0.8688,3084.7,0
0.034205,0.1431,0.0731,1414.7,1
0.000413,0.3915,0.8632,2995.1,0
0.000493,0.3742,0.8287,3097.5,0
0.003338,0.3415,0.884,2789.2,0
0.051271,0.094,0.2848,920.7,1
0.052035,0.0856,0.1173,1401.5,1
0.000578,0.2478,0.7252,3392.8,0
0.000108,0.387,0.9284,3169.2,0
0.000372,0.3098,0.7043,1907.0,0
0.039327,0.0813,0.1964,719.0,1
0.000491,0.396,0.7975,2791.6,0
0.062525,0.1414,0.3002,1166.9,1
0.00899,0.162,0.1581,748.7,1
0.036102,0.0633,0.1422,1214.8,1
0.001289,0.3045,0.7708,2345.3,0
0.016704,0.2124,0.0945,1125.1,1
0.015778,0.1397,0.0463,957.3,1
0.000278,0.3806,0.7658,3045.8,0
0.00023,0.389,0.7731,3667.9,0
0.001929,0.2004,0.6585,2269.1,0
0.000514,0.3863,0.8219,2154.0,0
0.000666,0.2088,0.8488,3180.7,0
0.096004,0.1378,0.1166,1117.5,1
0.000652,0.3786,0.4245,2989.1,0
0.034454,0.0814,0.3854,920.1,1
0.00288,0.3554,0.986,3651.9,0
0.063132,0.0985,0.4506,1567.3,1
0.001186,0.3874,0.9119,2577.8,0
0.0268,0.0705,0.2837,927.5,1
0.000736,0.4148,0.7047,3387.1,0
0.000892,0.1477,0.7459,2669.2,0
0.038024,0.097,0.2158,1210.9,1
0.001589,0.332,0.7876,3621.2,0
0.022512,0.0937,0.0965,1352.9,1
0.010114,0.1294,0.0563,1159.7,1
0.033879,0.12,0.0731,1020.4,1
0.045068,0.109,0.2419,1065.0,1
0.093966,0.0721,0.2489,1110.2,1
0.00322,0.2431,0.374,2691.0,0
0.038797,0.0975,0.0361,1224.7,1
0.034913,0.1537,0.1762,1247.9,1
0.000944,0.3243,0.9142,2980.6,0
0.000405,0.4404,0.8168,2930.0,0
0.052244,0.0887,0.4283,916.4,1
0.00108,0.3504,0.621,2396.8,0
0.002135,0.2296,0.7322,2442.4,0
0.000103,0.2884,0.8489,3142.2,0
0.065207,0.1613,0.1773,1295.4,1
0.000201,0.3933,0.7964,2540.0,0
0.036417,0.1731,0.057,1443.2,1
0.02253,0.1159,0.3719,1562.7,1
0.00285,0.3297,0.7818,3040.1,0
0.02433,0.1182,0.3129,1467.6,1
0.017574,0.0911,0.2643,823.5,1
0.025798,0.1778,0.285,1289.9,1
0.01563,0.0997,0.1292,1318.6,1
0.000227,0.3923,0.517,3374.4,0
0.036284,0.1935,0.3101,1108.7,1
0.001887,0.2622,0.7193,3389.9,0
0.000739,0.3084,0.8324,2848.4,0
0.0008,0.4959,0.8897,1879.9,0
0.00036,0.3431,0.6363,3160.4,0
0.060119,0.0985,0.2055,1138.0,1
0.002288,0.3723,0.8307,3474.3,0
0.016007,0.1235,0.2473,1477.4,1
0.012965,0.1143,0.4065,1157.5,1
0.072502,0.0951,0.0978,1327.4,1
0.001674,0.3192,0.5592,2770.9,0
0.029522,0.1812,0.3988,784.9,1
0.000515,0.2509,0.8229,3185.3,0
0.000645,0.3349,0.7735,2382.0,0
0.015426,0.1081,0.1505,1408.5,1
0.002111,0.3125,0.86,3339.6,0
0.003272,0.4367,0.5198,2937.5,0
0.025182,0.1411,0.1374,1407.5,1
0.00035,0.2967,0.8246,2279.0,0
0.01901,0.158,0.2042,1777.7,1
0.000702,0.436,0.8812,2248.9,0
0.000391,0.3069,0.5798,2553.4,0
0.000139,0.2938,0.7929,2941.0,0
0.002305,0.2908,0.7132,2344.5,0
0.001693,0.3552,0.8207,2823.3,0
0.022618,0.1724,0.13,1468.7,1
0.030081,0.1384,0.2408,987.1,1
0.0134,0.116,0.045,1035.7,1
0.00097,0.4563,0.9295,2950.4,0
0.02851,0.1204,0.1574,1302.4,1
0.06415,0.1326,0.2107,1189.2,1
0.0351,0.1528,0.0483,1202.9,1
0.002395,0.4833,0.782,2600.1,0
0.039654,0.0858,0.0602,1377.0,1
0.102093,0.1608,0.3002,1034.9,1
0.001151,0.2794,0.7028,3572.2,0
0.055258,0.077,0.205,1553.8,1
0.000779,0.3873,0.7743,2883.7,0
0.021493,0.0958,0.0701,1479.5,1
0.032956,0.1549,0.3727,1229.6,1
0.022115,0.1578,0.0851,1349.2,1
0.000518,0.3194,0.9757,2386.8,0
0.001628,0.3927,0.8782,2778.3,0
0.032045,0.1656,0.161,1265.5,1
0.054083,0.1613,0.1676,864.5,1
0.00125,0.3897,0.744,2701.6,0
0.039248,0.1674,0.207,1266.3,1
0.068418,0.1108,0.146,1937.1,1
0.001778,0.3741,0.8166,2772.6,0
0.002329,0.3306,0.6823,3320.9,0
0.002414,0.3015,0.9237,2600.2,0
0.020883,0.114,0.1123,1109.7,1
0.055847,0.1062,0.2257,1370.1,1
0.044569,0.0697,0.1273,1607.9,1
0.068831,0.0912,0.1548,1513.7,1
0.047205,0.0956,0.0121,1332.0,1
0.054616,0.1629,0.0953,1368.3,1
0.00049,0.2391,0.8893,2578.0,0
0.024816,0.1368,0.0875,1687.4,1
0.001531,0.2231,0.9161,2385.9,0
0.021002,0.1655,0.1099,1167.3,1
0.024854,0.1282,0.2679,1592.5,1
0.002344,0.3063,0.7317,2567.8,0
0.05076,0.1019,0.1117,1023.7,1
0.001524,0.2385,0.951,2724.6,0
0.045343,0.1281,0.067,1471.7,1
0.001187,0.3188,0.6337,2808.4,0
0.073203,0.1096,0.0446,684.4,1
0.000438,0.413,0.9479,2576.6,0
0.000653,0.3712,0.7481,3200.6,0
0.002046,0.2691,0.6736,3042.5,0
0.000929,0.2807,0.7144,2769.5,0
0.000146,0.3676,0.6633,2730.3,0
0.05338,0.1375,0.2564,1308.9,1
0.000156,0.345,0.7954,2269.8,0
0.002824,0.3889,0.467,3015.1,0
0.000338,0.36,0.9607,3457.8,0
0.049691,0.0941,0.1338,1479.9,1
0.011976,0.0842,0.1933,1466.9,1
0.027221,0.1582,0.065,1130.2,1
0.039415,0.0713,0.3728,1136.3,1
0.000628,0.5,0.91,2990.1,0
0.000136,0.3601,0.8584,2657.1,0
0.002211,0.359,0.5574,2752.0,0
0.031513,0.0755,0.2415,1198.4,1
0.03331,0.0343,0.0222,1573.9,1
0.010792,0.1013,0.2105,1650.7,1
0.001287,0.2734,0.7574,2672.7,0
0.000255,0.4134,0.6066,3439.1,0
0.002798,0.3842,0.8138,3119.5,0
0.049983,0.1119,0.1758,1318.3,1
0.001169,0.2129,0.7091,2587.1,0
0.043884,0.1211,0.2382,872.5,1
0.001112,0.4339,0.971,2271.8,0
0.064298,0.1303,0.1462,1236.4,1
0.071256,0.131,0.0242,1319.8,1
0.04964,0.1146,0.4641,1527.1,1
0.025152,0.1322,0.3815,1243.3,1
0.024628,0.1574,0.0697,1302.9,1
0.070841,0.208,0.179,1015.6,1
0.014244,0.0838,0.1951,1279.5,1
0.01861,0.091,0.3101,1404.8,1
0.027118,0.086,0.2201,1184.9,1
0.047614,0.1646,0.342,1154.9,1
0.080031,0.1744,0.2158,1293.6,1
0.083677,0.1466,0.0292,1164.6,1
0.000291,0.4106,0.8975,2469.3,0
0.000802,0.4436,0.9301,3345.2,0
0.035959,0.1322,0.1081,1558.6,1
0.022776,0.132,0.0545,1023.5,1
0.009013,0.1878,0.1601,1550.8,1
0.000108,0.3752,0.9133,3280.7,0
0.01839,0.1555,0.0398,1244.1,1
0.046624,0.1053,0.3293,1810.2,1
0.000406,0.4018,0.8535,2795.2,0
0.012085,0.0625,0.0204,1430.3,1
0.03252,0.1229,0.275,1446.6,1
0.000394,0.3709,0.888,3463.7,0
0.041979,0.0762,0.4059,1557.8,1
0.052276,0.1095,0.2534,1496.6,1
0.000323,0.2844,0.8259,1996.6,0
0.000411,0.422,0.703,2500.2,0
0.042411,0.1418,0.3239,1231.2,1
0.00157,0.4839,0.8613,2588.0,0
0.000102,0.4154,0.7658,1707.3,0
0.002172,0.188,0.9706,2786.8,0
0.031821,0.1135,0.0787,837.6,1
0.018079,0.1587,0.2984,1084.9,1
0.077308,0.1185,0.1392,1261.6,1
0.000164,0.3775,0.8498,2157.6,0
0.083681,0.1681,0.0799,1376.2,1
0.00073,0.2992,0.8404,2687.7,0
0.001014,0.2277,0.5563,3123.7,0
0.039404,0.0599,0.2192,1239.7,1
0.00017,0.2401,0.6652,2560.5,0
0.06076,0.1658,0.1447,1238.7,1
0.036758,0.2033,0.3243,1269.4,1
0.000142,0.2783,0.8926,3113.4,0
0.05125,0.0805,0.039,1403.3,1
0.052533,0.1016,0.058,1056.9,1
0.057962,0.1258,0.2643,1244.8,1
0.000963,0.3422,0.8368,2291.9,0
0.072585,0.1513,0.1777,834.7,1
0.003506,0.4307,0.5264,3296.0,0
0.060668,0.0951,0.1185,1768.4,1
0.000913,0.373,0.8845,2826.7,0
0.041677,0.1219,0.3497,1205.6,1
0.000998,0.3786,0.7415,2604.8,0
0.000589,0.3366,0.7457,2482.6,0
0.033272,0.1065,0.1893,803.6,1
0.053547,0.1366,0.1203,1606.1,1
0.026781,0.1751,0.1918,1716.6,1
0.014427,0.163,0.2698,1426.8,1
0.000805,0.433,0.6332,2533.9,0
0.018513,0.1438,0.1173,1316.1,1
0.043863,0.1136,0.1759,1185.0,1
0.001489,0.1193,0.6561,2893.7,0
0.161325,0.0874,0.2343,1483.4,1
0.034171,0.1821,0.5547,1340.1,1
0.06656,0.0953,0.1307,1309.2,1
0.044207,0.1145,0.263,1518.0,1
0.02155,0.0533,0.035,1242.5,1
0.000444,0.2954,0.582,3630.9,0
0.001556,0.418,0.8913,2920.5,0
0.065167,0.1616,0.2531,788.6,1
0.00233,0.4352,0.9356,3054.6,0
0.001502,0.3908,0.9338,3205.8,0
0.000932,0.304,0.8006,3226.5,0
0.040872,0.1196,0.1314,1070.8,1
0.000487,0.325,0.7454,2852.8,0
0.019679,0.1293,0.1114,1494.9,1
0.02521,0.1589,0.2492,1233.6,1
0.000301,0.4063,0.6599,2471.1,0
0.046519,0.0463,0.1126,1055.2,1
0.052445,0.0948,0.3699,1335.5,1
0.043589,0.1315,0.1178,1204.0,1
0.0223,0.0788,0.1108,1565.9,1
0.003801,0.3845,0.8332,2507.3,0
0.03575,0.1343,0.2301,1560.4,1
0.000631,0.2142,0.5722,2779.0,0
0.037776,0.1652,0.2653,1255.6,1
0.045676,0.1437,0.303,1282.1,1
0.035515,0.0848,0.1201,1588.3,1
0.001878,0.4293,0.7406,2881.7,0
0.00117,0.2981,0.853,3197.2,0
0.000349,0.3223,0.7432,2146.9,0
0.019019,0.1215,0.1798,1262.7,1
0.001592,0.3674,0.513,1913.5,0
0.021894,0.1185,0.1618,1073.0,1
0.002299,0.3206,0.6501,2101.4,0
0.041857,0.1702,0.2559,1631.7,1
0.001058,0.3939,0.8755,3264.0,0
0.024396,0.0979,0.2197,1000.4,1
0.053228,0.1444,0.2748,1510.7,1
0.042408,0.1009,0.3125,1712.4,1
0.017383,0.1099,0.2381,1612.2,1
0.001569,0.3333,0.7586,2761.3,0
0.050599,0.1405,0.1596,991.1,1
0.001025,0.2107,0.7603,2284.9,0
0.000936,0.3212,0.7704,2230.5,0
0.014947,0.1839,0.0203,1022.4,1
0.046547,0.0433,0.2131,1465.4,1
0.026709,0.1328,0.1015,1507.9,1
0.000405,0.2665,0.894,2736.5,0
0.004087,0.4545,0.7795,3386.6,0
0.00037,0.337,0.9719,2684.4,0
0.003168,0.1926,0.8963,3000.3,0
0.001149,0.4512,0.8413,3051.0,0
0.000151,0.2774,0.8808,3242.4,0
0.000509,0.5,0.655,3800.0,0
0.050934,0.1157,0.3937,1287.3,1
0.00189,0.3796,0.8007,1750.1,0
0.050914,0.0593,0.0282,901.9,1
0.000472,0.3314,0.8517,2730.5,0
0.035149,0.1579,0.1552,1466.7,1
0.030734,0.096,0.0753,955.4,1
0.000902,0.3543,0.8412,3015.9,0
0.037842,0.165,0.2215,1117.1,1
0.000159,0.3396,0.9113,2161.9,0
0.036443,0.1579,0.1994,1387.2,1
0.000581,0.3784,0.7585,2434.0,0
0.026045,0.1018,0.2114,1098.6,1
0.00075,0.3624,0.5246,3407.5,0
0.001039,0.437,0.7142,2485.5,0
0.113106,0.0765,0.1647,1106.6,1
0.000891,0.496,0.887,3338.4,0
0.030366,0.1361,0.2187,1679.2,1
0.052741,0.1445,0.1095,1051.9,1
0.015794,0.1401,0.14,1169.4,1
0.000644,0.2512,0.6096,2294.9,0
0.051285,0.0603,0.0871,930.4,1
0.031605,0.1223,0.1727,995.8,1
0.000633,0.3183,0.7005,2787.2,0
0.001418,0.3717,0.9007,3283.2,0
0.001321,0.3595,0.8887,2919.7,0
0.023433,0.1304,0.3751,1000.9,1
0.000312,0.4148,0.8604,2769.0,0
0.016214,0.1429,0.0634,1366.0,1
0.000489,0.4097,0.9206,2409.3,0
0.000262,0.4423,0.8662,2653.9,0
0.028608,0.1392,0.1721,1368.9,1
0.024969,0.1084,0.4773,1713.2,1
0.063974,0.1504,0.2441,825.2,1
0.063346,0.1186,0.1038,931.1,1
0.054079,0.1068,0.3373,931.9,1
0.002524,0.2521,0.902,2739.9,0
0.000769,0.2184,0.4228,2584.4,0
0.034092,0.1581,0.0559,1225.7,1
0.046603,0.1576,0.0682,959.6,1
0.028697,0.1299,0.4703,1522.8,1
0.00215,0.1556,0.6211,3408.7,0
0.000635,0.3558,0.8659,2773.3,0
0.00152,0.428,0.7627,2776.4,0
0.028637,0.1168,0.1816,1166.5,1
0.044376,0.0671,0.1117,1468.3,1
0.020351,0.116,0.6048,1518.7,1
0.000606,0.2836,0.7107,2220.1,0
0.033988,0.1014,0.1427,1877.6,1
0.084591,0.156,0.2569,1379.9,1
0.000794,0.4459,0.6934,2564.0,0
0.119326,0.1353,0.0786,1336.5,1
0.000962,0.4485,0.8431,2673.5,0
0.000625,0.3972,0.8516,2968.0,0
0.011384,0.1551,0.2161,920.0,1
0.061185,0.0788,0.1744,1070.3,1
0.001174,0.2917,0.692,2998.6,0
0.052833,0.1286,0.2479,1223.6,1
0.000609,0.452,0.7235,2657.0,0
0.044841,0.1451,0.1108,1093.4,1
0.010574,0.0968,0.3375,1507.2,1
0.050805,0.1194,0.0693,1139.4,1
0.013705,0.1118,0.1233,947.7,1
0.001408,0.3428,0.4458,2120.4,0
0.001254,0.5,0.3822,2755.1,0
0.02991,0.0983,0.2623,784.7,1
0.000372,0.2462,0.9123,2661.7,0
0.03828,0.1542,0.1254,1345.7,1
0.000417,0.4265,0.6151,3087.6,0
0.001784,0.3914,0.6327,2886.1,0
0.00013,0.3644,0.7392,2843.1,0
0.02455,0.1193,0.0719,1385.8,1
0.00043,0.2343,0.9329,3800.0,0
0.088114,0.0954,0.1392,964.4,1
0.001691,0.1816,0.7087,2799.2,0
0.002255,0.457,0.7765,2751.5,0
0.072734,0.1247,0.2777,1357.3,1
0.06278,0.1344,0.2149,1510.7,1
0.053966,0.1062,0.1003,1220.2,1
0.033776,0.0461,0.1685,1168.9,1
0.005296,0.3514,0.8825,1898.1,0
0.002005,0.3297,0.8603,2943.2,0
0.066217,0.1111,0.0798,1298.0,1
0.002114,0.257,0.8206,3225.3,0
0.007667,0.0636,0.2536,1081.3,1
0.037726,0.1066,0.3064,1016.5,1
0.000644,0.33,0.7275,2900.6,0
0.033677,0.1133,0.2123,1073.9,1
0.000339,0.3378,0.7771,2569.5,0
0.00142,0.3231,0.6758,2907.4,0
0.001639,0.38,0.7638,2854.4,0
0.040971,0.1818,0.1413,1748.5,1
0.001996,0.3061,0.6825,2658.2,0
0.017061,0.0955,0.0543,1225.1,1
0.023796,0.1084,0.308,1126.6,1
0.060176,0.0783,0.2518,1546.2,1
0.070653,0.1278,0.0865,896.1,1
0.061989,0.1159,0.2236,1717.5,1
0.000926,0.4135,0.6184,2670.0,0
0.019226,0.1559,0.0856,1311.9,1
0.031781,0.1672,0.2739,974.3,1
0.03365,0.1501,0.354,1300.8,1
0.027778,0.1124,0.2093,1374.0,1
0.020277,0.0725,0.2061,1432.1,1
0.042154,0.1097,0.1169,1359.9,1
0.041252,0.1183,0.054,967.4,1
0.031212,0.1338,0.1834,1282.5,1
0.079954,0.1004,0.3127,877.9,1
0.000232,0.2788,0.839,3686.6,0
0.034946,0.129,0.4138,1208.5,1
0.000184,0.3044,0.9642,2755.8,0
0.054352,0.1699,0.3541,1054.3,1
0.069265,0.1617,0.2799,1168.3,1
0.014486,0.1071,0.3715,1393.6,1
0.000127,0.3501,0.8149,3356.5,0
0.030213,0.1467,0.1361,1527.8,1
0.056135,0.1641,0.0418,1520.0,1
0.000142,0.377,0.7077,2047.6,0
0.04287,0.0995,0.292,1155.5,1
0.041177,0.1012,0.2187,876.6,1
0.091372,0.1275,0.3144,665.1,1
0.000181,0.2943,0.8756,2960.2,0
0.009813,0.1205,0.1355,1515.3,1
0.054744,0.1635,0.2922,1143.9,1
0.000218,0.3187,0.9469,2804.8,0
0.001244,0.2846,0.9339,3423.3,0
0.053363,0.12,0.2666,1464.8,1
0.023498,0.1555,0.1568,1449.5,1
0.134631,0.1385,0.3327,861.6,1
0.00506,0.4015,0.8906,2696.4,0
0.000694,0.2725,0.9161,2053.3,0
0.007124,0.414,0.8201,2715.3,0
0.000587,0.3577,0.3523,2811.8,0
0.017922,0.0651,0.2493,1172.2,1
0.048118,0.1571,0.1397,1070.9,1
0.035184,0.1575,0.2036,975.5,1
0.000666,0.4307,0.3878,2825.1,0
0.012529,0.0773,0.1909,901.1,1
0.003211,0.4155,0.5749,3345.5,0
0.000189,0.3204,0.8985,2708.7,0
0.04853,0.1164,0.2666,1332.3,1
0.038388,0.0653,0.6188,993.1,1
0.040827,0.0962,0.3591,1182.4,1
0.000102,0.3297,0.9586,2617.9,0
0.051216,0.1338,0.091,1236.3,1
0.025064,0.1462,0.3861,1071.7,1
0.010718,0.1757,0.1409,1474.6,1
0.000677,0.202,0.7569,2133.4,0
0.025703,0.1035,0.3101,1051.4,1
0.041315,0.1322,0.1238,1334.0,1
0.036384,0.1307,0.1796,1379.5,1
0.001396,0.4429,0.8491,3390.2,0
0.000555,0.3057,0.8981,3581.0,0
0.004437,0.4387,0.8608,2950.4,0
0.000169,0.2231,0.7752,3598.3,0
0.040427,0.1479,0.0404,1004.6,1
0.002587,0.3319,0.749,2675.7,0
0.001143,0.3818,0.8133,2544.6,0
0.000495,0.2813,0.7491,3604.4,0
0.001535,0.3403,0.8035,2866.2,0
0.000703,0.4454,0.7064,2493.6,0
0.025869,0.1242,0.0375,1316.2,1
0.071491,0.1556,0.2434,1193.2,1
0.000379,0.2947,0.716,3211.8,0
0.000223,0.5,0.5563,2984.9,0
0.000355,0.3793,0.6646,2404.8,0
0.000747,0.29,0.8613,2282.1,0
0.056219,0.0925,0.0528,1297.1,1
0.101265,0.0757,0.3731,1190.4,1
0.049398,0.0321,0.3787,1076.0,1
0.035403,0.0738,0.0545,1764.7,1
0.001262,0.4278,0.8369,3364.2,0
0.023026,0.162,0.0558,872.9,1
0.031464,0.1013,0.46,1595.1,1
0.012049,0.0957,0.0542,1575.8,1
0.000217,0.4435,0.6529,3070.0,0
0.066136,0.1175,0.0769,1619.9,1
0.10714,0.118,0.1175,1695.7,1
0.030455,0.1572,0.2635,1160.9,1
0.00113,0.2624,0.6129,2965.4,0
0.035398,0.1029,0.4611,1655.3,1
0.030117,0.1205,0.237,1500.5,1
0.019824,0.1428,0.0913,1505.4,1
0.082162,0.2202,0.2284,1648.7,1
0.014395,0.1811,0.3041,1080.2,1
0.000736,0.2285,0.9607,1483.5,0
0.016391,0.1021,0.1905,1363.4,1
0.027022,0.117,0.0518,1017.3,1
0.07971,0.0965,0.2595,1456.9,1
0.003071,0.5,0.4467,2910.7,0
0.044991,0.1313,0.1004,1239.7,1
0.071635,0.1414,0.2911,1259.2,1
0.04667,0.0512,0.1723,1259.4,1
0.047931,0.0894,0.1759,1261.2,1
0.046291,0.1708,0.3077,779.2,1
0.063443,0.0814,0.239,1023.3,1
0.000257,0.3326,0.7879,2589.7,0
0.000349,0.3499,0.5795,2866.8,0
0.0009,0.2879,0.8691,3023.4,0
0.001251,0.4295,0.6229,2154.0,0
0.023385,0.1103,0.0506,1531.1,1
0.045736,0.1039,0.1938,828.8,1
0.01252,0.0961,0.1557,1406.5,1
0.001292,0.2096,0.8161,3094.5,0
0.004564,0.3886,0.8741,2464.6,0
0.01818,0.1816,0.1703,1205.9,1
0.022459,0.1721,0.2521,1195.2,1
0.000749,0.3331,0.772,2610.3,0
0.035064,0.1027,0.2213,975.4,1
0.055152,0.1599,0.138,999.4,1
0.003117,0.4195,0.9103,2707.5,0
0.034765,0.1433,0.2672,953.6,1
0.000444,0.4081,0.8343,3253.5,0
0.023203,0.1259,0.1851,966.5,1
0.049465,0.1035,0.2753,889.3,1
0.000842,0.412,0.6933,2724.4,0
0.024745,0.1652,0.2837,1407.7,1
0.02739,0.0988,0.2912,937.0,1
0.025684,0.0827,0.1328,908.7,1
0.005654,0.2687,0.5178,2758.5,0
0.000553,0.3869,0.8979,2265.8,0
0.000271,0.2863,0.6567,3123.1,0
0.067973,0.1174,0.024,1594.1,1
0.07133,0.1604,0.047,1196.6,1
0.000935,0.387,0.8273,3304.6,0
0.047797,0.2012,0.2315,986.9,1
0.011029,0.0818,0.2803,975.1,1
0.049662,0.1197,0.1739,1107.7,1
0.061846,0.0716,0.0919,1035.4,1
0.0282,0.0818,0.165,1253.7,1
0.072422,0.166,0.1094,932.9,1
0.02364,0.0884,0.2974,1284.2,1
0.000221,0.291,0.8684,2781.3,0
0.001825,0.2913,0.8651,2375.0,0
0.001308,0.4617,0.3423,1252.6,0
0.029615,0.0782,0.1106,1320.5,1
0.000689,0.4003,0.7524,3800.0,0
0.000963,0.4205,0.231,2646.1,0
0.073764,0.164,0.1856,1166.2,1
0.001355,0.3755,0.8261,2551.7,0
0.001271,0.355,0.9447,2833.1,0
0.002281,0.2545,0.6905,3336.4,0
0.013454,0.0757,0.233,1511.6,1
0.000954,0.3187,0.7573,2812.5,0
0.075925,0.1166,0.1659,642.3,1
0.057004,0.1431,0.3162,1348.3,1
0.034325,0.1462,0.3957,888.4,1
0.034375,0.0975,0.2923,1757.3,1
0.043177,0.0947,0.0548,1127.2,1
0.001564,0.4054,0.646,2880.2,0
0.001118,0.2565,0.8471,2064.5,0
0.000275,0.4361,0.7757,3403.1,0
0.002615,0.4272,0.8847,2252.2,0
0.000558,0.3314,0.6137,2518.5,0
0.003433,0.3676,0.6199,3723.5,0
0.01417,0.1191,0.344,1257.9,1
0.043191,0.1638,0.4938,1056.2,1
0.002261,0.344,0.9025,2605.6,0
0.02954,0.1447,0.1023,1185.2,1
0.001643,0.4432,0.8551,3054.1,0
0.000194,0.336,0.6675,2157.7,0
0.038714,0.2299,0.2656,1370.3,1
0.001007,0.4414,0.6142,3380.4,0
0.000736,0.3856,0.6684,3123.4,0
0.002544,0.2522,0.6249,3561.2,0
0.057089,0.1602,0.1822,1090.3,1
0.06505,0.1175,0.1019,1194.8,1
0.000833,0.5,0.7192,2720.0,0
0.030787,0.1074,0.4527,962.1,1
0.027064,0.1043,0.0508,1041.4,1
0.037791,0.1495,0.0342,1584.8,1
0.022802,0.1631,0.0534,1674.7,1
0.001709,0.2836,0.8183,2905.1,0
0.000237,0.408,0.8966,2349.1,0
0.029216,0.126,0.21,1445.2,1
0.04503,0.1408,0.0651,1084.2,1
0.037787,0.1672,0.1382,952.7,1
0.038883,0.124,0.2069,1447.3,1
0.018712,0.1604,0.1971,1101.4,1
0.034254,0.0569,0.2577,1091.8,1
0.063434,0.078,0.1468,1380.5,1
0.053204,0.1197,0.1254,1411.5,1
0.031099,0.1566,0.1841,1366.5,1
0.001391,0.3803,0.7916,2913.3,0
0.001539,0.35,0.6242,2565.8,0
0.072944,0.1333,0.1154,1279.3,1
0.028236,0.112,0.3132,1631.3,1
0.052737,0.1691,0.0448,1055.4,1
0.037737,0.1235,0.0561,1528.1,1
0.001202,0.2724,0.9036,3000.6,0
0.000751,0.3705,0.6792,3145.6,0
0.039122,0.1067,0.045,1369.1,1
0.000928,0.5,0.4243,2535.9,0
0.00154,0.3147,0.8099,3222.9,0
0.000484,0.4101,0.8794,2514.4,0
0.000568,0.1987,0.8675,2585.7,0
0.01436,0.1034,0.1647,1158.7,1
0.001537,0.4243,0.9097,2318.7,0
0.008,0.1381,0.1795,1225.2,1
0.000295,0.3223,0.5106,2991.7,0
0.064757,0.1217,0.1455,1600.0,1
0.00078,0.2511,0.9538,3517.5,0
0.064781,0.117,0.118,1670.4,1
0.037471,0.1259,0.2051,1156.6,1
0.001444,0.2907,0.9456,2418.0,0
0.068623,0.1184,0.2502,1162.5,1
0.040741,0.0611,0.1269,1384.6,1
0.00029,0.3598,0.934,2838.5,0
0.000559,0.3553,0.8053,2469.2,0
0.062665,0.1231,0.1959,1274.0,1
0.010329,0.1158,0.1138,1786.4,1
0.000927,0.3396,0.5561,2971.5,0
0.000684,0.3171,0.708,2449.6,0
0.037351,0.1296,0.4136,1527.7,1
0.018799,0.1784,0.1752,1244.8,1
0.058775,0.1153,0.1655,1483.6,1
0.000255,0.3763,0.7551,2179.6,0
0.040748,0.1748,0.3377,1133.5,1
0.000324,0.4029,0.6533,2849.8,0
0.001329,0.3337,0.939,3142.9,0
0.052752,0.09,0.1394,1324.7,1
0.016267,0.1327,0.1193,986.9,1
0.001132,0.3113,0.8127,3417.9,0
0.031729,0.1822,0.4347,1376.5,1
0.012967,0.0763,0.2063,1449.2,1
0.032629,0.1961,0.1617,906.3,1
0.028696,0.1602,0.0593,1135.3,1
0.034625,0.1538,0.1788,1064.6,1
0.000183,0.2713,0.8816,2577.7,0
0.014283,0.0883,0.4191,1359.4,1
0.074066,0.1419,0.0441,1345.5,1
0.126589,0.0472,0.2601,1473.3,1
0.02929,0.0673,0.2227,911.9,1
0.036999,0.1479,0.0289,1130.5,1
0.000943,0.3692,0.963,1938.0,0
0.001236,0.3906,0.8977,2742.9,0
0.025708,0.1083,0.3419,1182.4,1
0.000769,0.4189,0.5703,2937.2,0
0.002381,0.257,0.6632,3136.4,0
0.062941,0.1358,0.1805,1325.4,1
0.050819,0.113,0.4532,1479.7,1
0.000324,0.3197,0.7393,3254.7,0
0.044669,0.1384,0.3634,1579.7,1
0.016565,0.0841,0.1236,1153.4,1
0.02947,0.1461,0.0755,1114.8,1
0.058786,0.1447,0.0317,1441.0,1
0.000484,0.4245,0.9348,2896.8,0
0.000196,0.2466,0.9101,3128.4,0
0.002243,0.2634,0.7818,2923.3,0
0.043816,0.1175,0.226,1553.5,1
0.024171,0.0752,0.055,1304.4,1
0.028535,0.01,0.1204,1318.6,1
0.041013,0.1156,0.0635,1508.5,1
0.057274,0.0852,0.1428,1178.8,1
0.016994,0.0901,0.2588,1250.4,1
0.000106,0.5,0.8068,3303.9,0
0.000183,0.3578,0.3883,3024.9,0
0.036338,0.1577,0.113,675.8,1
0.000369,0.3402,0.5237,2432.5,0
0.002527,0.341,0.6786,3139.8,0
0.040632,0.1316,0.2217,1220.0,1
0.000559,0.4946,0.8663,3405.8,0
0.029714,0.1782,0.2344,1652.0,1
0.001274,0.3459,0.8232,2267.9,0
0.000252,0.3275,0.8909,2677.7,0
0.002249,0.4022,0.8089,2870.8,0
0.048054,0.0572,0.4335,1263.8,1
0.003961,0.1978,0.6502,2138.9,0
0.044441,0.1278,0.129,1403.3,1
0.094043,0.1153,0.418,1339.0,1
0.049225,0.1827,0.222,1014.3,1
0.000665,0.2629,0.7597,3058.6,0
0.023805,0.1394,0.1632,1137.3,1
0.014531,0.1605,0.1632,1665.8,1
0.015266,0.1176,0.2312,1091.6,1
0.017778,0.1062,0.3008,1444.6,1
0.00079,0.3418,0.5499,2859.0,0
0.014912,0.1348,0.3097,1359.2,1
0.001638,0.3125,0.7267,3091.9,0
0.000232,0.2841,0.8592,2033.7,0
0.000186,0.3967,0.692,2103.5,0
0.027291,0.1118,0.1353,1477.0,1
0.022833,0.1534,0.1663,1476.5,1
0.002033,0.3757,0.7066,2446.3,0
0.044736,0.118,0.2022,1100.7,1
0.002296,0.4722,0.9157,2419.7,0
0.054473,0.1024,0.1259,825.8,1
0.000426,0.4443,0.8191,2736.8,0
0.000286,0.3613,0.5492,1977.2,0
0.000458,0.329,0.853,2685.6,0
0.000358,0.298,0.8235,2666.4,0
0.030656,0.1171,0.097,1497.3,1
0.000979,0.2682,0.7832,2913.8,0
0.050556,0.0866,0.3595,1122.1,1
0.00031,0.3923,0.7993,2960.0,0
0.053307,0.0699,0.0722,1561.6,1
0.037845,0.1289,0.2754,1398.6,1
0.00074,0.2987,0.923,2418.5,0
0.037444,0.1237,0.0795,973.4,1
0.000432,0.3113,0.7765,2863.1,0
0.034793,0.0829,0.0148,1102.4,1
0.001228,0.2902,0.5615,2285.8,0
0.023833,0.1894,0.4331,1062.1,1
0.056311,0.1176,0.3341,1469.1,1
0.01905,0.1103,0.1413,739.9,1
0.024642,0.0634,0.169,914.4,1
0.014495,0.1328,0.3452,1790.3,1
0.000438,0.2033,0.7705,2439.6,0
0.020764,0.1033,0.2572,1071.4,1
0.034621,0.1114,0.0942,990.5,1
0.000585,0.2525,0.748,2903.0,0
0.036554,0.1243,0.2151,1275.5,1
0.000992,0.2462,0.7656,2309.5,0
0.056085,0.041,0.1107,1021.8,1
0.031205,0.1187,0.3687,1310.3,1
0.001087,0.2563,0.8158,1864.2,0
0.015294,0.1253,0.2659,1068.6,1
0.00118,0.4254,0.8652,2889.8,0
0.001533,0.3889,0.7997,3349.3,0
0.000755,0.3637,0.8342,2140.8,0
0.030336,0.1074,0.1644,1300.6,1
0.002561,0.4764,0.9197,3155.1,0
0.000162,0.3597,0.7918,3092.6,0
0.044682,0.1461,0.0852,1271.2,1
0.000457,0.3302,0.5983,2433.2,0
0.000304,0.3619,0.6209,2380.0,0
0.000474,0.3006,0.7769,2253.2,0
0.000653,0.232,0.9158,2945.3,0
0.03681,0.121,0.0727,1053.6,1
0.000236,0.3988,0.7612,2547.3,0
0.032511,0.1456,0.1229,1260.6,1
0.019748,0.1251,0.1582,1333.1,1
0.000757,0.3013,0.8956,2377.9,0
0.000506,0.4342,0.763,2697.4,0
0.00284,0.265,0.7557,3188.2,0
0.047886,0.0871,0.1835,1214.2,1
0.002704,0.3909,0.8137,2655.2,0
0.000191,0.3704,0.9059,2770.0,0
0.039196,0.1268,0.2393,552.5,1
0.000385,0.4209,0.9299,2216.2,0
0.001853,0.3107,0.6312,3004.2,0
0.04089,0.1207,0.1954,1433.8,1
0.046606,0.1574,0.0493,1435.8,1
0.000148,0.3826,0.7468,2700.3,0
0.108648,0.1352,0.2159,1582.1,1
0.000724,0.3028,0.7118,3066.3,0
0.049956,0.1712,0.2223,1298.2,1
0.027744,0.1058,0.2154,1389.4,1
0.040717,0.1352,0.3348,1182.1,1
0.043759,0.1145,0.1087,1541.0,1
0.095205,0.0858,0.2126,1131.9,1
0.044201,0.1,0.2843,1362.1,1
0.032168,0.0935,0.3332,1258.9,1
0.000139,0.4256,0.548,2974.2,0
0.026005,0.1741,0.3282,987.6,1
0.124752,0.1075,0.0947,1763.4,1
0.052577,0.1367,0.1084,1099.3,1
0.002168,0.4337,0.8152,2872.2,0
0.012018,0.1216,0.1784,1195.6,1
0.027124,0.1377,0.266,1117.8,1
0.049978,0.123,0.1575,1460.4,1
0.015738,0.0909,0.2706,1439.7,1
0.00013,0.4428,0.5903,2205.6,0
0.004163,0.3933,0.9455,3014.1,0
0.000369,0.3586,0.8777,2388.7,0
0.000557,0.2432,0.492,3094.4,0
0.066768,0.0362,0.096,781.2,1
0.027197,0.0925,0.0689,1202.5,1
0.02325,0.1035,0.1676,1213.4,1
0.081151,0.1732,0.0989,805.2,1
0.000601,0.3002,0.8755,2579.1,0
0.003506,0.353,0.8341,2475.6,0
0.001298,0.3383,0.8802,3013.5,0
0.001327,0.412,0.7611,2396.6,0
0.038391,0.1203,0.3329,456.5,1
0.001768,0.3106,0.7333,3131.5,0
0.002489,0.2075,0.929,2791.5,0
0.003358,0.3841,0.9226,2737.6,0
0.022875,0.1004,0.3256,998.5,1
0.057693,0.0526,0.2455,1578.4,1
0.03413,0.0825,0.1014,1231.6,1
0.000606,0.3192,0.6507,3060.8,0
0.038927,0.1249,0.0754,1183.8,1
0.001224,0.2779,0.482,2583.5,0
0.011977,0.1678,0.0473,1478.5,1
0.076491,0.1135,0.1153,1624.3,1
0.035834,0.1205,0.3109,1533.4,1
0.029363,0.2037,0.0897,1451.5,1
0.000102,0.5,0.7032,2184.7,0
0.038072,0.11,0.2296,1350.9,1
0.000826,0.4165,0.7197,3217.4,0
0.044437,0.1393,0.3657,1093.7,1
0.000264,0.2894,0.7034,3269.0,0
0.005147,0.4277,0.667,3679.4,0
0.008586,0.177,0.1533,1156.5,1
0.053481,0.1699,0.2276,1039.5,1
0.000968,0.3994,0.9393,2725.5,0
0.021035,0.1195,0.0733,1202.2,1
0.046354,0.1226,0.2834,1418.5,1
0.000736,0.4606,0.9549,2140.2,0
0.052494,0.1471,0.1013,1394.7,1
0.019133,0.1084,0.4024,1055.6,1
0.02719,0.1351,0.1717,1327.8,1
0.000771,0.3567,0.6697,2869.5,0
0.002479,0.3351,0.7064,2433.3,0
0.029395,0.1366,0.2188,1685.1,1
0.035697,0.1394,0.4215,967.9,1
0.031115,0.1275,0.1384,1464.8,1
0.000115,0.3675,0.859,2330.5,0
0.034964,0.0845,0.3056,1273.4,1
0.026956,0.0747,0.2131,1432.8,1
0.002107,0.3564,0.963,3004.9,0
0.022719,0.0854,0.1596,1155.7,1
0.025975,0.1563,0.0545,1238.9,1
0.000741,0.3194,0.5577,3446.2,0
0.031907,0.1425,0.1162,1330.8,1
0.000441,0.3525,0.7703,3540.3,0
0.079353,0.0877,0.1872,1194.9,1
0.002297,0.4418,0.5227,2452.6,0
0.000313,0.35,0.7549,2363.3,0
0.013472,0.1662,0.4654,1355.9,1
0.01079,0.0725,0.116,1577.0,1
0.004598,0.3895,0.8084,2251.6,0
0.019445,0.0754,0.2586,1135.1,1
0.000903,0.3023,0.9042,2986.8,0
0.001281,0.5,0.7687,2676.2,0
0.001478,0.3169,0.6046,2692.5,0
0.02391,0.1005,0.0566,1392.8,1
0.002828,0.3178,0.8776,3575.7,0
0.000848,0.3742,0.8914,2717.3,0
0.000197,0.4444,0.9012,1923.2,0
0.000606,0.2694,0.9045,3021.2,0
0.045887,0.0718,0.1298,1192.1,1
0.040059,0.0867,0.2927,1486.9,1
0.001301,0.2373,0.9771,2092.7,0
0.0213,0.0737,0.0554,1943.1,1
0.036145,0.1013,0.1359,1421.4,1
0.024021,0.137,0.2029,1142.8,1
0.07963,0.1174,0.1737,1227.9,1
0.05116,0.1,0.2163,658.2,1
0.000707,0.4942,0.6838,2782.4,0
0.008742,0.0473,0.0568,940.2,1
0.045366,0.1445,0.1259,1281.5,1
0.01471,0.0868,0.104,791.9,1
0.072066,0.0305,0.2242,802.0,1
0.001829,0.4086,0.7753,3800.0,0
0.053133,0.1213,0.3231,1550.9,1
0.054588,0.1469,0.2337,1481.9,1
0.000722,0.4568,0.7836,2845.6,0
0.001381,0.3032,0.8952,2561.5,0
0.050884,0.1109,0.2374,964.1,1
0.040537,0.1188,0.0214,1576.8,1
0.02738,0.0954,0.1368,959.5,1
0.034228,0.1616,0.3297,1291.0,1
0.000451,0.329,0.5835,2932.0,0
0.0004,0.4577,0.7169,3251.8,0
0.001403,0.2552,0.5629,2730.8,0
0.001359,0.3746,0.7265,2840.5,0
0.003654,0.3278,0.8598,3800.0,0
0.000472,0.3876,0.5968,2134.4,0
0.062584,0.0331,0.3355,1243.2,1
0.020012,0.1233,0.3154,1318.1,1
0.000784,0.2833,0.7183,2721.7,0
0.001202,0.2099,0.8376,3100.4,0
0.001313,0.2513,0.88,1356.9,0
0.050211,0.1356,0.2467,1668.5,1
0.001493,0.3664,0.7507,3357.9,0
0.001392,0.4348,0.8305,2534.9,0
0.092459,0.085,0.2044,1357.7,1
0.0153,0.1622,0.3129,1674.3,1
0.001254,0.3359,0.878,3778.5,0
0.001346,0.3886,0.5959,2199.3,0
0.003019,0.2813,0.4074,3300.9,0
0.03816,0.1341,0.3737,1341.9,1
0.024513,0.206,0.1376,992.5,1
0.001558,0.3162,0.871,2468.9,0
0.017321,0.1029,0.1143,1074.3,1
0.001874,0.2507,0.8741,3151.7,0
0.000392,0.3732,0.9499,2992.6,0
0.00093,0.3993,0.9008,2879.0,0
0.032924,0.1926,0.1686,1306.1,1
0.000524,0.3628,0.8975,2092.9,0
0.000471,0.4375,0.9441,2786.3,0
0.002034,0.4028,0.5906,3401.8,0
0.001566,0.3407,0.7931,2294.0,0
0.048399,0.1299,0.1862,1072.4,1
0.001192,0.4545,0.9267,2843.3,0
0.004269,0.3678,0.6796,2929.2,0
0.114094,0.1444,0.2788,538.2,1
0.017125,0.0924,0.0794,1325.1,1
0.036368,0.1148,0.0577,1897.4,1
0.026913,0.1455,0.384,812.6,1
0.000533,0.2792,0.9361,2065.5,0
0.016457,0.1645,0.2401,1491.1,1
0.020455,0.0627,0.4421,1174.6,1
0.000215,0.4125,0.6159,3369.3,0
0.049559,0.1227,0.0617,1120.0,1
0.000656,0.4168,0.8094,3114.6,0
0.013722,0.094,0.1574,2013.7,1
0.013533,0.1409,0.4244,1207.3,1
0.011236,0.0948,0.1716,1187.7,1
0.031984,0.1107,0.556,1310.7,1
0.033515,0.1058,0.3815,1352.8,1
0.001926,0.4107,0.7325,3209.1,0
0.001395,0.3423,0.5271,2851.4,0
0.003146,0.2955,0.9135,2605.8,0
0.000992,0.37,0.8246,2678.8,0
0.035797,0.1503,0.1509,1298.4,1
0.000444,0.1416,0.9674,2818.2,0
0.000498,0.5,0.7157,2719.3,0
0.022146,0.1416,0.0443,927.6,1
0.054695,0.01,0.3604,1627.3,1
0.001921,0.3931,0.4569,2783.7,0
0.000364,0.2752,0.6737,2725.0,0
0.000833,0.2337,0.6456,3127.9,0
0.113417,0.0498,0.3519,1188.1,1
0.004483,0.253,0.7969,2087.9,0
0.057054,0.122,0.0339,914.6,1
0.000723,0.4115,0.8483,3171.2,0
0.004532,0.4732,0.8338,3644.5,0
0.022854,0.1461,0.0795,1844.2,1
0.000502,0.4104,0.6966,3402.2,0
0.0001,0.3773,0.8502,2677.1,0
0.000984,0.3702,0.7452,2730.4,0
0.085938,0.168,0.1813,1078.8,1
0.066454,0.0914,0.1475,1413.0,1
0.002822,0.3243,0.7062,2951.8,0
0.000505,0.3913,0.6216,2546.8,0
0.001042,0.2025,0.9477,2440.3,0
0.058983,0.1553,0.2144,961.6,1
0.035954,0.1636,0.2119,1297.3,1
0.023604,0.1735,0.0575,1288.3,1
0.032239,0.0392,0.1009,1330.5,1
0.001903,0.3484,0.9567,3051.2,0
0.000206,0.3611,0.9646,2139.0,0
0.001098,0.4416,0.8023,2249.4,0
0.001231,0.2247,0.5301,3581.8,0
0.000916,0.2527,0.7579,2668.6,0
0.042219,0.1676,0.3535,1348.8,1
0.033964,0.0783,0.157,1429.7,1
0.04314,0.1263,0.3826,1075.1,1
0.001016,0.3414,0.5271,2408.0,0
0.022956,0.1146,0.2183,644.7,1
0.062588,0.1883,0.2986,1020.1,1
0.04212,0.0544,0.226,1048.5,1
0.000143,0.4259,0.8586,3342.4,0
0.001124,0.3623,0.8786,2789.5,0
0.001056,0.3843,0.8034,3529.7,0
0.000333,0.3847,0.9039,2954.9,0
0.017855,0.1785,0.169,1368.4,1
0.000249,0.3406,0.8305,2432.7,0
0.000417,0.3856,0.5253,3408.4,0
0.04373,0.1416,0.3129,1011.9,1
0.033667,0.0953,0.1721,1119.7,1
0.03244,0.1027,0.0828,1400.4,1
0.030847,0.1167,0.123,1728.0,1
0.002301,0.3486,0.5636,2738.4,0
0.00037,0.3488,0.7169,2623.2,0
0.005613,0.3594,0.8129,2524.1,0
0.01936,0.1306,0.1225,858.6,1
0.082319,0.1465,0.1523,1516.3,1
0.00064,0.3525,0.9047,3154.5,0
0.025306,0.1224,0.2412,1729.0,1
0.000395,0.4102,0.5497,2872.1,0
0.019744,0.1245,0.2065,1757.6,1
0.000511,0.2806,0.3312,2839.8,0
0.001027,0.4161,0.8634,2892.8,0
0.030819,0.1157,0.4498,946.6,1
0.027995,0.1265,0.0539,1053.0,1
0.126539,0.1049,0.0397,843.0,1
0.000632,0.4204,0.889,2505.1,0
0.000321,0.2672,0.967,2194.6,0
0.000719,0.2679,0.8633,2304.5,0
0.020004,0.2061,0.123,1222.1,1
0.042139,0.1247,0.1629,1657.3,1
0.001658,0.4352,0.8428,3401.2,0
0.000276,0.4581,0.5927,3192.0,0
0.06242,0.1251,0.0758,955.4,1
0.000182,0.2862,0.721,3465.0,0
0.108588,0.0949,0.2252,1673.4,1
0.000389,0.2546,0.8273,2924.4,0
0.05123,0.0846,0.1898,736.6,1
0.083172,0.1783,0.2418,1394.0,1
0.022682,0.139,0.2054,1728.9,1
0.034557,0.1076,0.0921,1127.8,1
0.000234,0.3894,0.6773,3431.0,0
0.020632,0.0728,0.0655,1289.2,1
0.062591,0.1359,0.0303,1414.5,1
0.00037,0.2765,0.8871,3313.5,0
0.000289,0.4351,0.6814,2649.1,0
0.00017,0.3597,0.781,2528.0,0
0.06846,0.1095,0.2865,945.4,1
0.001945,0.3655,0.7892,2837.8,0
0.039688,0.1023,0.1846,1239.2,1
0.000882,0.3573,0.7748,2492.6,0
0.045372,0.1688,0.2023,1801.8,1
0.000998,0.3401,0.7671,2858.3,0
0.002201,0.3081,0.834,3132.8,0
0.032592,0.1328,0.19,1535.3,1
0.103165,0.1088,0.3827,1457.1,1
0.000548,0.3668,0.5416,2882.8,0
0.001211,0.4623,0.9127,2400.4,0
0.003146,0.3178,0.7921,2640.6,0
0.050189,0.1667,0.0551,1011.8,1
0.025016,0.1202,0.1748,1058.2,1
0.048579,0.0712,0.1963,1394.8,1
0.035997,0.1132,0.3697,1449.0,1
0.054611,0.0678,0.2833,1257.6,1
0.000893,0.3646,0.9229,3507.2,0
0.023251,0.0789,0.0987,1063.7,1
0.077917,0.1167,0.3258,1675.2,1
0.002038,0.3421,0.8442,2643.3,0
0.002089,0.3051,0.7645,3120.6,0
0.000732,0.3141,0.8003,2993.2,0
0.001086,0.4332,0.7718,2250.6,0
0.038591,0.1597,0.2207,1136.4,1
0.028992,0.1299,0.0659,566.0,1
0.09971,0.0668,0.0975,1136.0,1
0.028076,0.1247,0.4633,1860.9,1
0.100642,0.1731,0.6159,1819.4,1
0.027459,0.1038,0.2974,1334.3,1
0.00019,0.3747,0.6312,2662.2,0
0.000727,0.4288,0.9023,3377.0,0
0.034406,0.0901,0.2315,987.9,1
0.000189,0.2907,0.7531,2651.3,0
0.000771,0.3393,0.6159,2525.1,0
0.038376,0.1438,0.1936,1117.9,1
0.047788,0.1504,0.4235,981.4,1
0.001168,0.3494,0.9431,2527.6,0
0.046265,0.0796,0.1329,1319.9,1
0.016725,0.1505,0.4616,1162.7,1
0.001132,0.336,0.5555,2625.3,0
0.000463,0.2605,0.8678,2938.5,0
0.045342,0.133,0.419,1076.0,1
0.0006,0.3259,0.8241,3447.1,0
0.000499,0.3879,0.9314,2429.5,0
0.018688,0.1494,0.0871,764.4,1
0.04738,0.1514,0.2528,1140.5,1
0.000805,0.3088,0.5628,2961.6,0
0.000871,0.1628,0.788,2517.8,0
0.00051,0.4745,0.6526,3329.9,0
0.03044,0.1206,0.3494,1368.1,1
0.000914,0.3194,0.7179,2348.6,0
0.024007,0.1244,0.2803,1589.3,1
0.071224,0.1706,0.0733,1577.0,1
0.000311,0.3844,0.9164,3048.3,0
0.050455,0.1215,0.1792,1071.2,1
0.047761,0.0978,0.3962,926.4,1
0.034467,0.0894,0.1382,1213.9,1
0.000378,0.3345,0.6954,3800.0,0
0.021637,0.116,0.3733,1043.7,1
0.048683,0.2063,0.0396,1718.1,1
0.029895,0.073,0.363,1494.8,1
0.001116,0.345,0.6996,2521.5,0
0.035051,0.1256,0.1026,580.6,1
0.000301,0.4125,0.7852,3426.5,0
0.00132,0.3711,0.9654,2958.8,0
0.001322,0.3131,0.7706,2954.1,0
0.05069,0.0705,0.1266,1166.8,1
0.172733,0.1713,0.3565,1086.4,1
0.045397,0.0597,0.1978,1535.2,1
0.042983,0.1242,0.1732,1044.1,1
0.001063,0.4601,0.5475,2111.4,0
0.029309,0.1598,0.1552,879.3,1
0.000262,0.4368,0.8033,3214.0,0
0.006348,0.3941,0.7386,3800.0,0
0.02998,0.1261,0.2109,900.5,1
0.041384,0.1258,0.2882,919.6,1
0.041561,0.1199,0.3384,1387.0,1
0.031703,0.1173,0.1096,1658.1,1
0.000365,0.2701,0.8063,2184.8,0
0.002195,0.2884,0.7911,2928.6,0
0.060324,0.1016,0.3287,1285.8,1
0.001031,0.2627,0.7266,2002.3,0
0.00075,0.3496,0.943,2677.9,0
0.097555,0.1491,0.0991,978.4,1
0.001851,0.2833,0.7771,2133.6,0
0.001168,0.3338,0.6683,2719.3,0
0.025857,0.1742,0.3248,1553.4,1
0.131725,0.1458,0.0499,1413.0,1
0.024154,0.1645,0.1585,1318.7,1
0.043207,0.1331,0.3525,798.2,1
0.000857,0.2984,0.8841,1565.1,0
0.094058,0.1316,0.1165,1382.5,1
0.025192,0.085,0.2873,1306.2,1
0.000215,0.3915,0.7462,2429.4,0
0.005248,0.2897,0.8739,2550.7,0
0.039707,0.158,0.2235,1415.0,1
0.049008,0.1106,0.2829,1778.3,1
0.028548,0.1371,0.1331,821.6,1
0.016466,0.0819,0.0389,1325.2,1
0.099101,0.1845,0.0743,1864.8,1
0.02058,0.1291,0.4739,1481.1,1
0.022025,0.0726,0.0379,1186.9,1
0.000137,0.3178,0.6233,2953.3,0
0.076085,0.1288,0.2446,1112.0,1
0.000754,0.2841,0.8767,3127.5,0
0.014872,0.2302,0.0748,1062.9,1
0.026122,0.1601,0.1426,1247.9,1
0.075858,0.1583,0.2957,1419.9,1
0.017189,0.1076,0.4562,863.5,1
0.020488,0.1238,0.2811,1426.0,1
0.000947,0.3386,0.8615,2128.2,0
0.000327,0.5,0.7302,2876.9,0
0.041904,0.105,0.503,1096.6,1
0.034327,0.1597,0.1725,1493.3,1
0.036642,0.1334,0.1612,1468.3,1
0.002471,0.3291,0.8924,2694.0,0
0.034037,0.1162,0.2533,1430.4,1
0.033639,0.0925,0.2535,1028.8,1
0.021477,0.1363,0.0695,1330.5,1
0.081211,0.0961,0.2714,1197.2,1
0.072321,0.1006,0.1477,1320.5,1
0.017764,0.075,0.1941,986.5,1
0.001486,0.4778,0.8108,3196.9,0
0.047957,0.1182,0.2043,1479.5,1
0.000219,0.247,0.789,2615.7,0
0.033711,0.1317,0.0659,1426.9,1
0.000372,0.3475,0.6773,2835.2,0
0.000986,0.3815,0.3999,2680.2,0
0.025729,0.1283,0.086,825.8,1
0.00096,0.2726,0.887,2387.7,0
0.011748,0.1558,0.1476,1318.2,1
0.05822,0.1463,0.1665,1273.8,1
0.038728,0.1197,0.1867,1705.1,1
0.030023,0.1208,0.205,1420.7,1
0.001294,0.3379,0.8457,2895.8,0
0.044203,0.1238,0.3607,1049.8,1
0.000427,0.3275,0.8184,2549.9,0
0.001697,0.4365,0.6545,2759.8,0
0.021728,0.0686,0.3397,1534.9,1
0.000161,0.466,0.5854,2660.6,0
0.026204,0.1703,0.1942,1666.1,1
0.026359,0.0969,0.3152,997.4,1
0.090143,0.1151,0.1701,1561.8,1
0.017456,0.1274,0.095,858.7,1
0.003316,0.3321,0.8321,3446.4,0
0.091582,0.1002,0.264,737.2,1
0.062439,0.1522,0.3354,824.8,1
0.052604,0.0837,0.2277,1287.2,1
0.00043,0.3325,0.7001,3171.2,0
0.015467,0.1651,0.2335,1042.4,1
0.000419,0.3489,0.8833,2303.6,0
0.000447,0.159,0.8357,2580.6,0
0.018291,0.1064,0.1922,1113.5,1
0.058296,0.1726,0.2185,1564.0,1
0.051084,0.1113,0.2006,964.3,1
0.058415,0.1011,0.0322,1465.1,1
0.058927,0.1511,0.1883,984.0,1
0.000457,0.3596,0.642,2824.0,0
0.00082,0.3431,0.6445,1905.9,0
0.000482,0.3721,0.8575,3099.7,0
0.087679,0.0507,0.2682,1029.3,1
0.001443,0.3141,0.8852,3056.5,0
0.001083,0.365,0.8907,3000.8,0
0.026225,0.1027,0.4239,929.2,1
0.001348,0.3949,0.7672,2235.5,0
0.001788,0.2883,0.8927,3236.3,0
0.016628,0.1394,0.2265,927.8,1
0.005423,0.3829,0.934,3448.6,0
0.000746,0.3518,0.7424,2996.0,0
0.001367,0.2422,0.7595,3451.8,0
0.02458,0.1206,0.1099,1805.7,1
0.007005,0.1023,0.2852,1197.9,1
0.005577,0.3175,0.5024,2841.2,0
0.010771,0.0837,0.1884,838.4,1
0.000648,0.342,0.8757,1797.5,0
0.057128,0.0892,0.4673,1390.6,1
0.000301,0.2963,0.6608,3000.8,0
0.054211,0.1086,0.2855,1436.5,1
0.04838,0.1028,0.122,1358.8,1
0.027486,0.0671,0.1039,1013.0,1
0.001103,0.3006,0.7915,3047.6,0
0.000681,0.3523,0.9304,3136.4,0
0.058333,0.0997,0.2295,1170.3,1
0.000235,0.3775,0.9563,2922.6,0
0.017988,0.1785,0.1781,1072.4,1
0.041255,0.1175,0.1095,1249.8,1
0.042749,0.1379,0.1962,1663.3,1
0.000174,0.2607,0.5104,3165.2,0
0.054783,0.0826,0.1113,1427.7,1
0.048876,0.1821,0.1977,843.2,1
0.016813,0.0738,0.1984,1528.1,1
0.001372,0.3003,0.8732,2302.2,0
0.000789,0.43,0.6014,2739.1,0
0.00227,0.3073,0.931,2658.6,0
0.000299,0.21,0.9133,3407.9,0
0.045505,0.1236,0.4417,1735.1,1
0.050307,0.1771,0.0367,1192.6,1
0.00017,0.4508,0.5221,3330.8,0
0.036312,0.0848,0.2722,1515.6,1
0.000948,0.3337,0.9204,3084.8,0
0.000557,0.5,0.9133,2402.2,0
0.000754,0.2845,0.8851,3212.6,0
0.001037,0.3051,0.8993,2672.0,0
0.046585,0.1732,0.0397,1289.8,1
0.000212,0.2894,0.8001,2667.3,0
0.027602,0.1543,0.105,1728.3,1
0.048059,0.1486,0.0913,1210.9,1
0.021063,0.1201,0.1097,1063.3,1
0.002306,0.3197,0.8644,2609.8,0
0.001897,0.3045,0.8983,2537.6,0
0.000529,0.291,0.6984,2105.2,0
0.001878,0.2695,0.6098,3244.5,0
0.000862,0.3255,0.8784,3434.1,0
0.026439,0.1141,0.2224,662.6,1
0.060119,0.0584,0.1767,1409.8,1
0.037676,0.1178,0.3726,1300.2,1
0.037977,0.1219,0.0493,1633.5,1
0.000478,0.3451,0.9239,2579.4,0
0.000105,0.2969,0.6954,2846.3,0
0.023565,0.1445,0.0749,906.5,1
0.11821,0.1507,0.1941,1150.0,1
0.022182,0.0619,0.2892,1031.1,1
0.080054,0.0956,0.092,1472.0,1
0.000131,0.3168,0.8041,2652.6,0
0.000479,0.305,0.8417,3480.9,0
0.001847,0.339,0.6878,3006.0,0
0.000609,0.4162,0.7327,2876.4,0
0.000636,0.3187,0.94,2782.9,0
0.043783,0.1323,0.1108,1254.9,1
0.023701,0.142,0.1855,1456.9,1
0.023358,0.1567,0.3904,1501.4,1
0.045282,0.2179,0.5235,1241.1,1
0.014454,0.1134,0.0601,1417.9,1
0.000308,0.5,0.7265,2630.4,0
0.000809,0.5,0.7185,3385.3,0
0.058793,0.1594,0.1368,1524.7,1
0.000434,0.4224,0.9288,3169.0,0
0.001034,0.2839,0.7745,2686.6,0
0.000538,0.3763,0.9587,2957.3,0
0.00133,0.3842,0.8763,2174.5,0
0.023859,0.0969,0.0581,1308.0,1
0.003976,0.2604,0.6751,2790.4,0
0.054473,0.1924,0.0892,1366.4,1
0.022431,0.1101,0.2244,986.5,1
0.003188,0.3908,0.7586,3285.4,0
0.000329,0.3672,0.7027,3288.8,0
0.00149,0.3788,0.724,2746.2,0
0.000488,0.2676,0.8672,2655.8,0
0.018635,0.1368,0.0614,967.6,1
0.069495,0.1879,0.033,1247.2,1
0.012679,0.0834,0.103,1430.0,1
0.003289,0.341,0.7489,2280.0,0
0.072659,0.1041,0.1205,1226.1,1
0.066131,0.13,0.3725,1386.2,1
0.073107,0.1013,0.198,1572.2,1
0.019872,0.0593,0.3194,1594.1,1
0.035278,0.1425,0.3545,1387.7,1
0.040946,0.094,0.0452,1793.1,1
0.031092,0.1118,0.4519,934.7,1
0.003546,0.4225,0.8091,2006.6,0
0.063521,0.1191,0.3803,1136.3,1
0.001993,0.4177,0.8114,1542.5,0
0.000186,0.3808,0.9074,2078.2,0
0.050354,0.1103,0.1176,1033.0,1
0.039234,0.2006,0.3092,1421.5,1
0.000932,0.3817,0.8539,3044.4,0
0.000303,0.2524,0.7846,3065.2,0
0.000929,0.3543,0.7847,2052.6,0
0.038772,0.1446,0.1117,1303.1,1
0.086208,0.1348,0.1803,836.2,1
0.083621,0.1242,0.2884,1273.9,1
0.055418,0.0534,0.4536,1248.5,1
0.001531,0.4216,0.6639,3073.0,0
0.075436,0.088,0.0568,1113.1,1
0.000355,0.3012,0.5687,3219.8,0
0.076153,0.1622,0.1328,1069.3,1
0.045677,0.1211,0.4737,1197.5,1
0.056943,0.0977,0.1212,1243.1,1
0.001466,0.292,0.9608,3736.8,0
0.000953,0.4567,0.8406,2384.6,0
0.000907,0.4213,0.8246,3230.6,0
0.068377,0.1434,0.5711,1475.0,1
0.134663,0.1031,0.0603,1276.8,1
0.000974,0.3063,0.9222,2218.9,0
0.047861,0.1429,0.4217,1041.0,1
0.072149,0.1313,0.4234,1249.8,1
0.000532,0.3071,0.4965,2986.8,0
0.030355,0.1229,0.1454,1336.3,1
0.056515,0.2047,0.2986,1425.9,1
0.057538,0.087,0.0701,1553.9,1
0.001129,0.4033,0.7367,2671.0,0
0.000698,0.5,0.8661,2345.9,0
